Event_ID,timestamp,location.long,location.lat,individual.taxon.canonical.name,tag.local.identifier,individual.local.identifier (ID),study.name,country,longitude,latitude,gap_hours,new_segment,segment_id,index_right,highway,distance_to_road_m
1.0,2010-06-15 22:43:00,-58.030128,-23.326947,Panthera onca,0-333005,1,Humid Chaco,Paraguay,-58.030128,-23.326947,,True,1,4314,service,88.23493419299396
2.0,2010-06-16 02:52:00,-58.030643,-23.328427,Panthera onca,0-333005,1,Humid Chaco,Paraguay,-58.030643,-23.328427,4.15,False,1,4314,service,66.56901258227725
3.0,2010-06-16 22:36:00,-58.030472,-23.327311,Panthera onca,0-333005,1,Humid Chaco,Paraguay,-58.030472,-23.327311,19.73333333333333,False,1,4314,service,34.79906695422867
4.0,2010-06-17 16:42:00,-58.027983,-23.309952,Panthera onca,0-333005,1,Humid Chaco,Paraguay,-58.027983,-23.309952,18.1,False,1,4314,service,961.6774547030395
5.0,2010-06-17 20:37:00,-58.027747,-23.310006,Panthera onca,0-333005,1,Humid Chaco,Paraguay,-58.027747,-23.310006,3.9166666666666665,False,1,4314,service,972.4721675767576
6.0,2010-06-18 00:44:00,-58.02206,-23.297174,Panthera onca,0-333005,1,Humid Chaco,Paraguay,-58.02206,-23.297174,4.116666666666666,False,1,4346,unclassified,1611.3645484665192
7.0,2010-06-19 01:37:00,-58.012147,-23.274697,Panthera onca,0-333005,1,Humid Chaco,Paraguay,-58.012147,-23.274697,24.883333333333333,True,2,4346,unclassified,601.9521412753597
8.0,2010-06-19 05:37:00,-58.004401,-23.273292,Panthera onca,0-333005,1,Humid Chaco,Paraguay,-58.004401,-23.273292,4.0,False,2,4346,unclassified,190.46159343261613
9.0,2010-06-19 18:37:00,-57.997148,-23.276092,Panthera onca,0-333005,1,Humid Chaco,Paraguay,-57.997148,-23.276092,13.0,False,2,4334,track,804.4062859674423
10.0,2010-06-19 22:58:00,-57.993844,-23.273517,Panthera onca,0-333005,1,Humid Chaco,Paraguay,-57.993844,-23.273517,4.35,False,2,4334,track,460.4695606658017
11.0,2010-06-20 02:47:00,-57.990496,-23.269268,Panthera onca,0-333005,1,Humid Chaco,Paraguay,-57.990496,-23.269268,3.816666666666667,False,2,4334,track,66.3025581016252
12.0,2010-06-20 07:47:00,-57.991054,-23.282669,Panthera onca,0-333005,1,Humid Chaco,Paraguay,-57.991054,-23.282669,5.0,False,2,4334,track,1401.3939465074434
13.0,2010-06-20 22:43:00,-57.981784,-23.274719,Panthera onca,0-333005,1,Humid Chaco,Paraguay,-57.981784,-23.274719,14.933333333333334,False,2,4334,track,357.28814749134824
14.0,2010-06-21 08:47:00,-58.014636,-23.264548,Panthera onca,0-333005,1,Humid Chaco,Paraguay,-58.014636,-23.264548,10.066666666666666,False,2,4334,track,357.2333525403103
15.0,2010-06-21 23:01:00,-58.046887,-23.264655,Panthera onca,0-333005,1,Humid Chaco,Paraguay,-58.046887,-23.264655,14.233333333333333,False,2,4334,track,1765.6517148583425
16.0,2010-06-22 21:46:00,-58.044312,-23.277648,Panthera onca,0-333005,1,Humid Chaco,Paraguay,-58.044312,-23.277648,22.75,False,2,4334,track,365.5343498975899
17.0,2010-06-23 11:55:00,-58.03751,-23.290286,Panthera onca,0-333005,1,Humid Chaco,Paraguay,-58.03751,-23.290286,14.15,False,2,4335,track,1092.5358749751783
18.0,2010-06-23 15:48:00,-58.037639,-23.290694,Panthera onca,0-333005,1,Humid Chaco,Paraguay,-58.037639,-23.290694,3.883333333333333,False,2,4335,track,1137.8957162148588
19.0,2010-06-24 01:00:00,-58.037531,-23.290651,Panthera onca,0-333005,1,Humid Chaco,Paraguay,-58.037531,-23.290651,9.2,False,2,4335,track,1132.9752549591146
20.0,2010-06-24 22:39:00,-58.036158,-23.294009,Panthera onca,0-333005,1,Humid Chaco,Paraguay,-58.036158,-23.294009,21.65,False,2,4335,track,1502.6974653905586
21.0,2010-06-25 11:41:00,-58.025687,-23.29079,Panthera onca,0-333005,1,Humid Chaco,Paraguay,-58.025687,-23.29079,13.033333333333331,False,2,4335,track,1139.553069679065
22.0,2010-06-25 20:49:00,-58.020644,-23.295693,Panthera onca,0-333005,1,Humid Chaco,Paraguay,-58.020644,-23.295693,9.133333333333333,False,2,4346,unclassified,1466.8827475033982
23.0,2010-06-26 00:41:00,-58.037725,-23.290501,Panthera onca,0-333005,1,Humid Chaco,Paraguay,-58.037725,-23.290501,3.8666666666666663,False,2,4335,track,1116.6565958396764
24.0,2010-06-26 04:47:00,-58.04723,-23.264709,Panthera onca,0-333005,1,Humid Chaco,Paraguay,-58.04723,-23.264709,4.1,False,2,4334,track,1776.3503225223212
25.0,2010-06-26 20:50:00,-58.046157,-23.254806,Panthera onca,0-333005,1,Humid Chaco,Paraguay,-58.046157,-23.254806,16.05,False,2,4315,unclassified,2331.3712171663396
26.0,2010-06-27 05:52:00,-58.034463,-23.317119,Panthera onca,0-333005,1,Humid Chaco,Paraguay,-58.034463,-23.317119,9.033333333333331,False,2,4314,service,62.03154797129073
27.0,2010-06-27 09:42:00,-58.032103,-23.317312,Panthera onca,0-333005,1,Humid Chaco,Paraguay,-58.032103,-23.317312,3.8333333333333335,False,2,4314,service,138.39321616298741
28.0,2010-06-27 13:49:00,-58.031802,-23.317022,Panthera onca,0-333005,1,Humid Chaco,Paraguay,-58.031802,-23.317022,4.116666666666666,False,2,4314,service,174.89763979188402
29.0,2010-06-27 23:50:00,-58.042059,-23.320359,Panthera onca,0-333005,1,Humid Chaco,Paraguay,-58.042059,-23.320359,10.016666666666667,False,2,4314,service,487.59259156613075
30.0,2010-06-28 08:43:00,-58.108835,-23.340122,Panthera onca,0-333005,1,Humid Chaco,Paraguay,-58.108835,-23.340122,8.883333333333333,False,2,4261,service,1250.3197369034983
31.0,2010-06-28 16:43:00,-58.108921,-23.340143,Panthera onca,0-333005,1,Humid Chaco,Paraguay,-58.108921,-23.340143,8.0,False,2,4261,service,1248.1968265726118
32.0,2010-06-28 20:51:00,-58.109221,-23.340143,Panthera onca,0-333005,1,Humid Chaco,Paraguay,-58.109221,-23.340143,4.133333333333334,False,2,4261,service,1233.6505227314565
33.0,2010-06-29 00:56:00,-58.119993,-23.31817,Panthera onca,0-333005,1,Humid Chaco,Paraguay,-58.119993,-23.31817,4.083333333333333,False,2,4336,track,517.2463653820743
34.0,2010-06-29 05:04:00,-58.088708,-23.282626,Panthera onca,0-333005,1,Humid Chaco,Paraguay,-58.088708,-23.282626,4.133333333333334,False,2,4337,track,4.489211582990224
35.0,2010-06-29 09:58:00,-58.037789,-23.290533,Panthera onca,0-333005,1,Humid Chaco,Paraguay,-58.037789,-23.290533,4.9,False,2,4335,track,1120.2940817270546
36.0,2010-06-30 14:49:00,-58.007469,-23.296316,Panthera onca,0-333005,1,Humid Chaco,Paraguay,-58.007469,-23.296316,28.85,True,3,4346,unclassified,119.33791309651944
37.0,2010-06-30 18:52:00,-58.006804,-23.296005,Panthera onca,0-333005,1,Humid Chaco,Paraguay,-58.006804,-23.296005,4.05,False,3,4346,unclassified,51.394926990701094
38.0,2010-07-01 08:57:00,-58.002727,-23.295372,Panthera onca,0-333005,1,Humid Chaco,Paraguay,-58.002727,-23.295372,14.083333333333334,False,3,4346,unclassified,365.4262141834085
39.0,2010-07-01 12:51:00,-58.008113,-23.296434,Panthera onca,0-333005,1,Humid Chaco,Paraguay,-58.008113,-23.296434,3.9,False,3,4346,unclassified,185.17430336092684
40.0,2010-07-01 20:43:00,-58.006332,-23.295586,Panthera onca,0-333005,1,Humid Chaco,Paraguay,-58.006332,-23.295586,7.866666666666666,False,3,4346,unclassified,3.21276880367962
41.0,2010-07-02 00:49:00,-58.002598,-23.294621,Panthera onca,0-333005,1,Humid Chaco,Paraguay,-58.002598,-23.294621,4.1,False,3,4346,unclassified,378.4613009599453
42.0,2010-07-02 09:53:00,-58.002641,-23.295339,Panthera onca,0-333005,1,Humid Chaco,Paraguay,-58.002641,-23.295339,9.066666666666666,False,3,4346,unclassified,374.21452443737604
43.0,2010-07-02 14:58:00,-58.002813,-23.295286,Panthera onca,0-333005,1,Humid Chaco,Paraguay,-58.002813,-23.295286,5.083333333333333,False,3,4346,unclassified,356.6128861175585
44.0,2010-07-02 18:52:00,-58.003778,-23.295071,Panthera onca,0-333005,1,Humid Chaco,Paraguay,-58.003778,-23.295071,3.9,False,3,4346,unclassified,257.87661425856913
45.0,2010-07-03 08:52:00,-57.999144,-23.290479,Panthera onca,0-333005,1,Humid Chaco,Paraguay,-57.999144,-23.290479,14.0,False,3,4346,unclassified,730.8457449485137
46.0,2010-07-03 21:46:00,-57.980218,-23.290951,Panthera onca,0-333005,1,Humid Chaco,Paraguay,-57.980218,-23.290951,12.9,False,3,4313,track,1881.3029422026173
47.0,2010-07-04 15:53:00,-57.980325,-23.293065,Panthera onca,0-333005,1,Humid Chaco,Paraguay,-57.980325,-23.293065,18.116666666666667,False,3,4313,track,1681.0928441795788
48.0,2010-07-04 20:52:00,-57.976871,-23.294964,Panthera onca,0-333005,1,Humid Chaco,Paraguay,-57.976871,-23.294964,4.983333333333333,False,3,4313,track,1334.7486553360081
49.0,2010-07-05 12:04:00,-57.974553,-23.30388,Panthera onca,0-333005,1,Humid Chaco,Paraguay,-57.974553,-23.30388,15.2,False,3,4313,track,364.69268189112336
50.0,2010-07-06 13:00:00,-57.975583,-23.303504,Panthera onca,0-333005,1,Humid Chaco,Paraguay,-57.975583,-23.303504,24.933333333333334,True,4,4313,track,471.9078709893319
51.0,2010-07-06 16:54:00,-57.975369,-23.303332,Panthera onca,0-333005,1,Humid Chaco,Paraguay,-57.975369,-23.303332,3.9,False,4,4313,track,467.26025921424434
52.0,2010-07-07 18:02:00,-57.973652,-23.303472,Panthera onca,0-333005,1,Humid Chaco,Paraguay,-57.973652,-23.303472,25.133333333333333,True,5,4313,track,341.9273205832782
53.0,2010-07-08 22:47:00,-57.969875,-23.304995,Panthera onca,0-333005,1,Humid Chaco,Paraguay,-57.969875,-23.304995,28.75,True,6,4313,track,246.09458854690675
54.0,2010-07-09 03:48:00,-57.967193,-23.300532,Panthera onca,0-333005,1,Humid Chaco,Paraguay,-57.967193,-23.300532,5.016666666666667,False,6,4313,track,787.5959732426958
55.0,2010-07-09 07:55:00,-57.967021,-23.300339,Panthera onca,0-333005,1,Humid Chaco,Paraguay,-57.967021,-23.300339,4.116666666666666,False,6,4313,track,815.2654637360873
56.0,2010-07-09 21:49:00,-57.97672,-23.287861,Panthera onca,0-333005,1,Humid Chaco,Paraguay,-57.97672,-23.287861,13.9,False,6,4310,service,1625.6040792896313
57.0,2010-07-10 02:04:00,-57.965541,-23.280019,Panthera onca,0-333005,1,Humid Chaco,Paraguay,-57.965541,-23.280019,4.25,False,6,4310,service,354.5610313284785
58.0,2010-07-10 09:49:00,-57.965713,-23.280115,Panthera onca,0-333005,1,Humid Chaco,Paraguay,-57.965713,-23.280115,7.75,False,6,4310,service,369.8065670478522
59.0,2010-07-10 13:50:00,-57.967086,-23.286477,Panthera onca,0-333005,1,Humid Chaco,Paraguay,-57.967086,-23.286477,4.016666666666667,False,6,4310,service,697.6719217575612
60.0,2010-07-10 18:49:00,-57.961056,-23.287261,Panthera onca,0-333005,1,Humid Chaco,Paraguay,-57.961056,-23.287261,4.983333333333333,False,6,4310,service,285.2273742960633
61.0,2010-07-10 22:49:00,-57.959447,-23.285372,Panthera onca,0-333005,1,Humid Chaco,Paraguay,-57.959447,-23.285372,4.0,False,6,4310,service,61.61227230484016
62.0,2010-07-11 22:00:00,-57.961957,-23.287604,Panthera onca,0-333005,1,Humid Chaco,Paraguay,-57.961957,-23.287604,23.183333333333334,False,6,4310,service,377.7352591232924
63.0,2010-07-12 07:56:00,-57.960241,-23.288891,Panthera onca,0-333005,1,Humid Chaco,Paraguay,-57.960241,-23.288891,9.933333333333334,False,6,4310,service,225.09420442124483
64.0,2010-07-13 00:56:00,-57.93668,-23.288172,Panthera onca,0-333005,1,Humid Chaco,Paraguay,-57.93668,-23.288172,17.0,False,6,4312,track,1464.705397261205
65.0,2010-07-13 18:51:00,-57.927024,-23.283302,Panthera onca,0-333005,1,Humid Chaco,Paraguay,-57.927024,-23.283302,17.916666666666668,False,6,4312,track,2151.100510965756
66.0,2010-07-13 22:56:00,-57.920823,-23.282272,Panthera onca,0-333005,1,Humid Chaco,Paraguay,-57.920823,-23.282272,4.083333333333333,False,6,4312,track,2762.9273786411522
67.0,2010-07-14 06:58:00,-57.938354,-23.293633,Panthera onca,0-333005,1,Humid Chaco,Paraguay,-57.938354,-23.293633,8.033333333333333,False,6,4310,service,1628.867909990148
68.0,2010-07-14 12:00:00,-57.948675,-23.300908,Panthera onca,0-333005,1,Humid Chaco,Paraguay,-57.948675,-23.300908,5.033333333333333,False,6,4310,service,306.27658866767126
69.0,2010-07-14 15:52:00,-57.954254,-23.306991,Panthera onca,0-333005,1,Humid Chaco,Paraguay,-57.954254,-23.306991,3.8666666666666663,False,6,4310,service,231.43758657882643
70.0,2010-07-14 20:01:00,-57.959576,-23.312988,Panthera onca,0-333005,1,Humid Chaco,Paraguay,-57.959576,-23.312988,4.15,False,6,4313,track,109.26308406973659
71.0,2010-07-15 14:59:00,-57.980347,-23.290361,Panthera onca,0-333005,1,Humid Chaco,Paraguay,-57.980347,-23.290361,18.966666666666665,False,6,4313,track,1945.6631417317822
72.0,2010-07-15 18:51:00,-57.979639,-23.29181,Panthera onca,0-333005,1,Humid Chaco,Paraguay,-57.979639,-23.29181,3.8666666666666663,False,6,4313,track,1769.756709744212
73.0,2010-07-15 23:01:00,-57.979853,-23.29314,Panthera onca,0-333005,1,Humid Chaco,Paraguay,-57.979853,-23.29314,4.166666666666667,False,6,4313,track,1649.7686293037953
74.0,2010-07-16 03:16:00,-57.97966,-23.291713,Panthera onca,0-333005,1,Humid Chaco,Paraguay,-57.97966,-23.291713,4.25,False,6,4313,track,1780.3340658787738
75.0,2010-07-16 06:58:00,-57.979682,-23.29181,Panthera onca,0-333005,1,Humid Chaco,Paraguay,-57.979682,-23.29181,3.7,False,6,4313,track,1771.7157321229354
76.0,2010-07-16 10:57:00,-57.979724,-23.291852,Panthera onca,0-333005,1,Humid Chaco,Paraguay,-57.979724,-23.291852,3.983333333333333,False,6,4313,track,1769.4824049044862
77.0,2010-07-16 14:59:00,-57.979746,-23.292185,Panthera onca,0-333005,1,Humid Chaco,Paraguay,-57.979746,-23.292185,4.033333333333333,False,6,4313,track,1737.6577450351658
78.0,2010-07-16 19:07:00,-57.989466,-23.283956,Panthera onca,0-333005,1,Humid Chaco,Paraguay,-57.989466,-23.283956,4.133333333333334,False,6,4334,track,1510.4952336834713
79.0,2010-07-18 07:00:00,-58.004894,-23.283495,Panthera onca,0-333005,1,Humid Chaco,Paraguay,-58.004894,-23.283495,35.88333333333333,True,7,4346,unclassified,141.29236763658938
80.0,2010-07-18 11:02:00,-58.004916,-23.283066,Panthera onca,0-333005,1,Humid Chaco,Paraguay,-58.004916,-23.283066,4.033333333333333,False,7,4346,unclassified,138.9514865972768
81.0,2010-07-18 14:54:00,-58.005238,-23.283538,Panthera onca,0-333005,1,Humid Chaco,Paraguay,-58.005238,-23.283538,3.8666666666666663,False,7,4346,unclassified,106.11735061803896
82.0,2010-07-19 00:10:00,-58.004787,-23.283495,Panthera onca,0-333005,1,Humid Chaco,Paraguay,-58.004787,-23.283495,9.266666666666667,False,7,4346,unclassified,152.23626557840308
83.0,2010-07-19 19:18:00,-58.00483,-23.283441,Panthera onca,0-333005,1,Humid Chaco,Paraguay,-58.00483,-23.283441,19.133333333333333,False,7,4346,unclassified,147.82683275311663
84.0,2010-07-20 16:54:00,-58.00483,-23.283398,Panthera onca,0-333005,1,Humid Chaco,Paraguay,-58.00483,-23.283398,21.6,False,7,4346,unclassified,147.81774086608735
85.0,2010-07-20 22:12:00,-58.004615,-23.283334,Panthera onca,0-333005,1,Humid Chaco,Paraguay,-58.004615,-23.283334,5.3,False,7,4346,unclassified,169.7943099736777
86.0,2010-07-21 10:56:00,-58.004851,-23.283548,Panthera onca,0-333005,1,Humid Chaco,Paraguay,-58.004851,-23.283548,12.733333333333333,False,7,4346,unclassified,145.70159003063466
87.0,2010-07-21 15:13:00,-58.004959,-23.283495,Panthera onca,0-333005,1,Humid Chaco,Paraguay,-58.004959,-23.283495,4.283333333333333,False,7,4346,unclassified,134.6442051958241
88.0,2010-07-22 00:01:00,-58.006225,-23.296723,Panthera onca,0-333005,1,Humid Chaco,Paraguay,-58.006225,-23.296723,8.8,False,7,4346,unclassified,7.972214348953081
89.0,2010-07-22 10:03:00,-58.006611,-23.294985,Panthera onca,0-333005,1,Humid Chaco,Paraguay,-58.006611,-23.294985,10.033333333333331,False,7,4346,unclassified,31.87427568036041
90.0,2010-07-22 20:03:00,-58.024077,-23.294846,Panthera onca,0-333005,1,Humid Chaco,Paraguay,-58.024077,-23.294846,10.0,False,7,4335,track,1607.5090805689201
91.0,2010-07-23 00:15:00,-58.005109,-23.287239,Panthera onca,0-333005,1,Humid Chaco,Paraguay,-58.005109,-23.287239,4.2,False,7,4346,unclassified,120.0949453504451
92.0,2010-07-23 15:11:00,-57.961936,-23.285984,Panthera onca,0-333005,1,Humid Chaco,Paraguay,-57.961936,-23.285984,14.933333333333334,False,7,4310,service,246.29263415585595
93.0,2010-07-23 19:05:00,-57.961464,-23.28652,Panthera onca,0-333005,1,Humid Chaco,Paraguay,-57.961464,-23.28652,3.9,False,7,4310,service,259.841109423624
94.0,2010-07-24 16:57:00,-57.917283,-23.260621,Panthera onca,0-333005,1,Humid Chaco,Paraguay,-57.917283,-23.260621,21.866666666666667,False,7,4311,service,2785.671315119406
95.0,2010-07-25 21:19:00,-57.998071,-23.252971,Panthera onca,0-333005,1,Humid Chaco,Paraguay,-57.998071,-23.252971,28.366666666666667,True,8,4346,unclassified,1060.1699667550454
96.0,2010-07-26 02:18:00,-57.997427,-23.254055,Panthera onca,0-333005,1,Humid Chaco,Paraguay,-57.997427,-23.254055,4.983333333333333,False,8,4346,unclassified,1048.5104429515209
97.0,2010-07-26 05:57:00,-57.997599,-23.254344,Panthera onca,0-333005,1,Humid Chaco,Paraguay,-57.997599,-23.254344,3.65,False,8,4346,unclassified,1017.4728577053307
98.0,2010-07-26 16:07:00,-57.996418,-23.254774,Panthera onca,0-333005,1,Humid Chaco,Paraguay,-57.996418,-23.254774,10.166666666666666,False,8,4346,unclassified,1104.8371808966801
99.0,2010-07-27 15:11:00,-58.001568,-23.254119,Panthera onca,0-333005,1,Humid Chaco,Paraguay,-58.001568,-23.254119,23.066666666666663,False,8,4346,unclassified,708.2231922416305
100.0,2010-07-27 19:05:00,-58.00204,-23.253551,Panthera onca,0-333005,1,Humid Chaco,Paraguay,-58.00204,-23.253551,3.9,False,8,4346,unclassified,725.2089204226424
101.0,2010-07-29 02:08:00,-57.991655,-23.281285,Panthera onca,0-333005,1,Humid Chaco,Paraguay,-57.991655,-23.281285,31.05,True,9,4334,track,1262.5712138565639
102.0,2010-07-29 06:59:00,-57.997298,-23.284653,Panthera onca,0-333005,1,Humid Chaco,Paraguay,-57.997298,-23.284653,4.85,False,9,4346,unclassified,918.4443319342759
103.0,2010-07-29 12:00:00,-57.999079,-23.289846,Panthera onca,0-333005,1,Humid Chaco,Paraguay,-57.999079,-23.289846,5.016666666666667,False,9,4346,unclassified,737.3623592851543
104.0,2010-07-29 21:15:00,-57.995303,-23.287282,Panthera onca,0-333005,1,Humid Chaco,Paraguay,-57.995303,-23.287282,9.25,False,9,4346,unclassified,1123.0265242858454
105.0,2010-07-30 01:19:00,-57.990046,-23.286649,Panthera onca,0-333005,1,Humid Chaco,Paraguay,-57.990046,-23.286649,4.066666666666666,False,9,4346,unclassified,1660.5658587209064
106.0,2010-07-30 10:08:00,-57.989767,-23.285694,Panthera onca,0-333005,1,Humid Chaco,Paraguay,-57.989767,-23.285694,8.816666666666666,False,9,4346,unclassified,1688.9100264649921
107.0,2010-07-30 14:14:00,-57.989981,-23.286799,Panthera onca,0-333005,1,Humid Chaco,Paraguay,-57.989981,-23.286799,4.1,False,9,4346,unclassified,1667.2438694288846
108.0,2010-07-30 18:09:00,-57.989938,-23.286949,Panthera onca,0-333005,1,Humid Chaco,Paraguay,-57.989938,-23.286949,3.9166666666666665,False,9,4346,unclassified,1671.6717848686108
109.0,2010-07-30 21:59:00,-57.98996,-23.286778,Panthera onca,0-333005,1,Humid Chaco,Paraguay,-57.98996,-23.286778,3.8333333333333335,False,9,4346,unclassified,1669.3874726116949
110.0,2010-07-31 02:01:00,-57.98996,-23.286756,Panthera onca,0-333005,1,Humid Chaco,Paraguay,-57.98996,-23.286756,4.033333333333333,False,9,4346,unclassified,1669.3830686510912
111.0,2010-07-31 06:01:00,-57.989187,-23.286746,Panthera onca,0-333005,1,Humid Chaco,Paraguay,-57.989187,-23.286746,4.0,False,9,4346,unclassified,1748.440842569115
112.0,2010-07-31 19:00:00,-57.988801,-23.287078,Panthera onca,0-333005,1,Humid Chaco,Paraguay,-57.988801,-23.287078,12.983333333333333,False,9,4346,unclassified,1787.9857537802159
113.0,2010-07-31 23:01:00,-58.006225,-23.277358,Panthera onca,0-333005,1,Humid Chaco,Paraguay,-58.006225,-23.277358,4.016666666666667,False,9,4346,unclassified,3.854864506394136
114.0,2010-08-01 03:01:00,-58.006504,-23.278452,Panthera onca,0-333005,1,Humid Chaco,Paraguay,-58.006504,-23.278452,4.0,False,9,4346,unclassified,24.449886986880223
115.0,2010-08-01 07:02:00,-58.006418,-23.278388,Panthera onca,0-333005,1,Humid Chaco,Paraguay,-58.006418,-23.278388,4.016666666666667,False,9,4346,unclassified,15.6671217780329
116.0,2010-08-01 22:09:00,-58.007963,-23.293376,Panthera onca,0-333005,1,Humid Chaco,Paraguay,-58.007963,-23.293376,15.116666666666667,False,9,4346,unclassified,170.4888610925797
117.0,2010-08-02 02:08:00,-58.00056,-23.283656,Panthera onca,0-333005,1,Humid Chaco,Paraguay,-58.00056,-23.283656,3.983333333333333,False,9,4346,unclassified,584.6046604586259
118.0,2010-08-02 06:27:00,-58.00056,-23.283613,Panthera onca,0-333005,1,Humid Chaco,Paraguay,-58.00056,-23.283613,4.316666666666666,False,9,4346,unclassified,584.5957085793862
119.0,2010-08-02 11:07:00,-57.997684,-23.286628,Panthera onca,0-333005,1,Humid Chaco,Paraguay,-57.997684,-23.286628,4.666666666666667,False,9,4346,unclassified,879.3718330013163
120.0,2010-08-02 16:10:00,-57.999187,-23.290222,Panthera onca,0-333005,1,Humid Chaco,Paraguay,-57.999187,-23.290222,5.05,False,9,4346,unclassified,726.3946785781424
121.0,2010-08-02 20:02:00,-57.999251,-23.290104,Panthera onca,0-333005,1,Humid Chaco,Paraguay,-57.999251,-23.290104,3.8666666666666663,False,9,4346,unclassified,719.8246622873997
122.0,2010-08-03 05:10:00,-58.007426,-23.29667,Panthera onca,0-333005,1,Humid Chaco,Paraguay,-58.007426,-23.29667,9.133333333333333,False,9,4346,unclassified,114.86462032150003
123.0,2010-08-03 14:10:00,-58.014293,-23.293902,Panthera onca,0-333005,1,Humid Chaco,Paraguay,-58.014293,-23.293902,9.0,False,9,4346,unclassified,817.7556054514107
124.0,2010-08-03 18:02:00,-58.02146,-23.299824,Panthera onca,0-333005,1,Humid Chaco,Paraguay,-58.02146,-23.299824,3.8666666666666663,False,9,4346,unclassified,1549.4076585670055
125.0,2010-08-04 03:16:00,-58.033433,-23.309501,Panthera onca,0-333005,1,Humid Chaco,Paraguay,-58.033433,-23.309501,9.233333333333333,False,9,4314,service,787.0610416385362
126.0,2010-08-04 07:12:00,-58.033304,-23.309437,Panthera onca,0-333005,1,Humid Chaco,Paraguay,-58.033304,-23.309437,3.933333333333333,False,9,4314,service,796.269961493359
127.0,2010-08-04 12:04:00,-58.031158,-23.314973,Panthera onca,0-333005,1,Humid Chaco,Paraguay,-58.031158,-23.314973,4.866666666666666,False,9,4314,service,330.02538355309855
128.0,2010-08-05 01:19:00,-58.012941,-23.295608,Panthera onca,0-333005,1,Humid Chaco,Paraguay,-58.012941,-23.295608,13.25,False,9,4346,unclassified,679.1123868190239
129.0,2010-08-05 06:10:00,-58.012898,-23.295575,Panthera onca,0-333005,1,Humid Chaco,Paraguay,-58.012898,-23.295575,4.85,False,9,4346,unclassified,674.7219546011617
130.0,2010-08-05 19:03:00,-58.002191,-23.296444,Panthera onca,0-333005,1,Humid Chaco,Paraguay,-58.002191,-23.296444,12.883333333333333,False,9,4346,unclassified,420.46800296058274
131.0,2010-08-06 00:05:00,-58.000023,-23.298408,Panthera onca,0-333005,1,Humid Chaco,Paraguay,-58.000023,-23.298408,5.033333333333333,False,9,4346,unclassified,642.5970313195195
132.0,2010-08-06 04:05:00,-58.000045,-23.298429,Panthera onca,0-333005,1,Humid Chaco,Paraguay,-58.000045,-23.298429,4.0,False,9,4346,unclassified,640.3515107138023
133.0,2010-08-06 08:04:00,-58.000066,-23.298279,Panthera onca,0-333005,1,Humid Chaco,Paraguay,-58.000066,-23.298279,3.983333333333333,False,9,4346,unclassified,638.1726457956424
134.0,2010-08-06 17:12:00,-58.002019,-23.294792,Panthera onca,0-333005,1,Humid Chaco,Paraguay,-58.002019,-23.294792,9.133333333333333,False,9,4346,unclassified,437.71197364508856
135.0,2010-08-06 21:27:00,-58.000517,-23.293537,Panthera onca,0-333005,1,Humid Chaco,Paraguay,-58.000517,-23.293537,4.25,False,9,4346,unclassified,591.0609205401406
136.0,2010-08-07 16:13:00,-57.979875,-23.299448,Panthera onca,0-333005,1,Humid Chaco,Paraguay,-57.979875,-23.299448,18.766666666666666,False,9,4313,track,1097.457075591999
137.0,2010-08-08 00:04:00,-57.969468,-23.302056,Panthera onca,0-333005,1,Humid Chaco,Paraguay,-57.969468,-23.302056,7.85,False,9,4313,track,517.2864125402259
138.0,2010-08-08 04:05:00,-57.98408,-23.308192,Panthera onca,0-333005,1,Humid Chaco,Paraguay,-57.98408,-23.308192,4.016666666666667,False,9,4313,track,1261.5877734226435
139.0,2010-08-08 22:29:00,-57.975733,-23.306733,Panthera onca,0-333005,1,Humid Chaco,Paraguay,-57.975733,-23.306733,18.4,False,9,4313,track,392.9016822713284
140.0,2010-08-09 02:05:00,-57.970476,-23.298429,Panthera onca,0-333005,1,Humid Chaco,Paraguay,-57.970476,-23.298429,3.6,False,9,4313,track,865.6510392621959
141.0,2010-08-09 06:28:00,-57.970283,-23.298215,Panthera onca,0-333005,1,Humid Chaco,Paraguay,-57.970283,-23.298215,4.383333333333334,False,9,4313,track,892.545399267967
142.0,2010-08-09 10:05:00,-57.971163,-23.295887,Panthera onca,0-333005,1,Humid Chaco,Paraguay,-57.971163,-23.295887,3.6166666666666663,False,9,4313,track,1136.75470005287
143.0,2010-08-09 18:22:00,-57.972965,-23.298301,Panthera onca,0-333005,1,Humid Chaco,Paraguay,-57.972965,-23.298301,8.283333333333333,False,9,4313,track,872.8825085530558
144.0,2010-08-09 22:10:00,-57.972171,-23.297625,Panthera onca,0-333005,1,Humid Chaco,Paraguay,-57.972171,-23.297625,3.8,False,9,4313,track,941.7756854507955
145.0,2010-08-10 02:16:00,-57.972944,-23.298343,Panthera onca,0-333005,1,Humid Chaco,Paraguay,-57.972944,-23.298343,4.1,False,9,4313,track,868.0108670072282
146.0,2010-08-10 11:13:00,-57.976527,-23.296069,Panthera onca,0-333005,1,Humid Chaco,Paraguay,-57.976527,-23.296069,8.95,False,9,4313,track,1208.2498911500034
147.0,2010-08-10 20:07:00,-57.97554,-23.297335,Panthera onca,0-333005,1,Humid Chaco,Paraguay,-57.97554,-23.297335,8.9,False,9,4313,track,1040.633508147989
148.0,2010-08-11 00:13:00,-57.976098,-23.297271,Panthera onca,0-333005,1,Humid Chaco,Paraguay,-57.976098,-23.297271,4.1,False,9,4313,track,1068.6240556404173
149.0,2010-08-11 04:20:00,-57.976248,-23.297271,Panthera onca,0-333005,1,Humid Chaco,Paraguay,-57.976248,-23.297271,4.116666666666666,False,9,4313,track,1074.8098454763945
150.0,2010-08-11 08:13:00,-57.973287,-23.298075,Panthera onca,0-333005,1,Humid Chaco,Paraguay,-57.973287,-23.298075,3.883333333333333,False,9,4313,track,902.1427724706347
151.0,2010-08-12 01:22:00,-57.976935,-23.294213,Panthera onca,0-333005,1,Humid Chaco,Paraguay,-57.976935,-23.294213,17.15,False,9,4313,track,1414.4492985096495
152.0,2010-08-12 09:22:00,-57.976978,-23.294363,Panthera onca,0-333005,1,Humid Chaco,Paraguay,-57.976978,-23.294363,8.0,False,9,4313,track,1400.5814088807363
153.0,2010-08-12 17:07:00,-57.984746,-23.289707,Panthera onca,0-333005,1,Humid Chaco,Paraguay,-57.984746,-23.289707,7.75,False,9,4334,track,2044.0600616833117
154.0,2010-08-12 22:07:00,-57.98569,-23.287261,Panthera onca,0-333005,1,Humid Chaco,Paraguay,-57.98569,-23.287261,5.0,False,9,4334,track,1796.4837556212312
155.0,2010-08-13 03:21:00,-57.988136,-23.28637,Panthera onca,0-333005,1,Humid Chaco,Paraguay,-57.988136,-23.28637,5.233333333333333,False,9,4334,track,1747.097268344378
156.0,2010-08-13 13:15:00,-57.988007,-23.286209,Panthera onca,0-333005,1,Humid Chaco,Paraguay,-57.988007,-23.286209,9.9,False,9,4334,track,1727.0919333389838
157.0,2010-08-13 17:08:00,-58.000903,-23.293097,Panthera onca,0-333005,1,Humid Chaco,Paraguay,-58.000903,-23.293097,3.883333333333333,False,9,4346,unclassified,551.4922187773619
158.0,2010-08-14 02:08:00,-58.024056,-23.295071,Panthera onca,0-333005,1,Humid Chaco,Paraguay,-58.024056,-23.295071,9.0,False,9,4335,track,1632.4126402671611
159.0,2010-08-14 06:09:00,-58.023798,-23.29491,Panthera onca,0-333005,1,Humid Chaco,Paraguay,-58.023798,-23.29491,4.016666666666667,False,9,4335,track,1619.7155663062847
160.0,2010-08-14 10:23:00,-58.023992,-23.294964,Panthera onca,0-333005,1,Humid Chaco,Paraguay,-58.023992,-23.294964,4.233333333333333,False,9,4335,track,1621.908926028839
161.0,2010-08-14 23:18:00,-58.048754,-23.317956,Panthera onca,0-333005,1,Humid Chaco,Paraguay,-58.048754,-23.317956,12.916666666666666,False,9,4314,service,464.77974855921747
162.0,2010-08-15 03:18:00,-58.057101,-23.317752,Panthera onca,0-333005,1,Humid Chaco,Paraguay,-58.057101,-23.317752,4.0,False,9,4261,service,242.89507149703982
163.0,2010-08-15 11:19:00,-58.061929,-23.338459,Panthera onca,0-333005,1,Humid Chaco,Paraguay,-58.061929,-23.338459,8.016666666666667,False,9,4261,service,1727.1512426361678
164.0,2010-08-15 16:09:00,-58.062165,-23.3401,Panthera onca,0-333005,1,Humid Chaco,Paraguay,-58.062165,-23.3401,4.833333333333333,False,9,4261,service,1886.9771608380602
165.0,2010-08-15 20:16:00,-58.046629,-23.335197,Panthera onca,0-333005,1,Humid Chaco,Paraguay,-58.046629,-23.335197,4.116666666666666,False,9,4314,service,1816.9005408240173
166.0,2010-08-16 05:09:00,-58.047316,-23.333652,Panthera onca,0-333005,1,Humid Chaco,Paraguay,-58.047316,-23.333652,8.883333333333333,False,9,4314,service,1803.7143562298247
167.0,2010-08-16 09:19:00,-58.047616,-23.333201,Panthera onca,0-333005,1,Humid Chaco,Paraguay,-58.047616,-23.333201,4.166666666666667,False,9,4314,service,1812.8736751479323
168.0,2010-08-16 22:09:00,-58.047531,-23.333234,Panthera onca,0-333005,1,Humid Chaco,Paraguay,-58.047531,-23.333234,12.833333333333334,False,9,4314,service,1806.156519091699
169.0,2010-08-17 02:10:00,-58.047595,-23.332633,Panthera onca,0-333005,1,Humid Chaco,Paraguay,-58.047595,-23.332633,4.016666666666667,False,9,4314,service,1788.602844703256
170.0,2010-08-17 06:18:00,-58.047724,-23.332697,Panthera onca,0-333005,1,Humid Chaco,Paraguay,-58.047724,-23.332697,4.133333333333334,False,9,4314,service,1803.4143401704214
171.0,2010-08-17 14:17:00,-58.047831,-23.333427,Panthera onca,0-333005,1,Humid Chaco,Paraguay,-58.047831,-23.333427,7.983333333333333,False,9,4314,service,1842.599872992177
172.0,2010-08-18 06:11:00,-58.031931,-23.32788,Panthera onca,0-333005,1,Humid Chaco,Paraguay,-58.031931,-23.32788,15.9,False,9,4314,service,113.90278546540819
173.0,2010-08-19 00:18:00,-58.028862,-23.301262,Panthera onca,0-333005,1,Humid Chaco,Paraguay,-58.028862,-23.301262,18.116666666666667,False,9,4314,service,1780.2795053168543
174.0,2010-08-19 04:24:00,-57.992191,-23.2824,Panthera onca,0-333005,1,Humid Chaco,Paraguay,-57.992191,-23.2824,4.1,False,9,4334,track,1394.1686767358729
175.0,2010-08-19 08:11:00,-57.992063,-23.283269,Panthera onca,0-333005,1,Humid Chaco,Paraguay,-57.992063,-23.283269,3.783333333333333,False,9,4346,unclassified,1453.5919743246982
176.0,2010-08-19 16:18:00,-57.981913,-23.291391,Panthera onca,0-333005,1,Humid Chaco,Paraguay,-57.981913,-23.291391,8.116666666666667,False,9,4313,track,1923.8605927736578
177.0,2010-08-19 20:12:00,-57.974939,-23.305714,Panthera onca,0-333005,1,Humid Chaco,Paraguay,-57.974939,-23.305714,3.9,False,9,4313,track,309.3910742853899
178.0,2010-08-20 00:12:00,-57.98981,-23.284557,Panthera onca,0-333005,1,Humid Chaco,Paraguay,-57.98981,-23.284557,4.0,False,9,4334,track,1582.5043223342172
179.0,2010-08-20 04:11:00,-57.989895,-23.284535,Panthera onca,0-333005,1,Humid Chaco,Paraguay,-57.989895,-23.284535,3.983333333333333,False,9,4334,track,1581.762627274253
180.0,2010-08-20 08:20:00,-57.989745,-23.284385,Panthera onca,0-333005,1,Humid Chaco,Paraguay,-57.989745,-23.284385,4.15,False,9,4334,track,1562.545300562698
181.0,2010-08-20 16:33:00,-57.989659,-23.284246,Panthera onca,0-333005,1,Humid Chaco,Paraguay,-57.989659,-23.284246,8.216666666666667,False,9,4334,track,1545.7659659801284
182.0,2010-08-21 00:22:00,-57.943311,-23.278785,Panthera onca,0-333005,1,Humid Chaco,Paraguay,-57.943311,-23.278785,7.816666666666666,False,9,4312,track,460.0737492443617
183.0,2010-08-21 09:21:00,-57.953889,-23.239657,Panthera onca,0-333005,1,Humid Chaco,Paraguay,-57.953889,-23.239657,8.983333333333333,False,9,4311,service,963.2694854973362
184.0,2010-08-21 13:39:00,-57.95316,-23.23912,Panthera onca,0-333005,1,Humid Chaco,Paraguay,-57.95316,-23.23912,4.3,False,9,4311,service,951.1807719474263
185.0,2010-08-21 22:21:00,-57.953053,-23.239399,Panthera onca,0-333005,1,Humid Chaco,Paraguay,-57.953053,-23.239399,8.7,False,9,4311,service,921.8075622445439
186.0,2010-08-22 12:12:00,-57.963889,-23.238884,Panthera onca,0-333005,1,Humid Chaco,Paraguay,-57.963889,-23.238884,13.85,False,9,4311,service,1756.8614987512176
187.0,2010-08-22 20:13:00,-57.975369,-23.233917,Panthera onca,0-333005,1,Humid Chaco,Paraguay,-57.975369,-23.233917,8.016666666666667,False,9,4311,service,2982.570720671617
188.0,2010-08-23 00:38:00,-58.003821,-23.260159,Panthera onca,0-333005,1,Humid Chaco,Paraguay,-58.003821,-23.260159,4.416666666666667,False,9,4346,unclassified,250.76810364068706
189.0,2010-08-23 12:28:00,-57.990346,-23.285995,Panthera onca,0-333005,1,Humid Chaco,Paraguay,-57.990346,-23.285995,11.833333333333334,False,9,4346,unclassified,1629.7517641236082
190.0,2010-08-24 00:37:00,-57.98996,-23.2846,Panthera onca,0-333005,1,Humid Chaco,Paraguay,-57.98996,-23.2846,12.15,False,9,4334,track,1590.0901388104817
191.0,2010-08-24 04:14:00,-57.990067,-23.284525,Panthera onca,0-333005,1,Humid Chaco,Paraguay,-57.990067,-23.284525,3.6166666666666663,False,9,4334,track,1584.014067822753
192.0,2010-08-24 08:32:00,-57.990003,-23.284578,Panthera onca,0-333005,1,Humid Chaco,Paraguay,-57.990003,-23.284578,4.3,False,9,4334,track,1588.533236994107
193.0,2010-08-24 12:37:00,-57.990003,-23.2846,Panthera onca,0-333005,1,Humid Chaco,Paraguay,-57.990003,-23.2846,4.083333333333333,False,9,4334,track,1590.924762925182
194.0,2010-08-24 16:36:00,-57.990239,-23.285018,Panthera onca,0-333005,1,Humid Chaco,Paraguay,-57.990239,-23.285018,3.983333333333333,False,9,4346,unclassified,1640.4996722693736
195.0,2010-08-24 21:15:00,-57.989895,-23.284353,Panthera onca,0-333005,1,Humid Chaco,Paraguay,-57.989895,-23.284353,4.65,False,9,4334,track,1561.978183382039
196.0,2010-08-25 11:31:00,-57.990389,-23.28401,Panthera onca,0-333005,1,Humid Chaco,Paraguay,-57.990389,-23.28401,14.266666666666667,False,9,4334,track,1534.2806786350159
197.0,2010-08-25 16:20:00,-57.988544,-23.282068,Panthera onca,0-333005,1,Humid Chaco,Paraguay,-57.988544,-23.282068,4.816666666666666,False,9,4334,track,1287.3631919617821
198.0,2010-08-25 20:27:00,-57.987921,-23.281821,Panthera onca,0-333005,1,Humid Chaco,Paraguay,-57.987921,-23.281821,4.116666666666666,False,9,4334,track,1248.4210538242685
199.0,2010-08-26 04:30:00,-57.990196,-23.283302,Panthera onca,0-333005,1,Humid Chaco,Paraguay,-57.990196,-23.283302,8.05,False,9,4334,track,1453.5708882911754
200.0,2010-08-26 08:31:00,-57.990496,-23.28401,Panthera onca,0-333005,1,Humid Chaco,Paraguay,-57.990496,-23.28401,4.016666666666667,False,9,4334,track,1536.3575758161796
201.0,2010-08-26 21:38:00,-57.981484,-23.28667,Panthera onca,0-333005,1,Humid Chaco,Paraguay,-57.981484,-23.28667,13.116666666666667,False,9,4334,track,1650.6202715714408
202.0,2010-08-27 05:25:00,-57.98893,-23.285769,Panthera onca,0-333005,1,Humid Chaco,Paraguay,-57.98893,-23.285769,7.783333333333333,False,9,4334,track,1697.175509447537
203.0,2010-08-27 13:28:00,-58.002148,-23.29211,Panthera onca,0-333005,1,Humid Chaco,Paraguay,-58.002148,-23.29211,8.05,False,9,4346,unclassified,423.9566313649343
204.0,2010-08-27 17:23:00,-58.003929,-23.294395,Panthera onca,0-333005,1,Humid Chaco,Paraguay,-58.003929,-23.294395,3.9166666666666665,False,9,4346,unclassified,242.2910559249794
205.0,2010-08-28 15:26:00,-57.998049,-23.296101,Panthera onca,0-333005,1,Humid Chaco,Paraguay,-57.998049,-23.296101,22.05,False,9,4346,unclassified,843.9969931205354
206.0,2010-08-28 19:18:00,-57.991827,-23.293762,Panthera onca,0-333005,1,Humid Chaco,Paraguay,-57.991827,-23.293762,3.8666666666666663,False,9,4346,unclassified,1479.8459058278625
207.0,2010-08-28 23:28:00,-57.994165,-23.281209,Panthera onca,0-333005,1,Humid Chaco,Paraguay,-57.994165,-23.281209,4.166666666666667,False,9,4346,unclassified,1238.182186051041
208.0,2010-08-29 03:31:00,-57.994659,-23.281167,Panthera onca,0-333005,1,Humid Chaco,Paraguay,-57.994659,-23.281167,4.05,False,9,4346,unclassified,1187.6468679220843
209.0,2010-08-29 11:25:00,-58.004465,-23.291992,Panthera onca,0-333005,1,Humid Chaco,Paraguay,-58.004465,-23.291992,7.9,False,9,4346,unclassified,186.96561081962597
210.0,2010-08-29 23:31:00,-58.029141,-23.300081,Panthera onca,0-333005,1,Humid Chaco,Paraguay,-58.029141,-23.300081,12.1,False,9,4314,service,1897.9192192640032
211.0,2010-08-30 07:39:00,-58.028927,-23.300189,Panthera onca,0-333005,1,Humid Chaco,Paraguay,-58.028927,-23.300189,8.133333333333333,False,9,4314,service,1892.2699367412051
212.0,2010-08-30 20:27:00,-58.062336,-23.339489,Panthera onca,0-333005,1,Humid Chaco,Paraguay,-58.062336,-23.339489,12.8,False,9,4261,service,1817.7256374768865
213.0,2010-08-31 12:28:00,-58.066607,-23.338598,Panthera onca,0-333005,1,Humid Chaco,Paraguay,-58.066607,-23.338598,16.016666666666666,False,9,4261,service,1591.4424114860376
214.0,2010-09-02 02:28:00,-58.054011,-23.331345,Panthera onca,0-333005,1,Humid Chaco,Paraguay,-58.054011,-23.331345,38.0,True,10,4261,service,1545.8894055139172
215.0,2010-09-02 19:26:00,-58.047338,-23.335004,Panthera onca,0-333005,1,Humid Chaco,Paraguay,-58.047338,-23.335004,16.966666666666665,False,10,4314,service,1870.4160377144258
216.0,2010-09-03 00:33:00,-58.05841,-23.340733,Panthera onca,0-333005,1,Humid Chaco,Paraguay,-58.05841,-23.340733,5.116666666666666,False,10,4261,service,2105.123646657035
217.0,2010-09-03 08:36:00,-58.058453,-23.340658,Panthera onca,0-333005,1,Humid Chaco,Paraguay,-58.058453,-23.340658,8.05,False,10,4261,service,2095.727856362892
218.0,2010-09-03 12:27:00,-58.058453,-23.340722,Panthera onca,0-333005,1,Humid Chaco,Paraguay,-58.058453,-23.340722,3.85,False,10,4261,service,2102.0116508891665
219.0,2010-09-03 16:29:00,-58.058453,-23.340669,Panthera onca,0-333005,1,Humid Chaco,Paraguay,-58.058453,-23.340669,4.033333333333333,False,10,4261,service,2096.8075194597027
220.0,2010-09-03 20:26:00,-58.058624,-23.340572,Panthera onca,0-333005,1,Humid Chaco,Paraguay,-58.058624,-23.340572,3.95,False,10,4261,service,2079.224475527219
221.0,2010-09-04 00:32:00,-58.058367,-23.340615,Panthera onca,0-333005,1,Humid Chaco,Paraguay,-58.058367,-23.340615,4.1,False,10,4261,service,2095.601438407661
222.0,2010-09-04 05:38:00,-58.058367,-23.340647,Panthera onca,0-333005,1,Humid Chaco,Paraguay,-58.058367,-23.340647,5.1,False,10,4261,service,2098.7348475176786
223.0,2010-09-04 10:27:00,-58.058431,-23.340647,Panthera onca,0-333005,1,Humid Chaco,Paraguay,-58.058431,-23.340647,4.816666666666666,False,10,4261,service,2095.690976100696
224.0,2010-09-04 14:35:00,-58.058453,-23.340647,Panthera onca,0-333005,1,Humid Chaco,Paraguay,-58.058453,-23.340647,4.133333333333334,False,10,4261,service,2094.648344926136
225.0,2010-09-04 18:27:00,-58.057938,-23.341709,Panthera onca,0-333005,1,Humid Chaco,Paraguay,-58.057938,-23.341709,3.8666666666666663,False,10,4261,service,2223.2613332488986
226.0,2010-09-04 22:29:00,-58.058345,-23.340679,Panthera onca,0-333005,1,Humid Chaco,Paraguay,-58.058345,-23.340679,4.033333333333333,False,10,4261,service,2102.918013769629
227.0,2010-09-05 06:34:00,-58.058281,-23.340701,Panthera onca,0-333005,1,Humid Chaco,Paraguay,-58.058281,-23.340701,8.083333333333334,False,10,4261,service,2108.130422116166
228.0,2010-09-05 19:29:00,-58.058431,-23.340658,Panthera onca,0-333005,1,Humid Chaco,Paraguay,-58.058431,-23.340658,12.916666666666666,False,10,4261,service,2096.7699506521144
229.0,2010-09-05 23:35:00,-58.058581,-23.340701,Panthera onca,0-333005,1,Humid Chaco,Paraguay,-58.058581,-23.340701,4.1,False,10,4261,service,2093.935989824573
230.0,2010-09-06 03:40:00,-58.057251,-23.34305,Panthera onca,0-333005,1,Humid Chaco,Paraguay,-58.057251,-23.34305,4.083333333333333,False,10,4261,service,2387.4120027106906
231.0,2010-09-07 22:40:00,-58.084116,-23.340594,Panthera onca,0-333005,1,Humid Chaco,Paraguay,-58.084116,-23.340594,43.0,True,11,4261,service,1759.8883798561276
232.0,2010-09-08 11:44:00,-58.083987,-23.340755,Panthera onca,0-333005,1,Humid Chaco,Paraguay,-58.083987,-23.340755,13.066666666666666,False,11,4261,service,1776.6471790565456
233.0,2010-09-09 05:23:00,-58.044248,-23.327086,Panthera onca,0-333005,1,Humid Chaco,Paraguay,-58.044248,-23.327086,17.65,False,11,4314,service,1260.9259997842823
234.0,2010-09-09 09:23:00,-58.04487,-23.330959,Panthera onca,0-333005,1,Humid Chaco,Paraguay,-58.04487,-23.330959,4.0,False,11,4314,service,1465.8515158381522
235.0,2010-09-09 18:31:00,-58.046479,-23.335991,Panthera onca,0-333005,1,Humid Chaco,Paraguay,-58.046479,-23.335991,9.133333333333333,False,11,4314,service,1848.5061221827407
236.0,2010-09-10 08:34:00,-58.046501,-23.334746,Panthera onca,0-333005,1,Humid Chaco,Paraguay,-58.046501,-23.334746,14.05,False,11,4314,service,1781.4196226561526
237.0,2010-09-10 16:34:00,-58.044677,-23.332236,Panthera onca,0-333005,1,Humid Chaco,Paraguay,-58.044677,-23.332236,8.0,False,11,4314,service,1494.2061601756106
238.0,2010-09-10 20:39:00,-58.046093,-23.335229,Panthera onca,0-333005,1,Humid Chaco,Paraguay,-58.046093,-23.335229,4.083333333333333,False,11,4314,service,1771.1113515014326
239.0,2010-09-11 23:25:00,-58.040729,-23.337697,Panthera onca,0-333005,1,Humid Chaco,Paraguay,-58.040729,-23.337697,26.766666666666666,True,12,4314,service,1521.0754024779005
240.0,2010-09-12 08:34:00,-58.039398,-23.331796,Panthera onca,0-333005,1,Humid Chaco,Paraguay,-58.039398,-23.331796,9.15,False,12,4314,service,988.4823098892871
241.0,2010-09-13 02:35:00,-58.079417,-23.336356,Panthera onca,0-333005,1,Humid Chaco,Paraguay,-58.079417,-23.336356,18.016666666666666,False,12,4261,service,1264.2402713372637
242.0,2010-09-13 06:35:00,-58.079374,-23.336345,Panthera onca,0-333005,1,Humid Chaco,Paraguay,-58.079374,-23.336345,4.0,False,12,4261,service,1263.2220287960445
243.0,2010-09-14 15:46:00,-58.079309,-23.337718,Panthera onca,0-333005,1,Humid Chaco,Paraguay,-58.079309,-23.337718,33.18333333333333,True,13,4261,service,1415.3865861415582
244.0,2010-09-15 18:27:00,-57.988243,-23.307045,Panthera onca,0-333005,1,Humid Chaco,Paraguay,-57.988243,-23.307045,26.683333333333334,True,14,4313,track,1669.536139633592
245.0,2010-09-16 20:28:00,-57.972279,-23.297732,Panthera onca,0-333005,1,Humid Chaco,Paraguay,-57.972279,-23.297732,26.016666666666666,True,15,4313,track,930.2700746894669
246.0,2010-09-17 01:34:00,-57.962322,-23.286295,Panthera onca,0-333005,1,Humid Chaco,Paraguay,-57.962322,-23.286295,5.1,False,15,4310,service,298.6076305962693
247.0,2010-09-17 10:48:00,-57.962472,-23.285512,Panthera onca,0-333005,1,Humid Chaco,Paraguay,-57.962472,-23.285512,9.233333333333333,False,15,4310,service,256.5765007086014
248.0,2010-09-17 20:41:00,-57.964468,-23.288773,Panthera onca,0-333005,1,Humid Chaco,Paraguay,-57.964468,-23.288773,9.883333333333333,False,15,4310,service,644.2105008059673
249.0,2010-09-18 23:34:00,-57.982879,-23.290619,Panthera onca,0-333005,1,Humid Chaco,Paraguay,-57.982879,-23.290619,26.883333333333333,True,16,4313,track,2049.054226900878
250.0,2010-09-19 13:43:00,-57.983501,-23.290704,Panthera onca,0-333005,1,Humid Chaco,Paraguay,-57.983501,-23.290704,14.15,False,16,4313,track,2076.69652079285
251.0,2010-09-19 21:35:00,-57.982299,-23.289599,Panthera onca,0-333005,1,Humid Chaco,Paraguay,-57.982299,-23.289599,7.866666666666666,False,16,4334,track,1984.8363041837695
252.0,2010-09-21 19:44:00,-57.962644,-23.285995,Panthera onca,0-333005,1,Humid Chaco,Paraguay,-57.962644,-23.285995,46.15,True,17,4310,service,302.8225824194612
253.0,2010-09-21 23:46:00,-57.967258,-23.285898,Panthera onca,0-333005,1,Humid Chaco,Paraguay,-57.967258,-23.285898,4.033333333333333,False,17,4310,service,673.1168155573405
254.0,2010-09-22 23:32:00,-58.026545,-23.309673,Panthera onca,0-333005,1,Humid Chaco,Paraguay,-58.026545,-23.309673,23.766666666666666,False,17,4314,service,1079.9267652375643
255.0,2010-09-23 23:50:00,-58.050663,-23.318986,Panthera onca,0-333005,1,Humid Chaco,Paraguay,-58.050663,-23.318986,24.3,True,18,4314,service,628.8485189485143
256.0,2010-09-24 21:40:00,-58.050621,-23.342761,Panthera onca,0-333005,1,Humid Chaco,Paraguay,-58.050621,-23.342761,21.83333333333333,False,18,4314,service,2636.789598304223
257.0,2010-09-25 01:55:00,-58.050685,-23.342782,Panthera onca,0-333005,1,Humid Chaco,Paraguay,-58.050685,-23.342782,4.25,False,18,4314,service,2643.257571067363
258.0,2010-09-25 05:38:00,-58.050599,-23.342707,Panthera onca,0-333005,1,Humid Chaco,Paraguay,-58.050599,-23.342707,3.716666666666667,False,18,4314,service,2631.1752369709184
259.0,2010-09-26 12:38:00,-58.038883,-23.347342,Panthera onca,0-333005,1,Humid Chaco,Paraguay,-58.038883,-23.347342,31.0,True,19,4314,service,1984.0300115636476
260.0,2010-10-01 22:36:00,-57.913592,-23.317409,Panthera onca,0-333005,1,Humid Chaco,Paraguay,-57.913592,-23.317409,129.96666666666667,True,20,4310,service,3807.5619567963176
261.0,2010-10-05 00:00:00,-57.928355,-23.287561,Panthera onca,0-333005,1,Humid Chaco,Paraguay,-57.928355,-23.287561,73.4,True,21,4312,track,2160.252181740739
262.0,2010-10-06 12:46:00,-58.001804,-23.254205,Panthera onca,0-333005,1,Humid Chaco,Paraguay,-58.001804,-23.254205,36.766666666666666,True,22,4346,unclassified,684.8391617275448
263.0,2010-10-15 23:59:00,-58.033519,-23.303483,Panthera onca,0-333005,1,Humid Chaco,Paraguay,-58.033519,-23.303483,227.21666666666667,True,23,4314,service,1447.776213537694
264.0,2010-10-29 03:12:00,-58.046436,-23.260556,Panthera onca,0-333005,1,Humid Chaco,Paraguay,-58.046436,-23.260556,315.21666666666664,True,24,4334,track,2148.37391248074
265.0,2010-10-31 08:05:00,-57.996483,-23.286477,Panthera onca,0-333005,1,Humid Chaco,Paraguay,-57.996483,-23.286477,52.88333333333333,True,25,4346,unclassified,1002.1753281443483
266.0,2010-11-01 04:06:00,-57.968502,-23.293076,Panthera onca,0-333005,1,Humid Chaco,Paraguay,-57.968502,-23.293076,20.016666666666666,False,25,4310,service,1166.873023806902
267.0,2010-11-01 21:55:00,-57.960005,-23.285619,Panthera onca,0-333005,1,Humid Chaco,Paraguay,-57.960005,-23.285619,17.816666666666666,False,25,4310,service,100.62892201030918
268.0,2010-11-03 01:54:00,-58.018177,-23.267305,Panthera onca,0-333005,1,Humid Chaco,Paraguay,-58.018177,-23.267305,27.98333333333333,True,26,4334,track,227.3050325876071
269.0,2010-11-06 23:56:00,-58.080297,-23.274933,Panthera onca,0-333005,1,Humid Chaco,Paraguay,-58.080297,-23.274933,94.03333333333332,True,27,4337,track,925.9959432663613
270.0,2010-11-11 22:59:00,-58.08182,-23.254344,Panthera onca,0-333005,1,Humid Chaco,Paraguay,-58.08182,-23.254344,119.05,True,28,4337,track,1314.278599835494
271.0,2010-11-13 12:22:00,-58.099029,-23.266747,Panthera onca,0-333005,1,Humid Chaco,Paraguay,-58.099029,-23.266747,37.38333333333333,True,29,4337,track,907.4513641858734
272.0,2010-11-13 22:01:00,-58.098857,-23.267133,Panthera onca,0-333005,1,Humid Chaco,Paraguay,-58.098857,-23.267133,9.65,False,29,4337,track,893.3457663400952
273.0,2010-11-17 00:10:00,-58.065341,-23.256758,Panthera onca,0-333005,1,Humid Chaco,Paraguay,-58.065341,-23.256758,74.15,True,30,4337,track,2669.5949384906944
274.0,2010-11-27 04:08:00,-58.082743,-23.232479,Panthera onca,0-333005,1,Humid Chaco,Paraguay,-58.082743,-23.232479,243.96666666666667,True,31,4337,track,3479.7299504718585
275.0,2010-12-02 00:10:00,-58.067465,-23.323588,Panthera onca,0-333005,1,Humid Chaco,Paraguay,-58.067465,-23.323588,116.03333333333332,True,32,4261,service,0.4068545893631374
276.0,2010-12-09 10:29:00,-58.021288,-23.239163,Panthera onca,0-333005,1,Humid Chaco,Paraguay,-58.021288,-23.239163,178.31666666666666,True,33,4315,unclassified,522.2991056699965
277.0,2010-12-14 23:42:00,-58.066199,-23.250203,Panthera onca,0-333005,1,Humid Chaco,Paraguay,-58.066199,-23.250203,133.21666666666667,True,34,4337,track,2867.781217332568
278.0,2010-12-20 23:26:00,-58.09036,-23.253454,Panthera onca,0-333005,1,Humid Chaco,Paraguay,-58.09036,-23.253454,143.73333333333332,True,35,4337,track,1065.187373829247
279.0,2010-12-31 10:46:00,-58.077443,-23.263271,Panthera onca,0-333005,1,Humid Chaco,Paraguay,-58.077443,-23.263271,251.33333333333331,True,36,4337,track,1324.502017912988
280.0,2011-01-07 00:46:00,-58.090639,-23.245053,Panthera onca,0-333005,1,Humid Chaco,Paraguay,-58.090639,-23.245053,158.0,True,37,4337,track,1995.246673459164
281.0,2011-01-07 04:38:00,-58.090553,-23.245064,Panthera onca,0-333005,1,Humid Chaco,Paraguay,-58.090553,-23.245064,3.8666666666666663,False,37,4337,track,1993.9970597103095
282.0,2011-01-16 22:42:00,-58.029528,-23.302785,Panthera onca,0-333005,1,Humid Chaco,Paraguay,-58.029528,-23.302785,234.06666666666663,True,38,4314,service,1599.1328293306137
283.0,2011-01-26 05:51:00,-58.07358,-23.261983,Panthera onca,0-333005,1,Humid Chaco,Paraguay,-58.07358,-23.261983,223.15,True,39,4337,track,1730.1662955984023
284.0,2011-02-10 06:50:00,-58.095682,-23.262638,Panthera onca,0-333005,1,Humid Chaco,Paraguay,-58.095682,-23.262638,360.98333333333335,True,40,4337,track,529.6653830577785
285.0,2011-02-14 23:16:00,-58.027489,-23.303504,Panthera onca,0-333005,1,Humid Chaco,Paraguay,-58.027489,-23.303504,112.43333333333334,True,41,4340,track,1588.9643032616257
286.0,2011-02-27 08:00:00,-58.04914,-23.282712,Panthera onca,0-333005,1,Humid Chaco,Paraguay,-58.04914,-23.282712,296.7333333333333,True,42,4334,track,176.81237361144514
287.0,2011-03-06 11:04:00,-58.121645,-23.295361,Panthera onca,0-333005,1,Humid Chaco,Paraguay,-58.121645,-23.295361,171.06666666666666,True,43,4336,track,775.6720519708714
288.0,2011-03-08 09:28:00,-58.116174,-23.275652,Panthera onca,0-333005,1,Humid Chaco,Paraguay,-58.116174,-23.275652,46.4,True,44,4336,track,1112.451707615138
439.0,2009-06-23 18:57:00,-58.230801,-23.374121,Panthera onca,0-357643,3,Humid Chaco,Paraguay,-58.230801,-23.374121,,True,1,4264,service,1009.5471153387992
440.0,2009-06-24 02:40:00,-58.25434,-23.375462,Panthera onca,0-357643,3,Humid Chaco,Paraguay,-58.25434,-23.375462,7.716666666666667,False,1,4265,service,1032.566143256935
441.0,2009-06-24 10:33:00,-58.263459,-23.38043,Panthera onca,0-357643,3,Humid Chaco,Paraguay,-58.263459,-23.38043,7.883333333333334,False,1,4265,service,219.7791117073655
442.0,2009-06-24 18:51:00,-58.263781,-23.380151,Panthera onca,0-357643,3,Humid Chaco,Paraguay,-58.263781,-23.380151,8.3,False,1,4265,service,238.66378040535386
443.0,2009-06-24 22:47:00,-58.254318,-23.376385,Panthera onca,0-357643,3,Humid Chaco,Paraguay,-58.254318,-23.376385,3.933333333333333,False,1,4265,service,935.8440231194172
444.0,2009-06-25 10:40:00,-58.246443,-23.37027,Panthera onca,0-357643,3,Humid Chaco,Paraguay,-58.246443,-23.37027,11.883333333333333,False,1,4263,track,454.4009091724025
445.0,2009-06-26 08:57:00,-58.27024,-23.386277,Panthera onca,0-357643,3,Humid Chaco,Paraguay,-58.27024,-23.386277,22.28333333333333,False,1,4265,service,407.48063902415754
446.0,2009-06-26 17:34:00,-58.279467,-23.389485,Panthera onca,0-357643,3,Humid Chaco,Paraguay,-58.279467,-23.389485,8.616666666666667,False,1,4265,service,453.192949970548
447.0,2009-06-27 09:56:00,-58.318262,-23.366278,Panthera onca,0-357643,3,Humid Chaco,Paraguay,-58.318262,-23.366278,16.366666666666667,False,1,4276,track,165.9256568603309
448.0,2009-06-27 21:40:00,-58.313541,-23.359058,Panthera onca,0-357643,3,Humid Chaco,Paraguay,-58.313541,-23.359058,11.733333333333333,False,1,4276,track,342.20101288607736
449.0,2009-06-28 01:59:00,-58.308327,-23.358221,Panthera onca,0-357643,3,Humid Chaco,Paraguay,-58.308327,-23.358221,4.316666666666666,False,1,4276,track,239.22578941432891
450.0,2009-06-28 05:47:00,-58.301203,-23.365839,Panthera onca,0-357643,3,Humid Chaco,Paraguay,-58.301203,-23.365839,3.8,False,1,4275,service,761.7286072694434
451.0,2009-06-28 09:51:00,-58.292255,-23.365849,Panthera onca,0-357643,3,Humid Chaco,Paraguay,-58.292255,-23.365849,4.066666666666666,False,1,4275,service,974.8146506395692
452.0,2009-06-29 05:40:00,-58.292191,-23.370141,Panthera onca,0-357643,3,Humid Chaco,Paraguay,-58.292191,-23.370141,19.816666666666663,False,1,4275,service,525.3996595700437
453.0,2009-06-29 13:35:00,-58.278501,-23.387918,Panthera onca,0-357643,3,Humid Chaco,Paraguay,-58.278501,-23.387918,7.916666666666667,False,1,4265,service,294.05323089406926
454.0,2009-06-29 17:43:00,-58.278523,-23.387629,Panthera onca,0-357643,3,Humid Chaco,Paraguay,-58.278523,-23.387629,4.133333333333334,False,1,4265,service,262.1057519773922
455.0,2009-06-29 21:44:00,-58.279789,-23.386416,Panthera onca,0-357643,3,Humid Chaco,Paraguay,-58.279789,-23.386416,4.016666666666667,False,1,4265,service,111.86743924862463
456.0,2009-06-30 01:35:00,-58.278844,-23.381975,Panthera onca,0-357643,3,Humid Chaco,Paraguay,-58.278844,-23.381975,3.85,False,1,4265,service,361.1237389447574
457.0,2009-06-30 19:43:00,-58.25582,-23.370184,Panthera onca,0-357643,3,Humid Chaco,Paraguay,-58.25582,-23.370184,18.133333333333333,False,1,4262,track,977.9558455461763
458.0,2009-07-01 00:36:00,-58.31794,-23.326271,Panthera onca,0-357643,3,Humid Chaco,Paraguay,-58.31794,-23.326271,4.883333333333334,False,1,4272,track,625.1351907828677
459.0,2009-07-01 04:53:00,-58.362079,-23.300972,Panthera onca,0-357643,3,Humid Chaco,Paraguay,-58.362079,-23.300972,4.283333333333333,False,1,4284,service,1125.586546842992
460.0,2009-07-01 12:36:00,-58.398428,-23.338083,Panthera onca,0-357643,3,Humid Chaco,Paraguay,-58.398428,-23.338083,7.716666666666667,False,1,4287,service,2534.5478647053783
461.0,2009-07-01 20:50:00,-58.398578,-23.338223,Panthera onca,0-357643,3,Humid Chaco,Paraguay,-58.398578,-23.338223,8.233333333333333,False,1,4287,service,2519.7090652477036
462.0,2009-07-02 16:55:00,-58.410981,-23.345615,Panthera onca,0-357643,3,Humid Chaco,Paraguay,-58.410981,-23.345615,20.08333333333333,False,1,4287,service,1277.25204026029
463.0,2009-07-02 20:49:00,-58.411002,-23.345701,Panthera onca,0-357643,3,Humid Chaco,Paraguay,-58.411002,-23.345701,3.9,False,1,4287,service,1275.3715996745568
464.0,2009-07-03 00:54:00,-58.393836,-23.32773,Panthera onca,0-357643,3,Humid Chaco,Paraguay,-58.393836,-23.32773,4.083333333333333,False,1,4287,service,2968.8312798295256
465.0,2009-07-03 08:37:00,-58.318069,-23.296584,Panthera onca,0-357643,3,Humid Chaco,Paraguay,-58.318069,-23.296584,7.716666666666667,False,1,4300,track,1083.5290435292113
466.0,2009-07-03 18:51:00,-58.31367,-23.29608,Panthera onca,0-357643,3,Humid Chaco,Paraguay,-58.31367,-23.29608,10.233333333333333,False,1,4300,track,957.7898795353656
467.0,2009-07-03 23:01:00,-58.317103,-23.294245,Panthera onca,0-357643,3,Humid Chaco,Paraguay,-58.317103,-23.294245,4.166666666666667,False,1,4300,track,812.3197823397659
468.0,2009-07-04 02:37:00,-58.324528,-23.306594,Panthera onca,0-357643,3,Humid Chaco,Paraguay,-58.324528,-23.306594,3.6,False,1,4271,track,988.971485997039
469.0,2009-07-05 03:46:00,-58.439927,-23.368027,Panthera onca,0-357643,3,Humid Chaco,Paraguay,-58.439927,-23.368027,25.15,True,2,4273,service,1053.212863252795
470.0,2009-07-07 12:00:00,-58.496768,-23.330187,Panthera onca,0-357643,3,Humid Chaco,Paraguay,-58.496768,-23.330187,56.23333333333333,True,3,4247,track,2868.2730461725705
471.0,2009-07-07 15:54:00,-58.495181,-23.329082,Panthera onca,0-357643,3,Humid Chaco,Paraguay,-58.495181,-23.329082,3.9,False,3,4256,track,3040.8122539006986
472.0,2009-07-08 03:54:00,-58.506553,-23.320928,Panthera onca,0-357643,3,Humid Chaco,Paraguay,-58.506553,-23.320928,12.0,False,3,4246,track,2448.16148348068
473.0,2009-07-08 15:55:00,-58.506789,-23.32244,Panthera onca,0-357643,3,Humid Chaco,Paraguay,-58.506789,-23.32244,12.016666666666667,False,3,4246,track,2399.5150873372345
474.0,2009-07-09 23:01:00,-58.478079,-23.370731,Panthera onca,0-357643,3,Humid Chaco,Paraguay,-58.478079,-23.370731,31.1,True,4,4249,track,2799.0376900064043
475.0,2009-07-10 03:06:00,-58.475053,-23.378756,Panthera onca,0-357643,3,Humid Chaco,Paraguay,-58.475053,-23.378756,4.083333333333333,False,4,4249,track,3053.8240680762656
476.0,2009-07-10 07:40:00,-58.475139,-23.378767,Panthera onca,0-357643,3,Humid Chaco,Paraguay,-58.475139,-23.378767,4.566666666666666,False,4,4249,track,3045.1814254458563
477.0,2009-07-13 15:51:00,-58.258224,-23.331249,Panthera onca,0-357643,3,Humid Chaco,Paraguay,-58.258224,-23.331249,80.18333333333334,True,5,4262,track,2642.7336239284145
478.0,2009-07-13 19:58:00,-58.258266,-23.331292,Panthera onca,0-357643,3,Humid Chaco,Paraguay,-58.258266,-23.331292,4.116666666666666,False,5,4262,track,2638.0275849041464
479.0,2009-07-14 04:04:00,-58.210394,-23.375924,Panthera onca,0-357643,3,Humid Chaco,Paraguay,-58.210394,-23.375924,8.1,False,5,4261,service,678.3797893850057
480.0,2009-07-15 07:59:00,-58.238053,-23.412906,Panthera onca,0-357643,3,Humid Chaco,Paraguay,-58.238053,-23.412906,27.916666666666668,True,6,4299,track,844.9353523692362
481.0,2009-07-16 00:59:00,-58.260391,-23.381374,Panthera onca,0-357643,3,Humid Chaco,Paraguay,-58.260391,-23.381374,17.0,False,6,4265,service,219.90003741468192
482.0,2009-07-16 13:58:00,-58.243203,-23.376857,Panthera onca,0-357643,3,Humid Chaco,Paraguay,-58.243203,-23.376857,12.983333333333333,False,6,4263,track,1142.7806625152384
483.0,2009-07-16 21:44:00,-58.24228,-23.376396,Panthera onca,0-357643,3,Humid Chaco,Paraguay,-58.24228,-23.376396,7.766666666666667,False,6,4263,track,1107.0714836725294
484.0,2009-07-17 05:44:00,-58.215351,-23.410331,Panthera onca,0-357643,3,Humid Chaco,Paraguay,-58.215351,-23.410331,8.0,False,6,4277,service,949.9038965179112
485.0,2009-07-17 14:58:00,-58.197927,-23.422251,Panthera onca,0-357643,3,Humid Chaco,Paraguay,-58.197927,-23.422251,9.233333333333333,False,6,4277,service,2447.759263054291
486.0,2009-07-19 12:58:00,-58.219063,-23.350496,Panthera onca,0-357643,3,Humid Chaco,Paraguay,-58.219063,-23.350496,46.0,True,7,4261,service,1764.0972459112522
487.0,2009-07-20 00:54:00,-58.249018,-23.380398,Panthera onca,0-357643,3,Humid Chaco,Paraguay,-58.249018,-23.380398,11.933333333333334,False,7,4265,service,646.350011595271
488.0,2009-07-20 21:00:00,-58.210545,-23.373113,Panthera onca,0-357643,3,Humid Chaco,Paraguay,-58.210545,-23.373113,20.1,False,7,4261,service,412.1155532253361
489.0,2009-07-21 04:46:00,-58.229706,-23.354241,Panthera onca,0-357643,3,Humid Chaco,Paraguay,-58.229706,-23.354241,7.766666666666667,False,7,4261,service,983.6879301234335
490.0,2009-07-22 05:46:00,-58.229148,-23.354144,Panthera onca,0-357643,3,Humid Chaco,Paraguay,-58.229148,-23.354144,25.0,True,8,4261,service,1013.1718421731566
491.0,2009-07-22 13:46:00,-58.294916,-23.340229,Panthera onca,0-357643,3,Humid Chaco,Paraguay,-58.294916,-23.340229,8.0,False,8,4304,track,1587.6332016348051
492.0,2009-07-23 06:08:00,-58.325214,-23.347074,Panthera onca,0-357643,3,Humid Chaco,Paraguay,-58.325214,-23.347074,16.366666666666667,False,8,4272,track,1674.9544748073686
493.0,2009-07-23 13:47:00,-58.361049,-23.337493,Panthera onca,0-357643,3,Humid Chaco,Paraguay,-58.361049,-23.337493,7.65,False,8,4267,service,483.29966166387055
494.0,2009-07-23 21:59:00,-58.410358,-23.344306,Panthera onca,0-357643,3,Humid Chaco,Paraguay,-58.410358,-23.344306,8.2,False,8,4287,service,1336.8797906846182
495.0,2009-07-24 11:53:00,-58.467157,-23.335701,Panthera onca,0-357643,3,Humid Chaco,Paraguay,-58.467157,-23.335701,13.9,False,8,4256,track,3318.770479045109
496.0,2009-07-24 15:55:00,-58.46735,-23.335605,Panthera onca,0-357643,3,Humid Chaco,Paraguay,-58.46735,-23.335605,4.033333333333333,False,8,4256,track,3302.585019149925
497.0,2009-07-24 19:47:00,-58.471191,-23.335229,Panthera onca,0-357643,3,Humid Chaco,Paraguay,-58.471191,-23.335229,3.8666666666666663,False,8,4256,track,3163.7085152760947
498.0,2009-07-25 16:05:00,-58.515372,-23.315467,Panthera onca,0-357643,3,Humid Chaco,Paraguay,-58.515372,-23.315467,20.3,False,8,4246,track,1834.2704017895344
499.0,2009-07-25 19:48:00,-58.515372,-23.315413,Panthera onca,0-357643,3,Humid Chaco,Paraguay,-58.515372,-23.315413,3.716666666666667,False,8,4246,track,1837.6909511533102
500.0,2009-07-26 00:03:00,-58.47971,-23.310939,Panthera onca,0-357643,3,Humid Chaco,Paraguay,-58.47971,-23.310939,4.25,False,8,4256,track,486.1448453794344
501.0,2009-07-26 03:48:00,-58.588865,-23.288076,Panthera onca,0-357643,3,Humid Chaco,Paraguay,-58.588865,-23.288076,3.75,False,8,4251,track,4669.293802565465
502.0,2009-07-26 11:48:00,-58.660212,-23.262541,Panthera onca,0-357643,3,Humid Chaco,Paraguay,-58.660212,-23.262541,8.0,False,8,4170,track,4379.725889079303
503.0,2009-07-26 23:54:00,-58.69729,-23.2687,Panthera onca,0-357643,3,Humid Chaco,Paraguay,-58.69729,-23.2687,12.1,False,8,4170,track,1129.553584489873
504.0,2009-07-27 15:57:00,-58.705595,-23.255321,Panthera onca,0-357643,3,Humid Chaco,Paraguay,-58.705595,-23.255321,16.05,False,8,4170,track,235.07733274490957
505.0,2009-07-27 20:58:00,-58.677485,-23.276607,Panthera onca,0-357643,3,Humid Chaco,Paraguay,-58.677485,-23.276607,5.016666666666667,False,8,4170,track,3244.0564370249485
506.0,2009-07-28 09:07:00,-58.627896,-23.289267,Panthera onca,0-357643,3,Humid Chaco,Paraguay,-58.627896,-23.289267,12.15,False,8,4244,track,7194.149779240635
507.0,2009-07-28 16:56:00,-58.611352,-23.284578,Panthera onca,0-357643,3,Humid Chaco,Paraguay,-58.611352,-23.284578,7.816666666666666,False,8,4251,track,5687.150590373667
508.0,2009-07-28 20:57:00,-58.605881,-23.284482,Panthera onca,0-357643,3,Humid Chaco,Paraguay,-58.605881,-23.284482,4.016666666666667,False,8,4251,track,5334.006640513105
509.0,2009-07-30 10:50:00,-58.457329,-23.310317,Panthera onca,0-357643,3,Humid Chaco,Paraguay,-58.457329,-23.310317,37.88333333333333,True,9,4256,track,2062.352338021015
510.0,2009-07-31 15:04:00,-58.455076,-23.310982,Panthera onca,0-357643,3,Humid Chaco,Paraguay,-58.455076,-23.310982,28.23333333333333,True,10,4256,track,2302.089879107632
511.0,2009-08-01 07:13:00,-58.457115,-23.309351,Panthera onca,0-357643,3,Humid Chaco,Paraguay,-58.457115,-23.309351,16.15,False,10,4256,track,2068.9446036343097
512.0,2009-08-02 14:52:00,-58.459475,-23.321003,Panthera onca,0-357643,3,Humid Chaco,Paraguay,-58.459475,-23.321003,31.65,True,11,4256,track,2371.5866875678257
513.0,2009-08-02 22:52:00,-58.455012,-23.320284,Panthera onca,0-357643,3,Humid Chaco,Paraguay,-58.455012,-23.320284,8.0,False,11,4256,track,2692.876679937243
514.0,2009-08-03 07:09:00,-58.421538,-23.357749,Panthera onca,0-357643,3,Humid Chaco,Paraguay,-58.421538,-23.357749,8.283333333333333,False,11,4287,service,235.79516248150077
515.0,2009-08-03 15:01:00,-58.411045,-23.346065,Panthera onca,0-357643,3,Humid Chaco,Paraguay,-58.411045,-23.346065,7.866666666666666,False,11,4287,service,1272.102098132526
516.0,2009-08-03 22:59:00,-58.376498,-23.331656,Panthera onca,0-357643,3,Humid Chaco,Paraguay,-58.376498,-23.331656,7.966666666666667,False,11,4284,service,2132.0638756120147
517.0,2009-08-04 03:19:00,-58.327875,-23.359079,Panthera onca,0-357643,3,Humid Chaco,Paraguay,-58.327875,-23.359079,4.333333333333333,False,11,4276,track,1430.7875833964504
518.0,2009-08-04 07:10:00,-58.292491,-23.341752,Panthera onca,0-357643,3,Humid Chaco,Paraguay,-58.292491,-23.341752,3.85,False,11,4304,track,1340.2900888128543
519.0,2009-08-05 21:02:00,-58.211317,-23.336141,Panthera onca,0-357643,3,Humid Chaco,Paraguay,-58.211317,-23.336141,37.86666666666667,True,12,4261,service,2999.4406499722054
520.0,2009-08-06 01:53:00,-58.2305,-23.367502,Panthera onca,0-357643,3,Humid Chaco,Paraguay,-58.2305,-23.367502,4.85,False,12,4261,service,424.8762043031629
521.0,2009-08-06 23:03:00,-58.332253,-23.350818,Panthera onca,0-357643,3,Humid Chaco,Paraguay,-58.332253,-23.350818,21.166666666666668,False,12,4272,track,2085.923831556624
522.0,2009-08-08 03:16:00,-58.353302,-23.345861,Panthera onca,0-357643,3,Humid Chaco,Paraguay,-58.353302,-23.345861,28.216666666666665,True,13,4267,service,391.130188286536
523.0,2009-08-11 12:56:00,-58.351693,-23.363703,Panthera onca,0-357643,3,Humid Chaco,Paraguay,-58.351693,-23.363703,81.66666666666667,True,14,4267,service,716.7039490384478
524.0,2009-08-11 22:02:00,-58.337531,-23.36483,Panthera onca,0-357643,3,Humid Chaco,Paraguay,-58.337531,-23.36483,9.1,False,14,4275,service,641.077882982642
525.0,2009-08-12 10:20:00,-58.351543,-23.349831,Panthera onca,0-357643,3,Humid Chaco,Paraguay,-58.351543,-23.349831,12.3,False,14,4267,service,602.4370301697575
526.0,2009-08-12 19:13:00,-58.370147,-23.340046,Panthera onca,0-357643,3,Humid Chaco,Paraguay,-58.370147,-23.340046,8.883333333333333,False,14,4273,service,1175.2146860942044
527.0,2009-08-13 11:57:00,-58.463466,-23.335723,Panthera onca,0-357643,3,Humid Chaco,Paraguay,-58.463466,-23.335723,16.733333333333334,False,14,4273,service,3349.992981884915
528.0,2009-08-13 16:19:00,-58.466771,-23.335015,Panthera onca,0-357643,3,Humid Chaco,Paraguay,-58.466771,-23.335015,4.366666666666666,False,14,4256,track,3259.3442167703306
529.0,2009-08-13 19:57:00,-58.466749,-23.335025,Panthera onca,0-357643,3,Humid Chaco,Paraguay,-58.466749,-23.335025,3.633333333333333,False,14,4256,track,3261.1278596881275
530.0,2009-08-14 08:13:00,-58.544533,-23.313578,Panthera onca,0-357643,3,Humid Chaco,Paraguay,-58.544533,-23.313578,12.266666666666667,False,14,4256,track,1914.096600587346
531.0,2009-08-15 05:04:00,-58.530092,-23.408078,Panthera onca,0-357643,3,Humid Chaco,Paraguay,-58.530092,-23.408078,20.85,False,14,3109,track,116.61396560511524
532.0,2009-08-15 14:13:00,-58.531895,-23.40752,Panthera onca,0-357643,3,Humid Chaco,Paraguay,-58.531895,-23.40752,9.15,False,14,3109,track,71.0720197688145
533.0,2009-08-16 11:17:00,-58.507905,-23.419998,Panthera onca,0-357643,3,Humid Chaco,Paraguay,-58.507905,-23.419998,21.066666666666663,False,14,4258,track,2683.1110152317424
534.0,2009-08-17 00:05:00,-58.505802,-23.430018,Panthera onca,0-357643,3,Humid Chaco,Paraguay,-58.505802,-23.430018,12.8,False,14,3117,track,3056.915798417983
535.0,2009-08-18 10:18:00,-58.474817,-23.315005,Panthera onca,0-357643,3,Humid Chaco,Paraguay,-58.474817,-23.315005,34.21666666666667,True,15,4256,track,897.7451905779823
536.0,2009-08-19 20:09:00,-58.469753,-23.353361,Panthera onca,0-357643,3,Humid Chaco,Paraguay,-58.469753,-23.353361,33.85,True,16,4273,service,2946.863372879504
537.0,2009-08-22 11:21:00,-58.486598,-23.366236,Panthera onca,0-357643,3,Humid Chaco,Paraguay,-58.486598,-23.366236,63.2,True,17,4249,track,2165.6022935375427
538.0,2009-08-22 16:14:00,-58.490181,-23.361708,Panthera onca,0-357643,3,Humid Chaco,Paraguay,-58.490181,-23.361708,4.883333333333334,False,17,4249,track,2196.0987376407966
539.0,2009-08-22 20:17:00,-58.490117,-23.361644,Panthera onca,0-357643,3,Humid Chaco,Paraguay,-58.490117,-23.361644,4.05,False,17,4249,track,2205.7443931021003
540.0,2009-08-23 00:02:00,-58.498828,-23.372233,Panthera onca,0-357643,3,Humid Chaco,Paraguay,-58.498828,-23.372233,3.75,False,17,4249,track,754.7149666026243
541.0,2009-08-23 08:10:00,-58.521123,-23.414472,Panthera onca,0-357643,3,Humid Chaco,Paraguay,-58.521123,-23.414472,8.133333333333333,False,17,3109,track,1271.909461082605
542.0,2009-08-24 05:10:00,-58.531916,-23.407413,Panthera onca,0-357643,3,Humid Chaco,Paraguay,-58.531916,-23.407413,21.0,False,17,3109,track,79.41551198643903
543.0,2009-08-24 13:02:00,-58.531959,-23.407424,Panthera onca,0-357643,3,Humid Chaco,Paraguay,-58.531959,-23.407424,7.866666666666666,False,17,3109,track,82.4023788395054
544.0,2009-08-26 21:10:00,-58.533568,-23.406318,Panthera onca,0-357643,3,Humid Chaco,Paraguay,-58.533568,-23.406318,56.13333333333333,True,18,3109,track,287.147771898571
545.0,2009-08-27 09:04:00,-58.536937,-23.408153,Panthera onca,0-357643,3,Humid Chaco,Paraguay,-58.536937,-23.408153,11.9,False,18,3109,track,458.724244408435
546.0,2009-08-28 06:20:00,-58.536143,-23.407606,Panthera onca,0-357643,3,Humid Chaco,Paraguay,-58.536143,-23.407606,21.266666666666666,False,18,3109,track,425.7663214734937
547.0,2009-08-31 17:17:00,-58.440678,-23.346108,Panthera onca,0-357643,3,Humid Chaco,Paraguay,-58.440678,-23.346108,82.95,True,19,4273,service,1326.9410732438382
548.0,2009-09-02 02:13:00,-58.44866,-23.345153,Panthera onca,0-357643,3,Humid Chaco,Paraguay,-58.44866,-23.345153,32.93333333333333,True,20,4273,service,1612.510169811478
549.0,2009-09-02 06:12:00,-58.449841,-23.343973,Panthera onca,0-357643,3,Humid Chaco,Paraguay,-58.449841,-23.343973,3.983333333333333,False,20,4273,service,1784.7597234138311
550.0,2009-09-04 11:26:00,-58.464046,-23.341388,Panthera onca,0-357643,3,Humid Chaco,Paraguay,-58.464046,-23.341388,53.23333333333333,True,21,4273,service,2963.4266925477305
551.0,2009-09-04 16:16:00,-58.464046,-23.34142,Panthera onca,0-357643,3,Humid Chaco,Paraguay,-58.464046,-23.34142,4.833333333333333,False,21,4273,service,2961.2184564044355
552.0,2009-09-04 20:23:00,-58.463981,-23.341409,Panthera onca,0-357643,3,Humid Chaco,Paraguay,-58.463981,-23.341409,4.116666666666666,False,21,4273,service,2956.7816096359415
553.0,2009-09-05 20:09:00,-58.46735,-23.341216,Panthera onca,0-357643,3,Humid Chaco,Paraguay,-58.46735,-23.341216,23.766666666666666,False,21,4273,service,3245.327314690511
554.0,2009-09-06 00:19:00,-58.478379,-23.365066,Panthera onca,0-357643,3,Humid Chaco,Paraguay,-58.478379,-23.365066,4.166666666666667,False,21,4249,track,2971.0031683842785
555.0,2009-09-06 04:27:00,-58.474967,-23.398583,Panthera onca,0-357643,3,Humid Chaco,Paraguay,-58.474967,-23.398583,4.133333333333334,False,21,3109,track,3682.0124524804883
556.0,2009-09-06 08:15:00,-58.475654,-23.39045,Panthera onca,0-357643,3,Humid Chaco,Paraguay,-58.475654,-23.39045,3.8,False,21,4249,track,3369.6361192123127
557.0,2009-09-07 05:29:00,-58.474667,-23.399001,Panthera onca,0-357643,3,Humid Chaco,Paraguay,-58.474667,-23.399001,21.23333333333333,False,21,3109,track,3717.3790428560046
558.0,2009-09-07 17:34:00,-58.474045,-23.338984,Panthera onca,0-357643,3,Humid Chaco,Paraguay,-58.474045,-23.338984,12.083333333333334,False,21,4256,track,3533.915333762335
559.0,2009-09-08 18:31:00,-58.470655,-23.341377,Panthera onca,0-357643,3,Humid Chaco,Paraguay,-58.470655,-23.341377,24.95,True,22,4273,service,3517.7049490954073
560.0,2009-09-09 02:27:00,-58.47014,-23.341516,Panthera onca,0-357643,3,Humid Chaco,Paraguay,-58.47014,-23.341516,7.933333333333334,False,22,4273,service,3464.848009878797
561.0,2009-09-09 10:16:00,-58.475118,-23.343362,Panthera onca,0-357643,3,Humid Chaco,Paraguay,-58.475118,-23.343362,7.816666666666666,False,22,4273,service,3814.316639805734
562.0,2009-09-09 18:19:00,-58.474002,-23.335841,Panthera onca,0-357643,3,Humid Chaco,Paraguay,-58.474002,-23.335841,8.05,False,22,4256,track,3187.945768557542
563.0,2009-09-10 02:18:00,-58.470032,-23.334982,Panthera onca,0-357643,3,Humid Chaco,Paraguay,-58.470032,-23.334982,7.983333333333333,False,22,4256,track,3162.2788021961856
564.0,2009-09-10 18:23:00,-58.47044,-23.329479,Panthera onca,0-357643,3,Humid Chaco,Paraguay,-58.47044,-23.329479,16.083333333333332,False,22,4256,track,2561.8532131231464
565.0,2009-09-10 22:25:00,-58.470268,-23.332998,Panthera onca,0-357643,3,Humid Chaco,Paraguay,-58.470268,-23.332998,4.033333333333333,False,22,4256,track,2943.108739295112
566.0,2009-09-11 02:24:00,-58.470182,-23.332976,Panthera onca,0-357643,3,Humid Chaco,Paraguay,-58.470182,-23.332976,3.983333333333333,False,22,4256,track,2942.8801928770818
567.0,2009-09-11 19:11:00,-58.474345,-23.33745,Panthera onca,0-357643,3,Humid Chaco,Paraguay,-58.474345,-23.33745,16.783333333333335,False,22,4256,track,3361.984677963816
568.0,2009-09-12 03:17:00,-58.478358,-23.412927,Panthera onca,0-357643,3,Humid Chaco,Paraguay,-58.478358,-23.412927,8.1,False,22,3109,track,3850.402230135154
569.0,2009-09-12 07:21:00,-58.477693,-23.388326,Panthera onca,0-357643,3,Humid Chaco,Paraguay,-58.477693,-23.388326,4.066666666666666,False,22,4249,track,3077.4948217779556
570.0,2009-09-12 23:18:00,-58.479602,-23.378713,Panthera onca,0-357643,3,Humid Chaco,Paraguay,-58.479602,-23.378713,15.95,False,22,4249,track,2590.5949239957044
571.0,2009-09-13 03:12:00,-58.479688,-23.378745,Panthera onca,0-357643,3,Humid Chaco,Paraguay,-58.479688,-23.378745,3.9,False,22,4249,track,2582.2316281671583
572.0,2009-09-14 13:13:00,-58.477285,-23.328159,Panthera onca,0-357643,3,Humid Chaco,Paraguay,-58.477285,-23.328159,34.016666666666666,True,23,4256,track,2320.3618960548856
573.0,2009-09-14 18:19:00,-58.474581,-23.318063,Panthera onca,0-357643,3,Humid Chaco,Paraguay,-58.474581,-23.318063,5.1,False,23,4256,track,1232.0644087396863
574.0,2009-09-15 07:19:00,-58.476448,-23.325305,Panthera onca,0-357643,3,Humid Chaco,Paraguay,-58.476448,-23.325305,13.0,False,23,4256,track,2005.8250409070197
575.0,2009-09-15 11:22:00,-58.47074,-23.321196,Panthera onca,0-357643,3,Humid Chaco,Paraguay,-58.47074,-23.321196,4.05,False,23,4256,track,1684.6922926825052
576.0,2009-09-15 20:28:00,-58.47074,-23.321249,Panthera onca,0-357643,3,Humid Chaco,Paraguay,-58.47074,-23.321249,9.1,False,23,4256,track,1690.0911040957574
577.0,2009-09-16 00:20:00,-58.476319,-23.32538,Panthera onca,0-357643,3,Humid Chaco,Paraguay,-58.476319,-23.32538,3.8666666666666663,False,23,4256,track,2014.677620622653
578.0,2009-09-16 09:27:00,-58.470762,-23.321196,Panthera onca,0-357643,3,Humid Chaco,Paraguay,-58.470762,-23.321196,9.116666666666667,False,23,4256,track,1683.8098219178762
579.0,2009-09-16 13:21:00,-58.470848,-23.321303,Panthera onca,0-357643,3,Humid Chaco,Paraguay,-58.470848,-23.321303,3.9,False,23,4256,track,1691.3150962661934
580.0,2009-09-17 05:37:00,-58.484924,-23.331914,Panthera onca,0-357643,3,Humid Chaco,Paraguay,-58.484924,-23.331914,16.266666666666666,False,23,4256,track,2847.6165612085883
581.0,2009-09-17 10:26:00,-58.487649,-23.335218,Panthera onca,0-357643,3,Humid Chaco,Paraguay,-58.487649,-23.335218,4.816666666666666,False,23,4256,track,3280.5912150817376
582.0,2009-09-18 02:15:00,-58.479238,-23.354412,Panthera onca,0-357643,3,Humid Chaco,Paraguay,-58.479238,-23.354412,15.816666666666666,False,23,4249,track,3559.715642270536
583.0,2009-09-18 06:36:00,-58.475375,-23.381975,Panthera onca,0-357643,3,Humid Chaco,Paraguay,-58.475375,-23.381975,4.35,False,23,4249,track,3074.4782604528623
584.0,2009-09-18 10:15:00,-58.467629,-23.341516,Panthera onca,0-357643,3,Humid Chaco,Paraguay,-58.467629,-23.341516,3.65,False,23,4273,service,3249.8438123987685
585.0,2009-09-18 14:37:00,-58.467608,-23.341581,Panthera onca,0-357643,3,Humid Chaco,Paraguay,-58.467608,-23.341581,4.366666666666666,False,23,4273,service,3244.013157173008
586.0,2009-09-19 11:27:00,-58.450313,-23.344435,Panthera onca,0-357643,3,Humid Chaco,Paraguay,-58.450313,-23.344435,20.83333333333333,False,23,4273,service,1764.6513188601036
587.0,2011-07-04 16:41:00,-58.094738,-23.341109,Panthera onca,325331,4,Humid Chaco,Paraguay,-58.094738,-23.341109,,True,1,4261,service,1823.7743471051203
588.0,2011-07-04 19:41:00,-58.093407,-23.341827,Panthera onca,325331,4,Humid Chaco,Paraguay,-58.093407,-23.341827,3.0,False,1,4261,service,1900.7459951968945
589.0,2011-07-05 05:40:00,-58.11141,-23.334382,Panthera onca,325331,4,Humid Chaco,Paraguay,-58.11141,-23.334382,9.983333333333333,False,1,4261,service,565.9359557653609
590.0,2011-07-05 08:41:00,-58.122954,-23.32406,Panthera onca,325331,4,Humid Chaco,Paraguay,-58.122954,-23.32406,3.0166666666666666,False,1,4336,track,982.9421599036831
591.0,2011-07-05 11:41:00,-58.127675,-23.321925,Panthera onca,325331,4,Humid Chaco,Paraguay,-58.127675,-23.321925,3.0,False,1,4323,service,1305.806554589101
592.0,2011-07-05 14:40:00,-58.128018,-23.318857,Panthera onca,325331,4,Humid Chaco,Paraguay,-58.128018,-23.318857,2.9833333333333334,False,1,4336,track,1330.1093324863707
593.0,2011-07-05 17:40:00,-58.12849,-23.318567,Panthera onca,325331,4,Humid Chaco,Paraguay,-58.12849,-23.318567,3.0,False,1,4336,track,1379.0607415016095
594.0,2011-07-05 20:40:00,-58.12849,-23.318514,Panthera onca,325331,4,Humid Chaco,Paraguay,-58.12849,-23.318514,3.0,False,1,4336,track,1379.2674112265
595.0,2011-07-06 02:40:00,-58.133941,-23.317977,Panthera onca,325331,4,Humid Chaco,Paraguay,-58.133941,-23.317977,6.0,False,1,4323,service,1823.148365147277
596.0,2011-07-06 05:41:00,-58.133941,-23.317859,Panthera onca,325331,4,Humid Chaco,Paraguay,-58.133941,-23.317859,3.0166666666666666,False,1,4323,service,1834.568158973626
597.0,2011-07-06 08:40:00,-58.137116,-23.318192,Panthera onca,325331,4,Humid Chaco,Paraguay,-58.137116,-23.318192,2.9833333333333334,False,1,4323,service,1600.942444947443
598.0,2011-07-06 17:40:00,-58.138297,-23.319962,Panthera onca,325331,4,Humid Chaco,Paraguay,-58.138297,-23.319962,9.0,False,1,4323,service,1373.213506156709
599.0,2011-07-06 20:40:00,-58.140743,-23.316132,Panthera onca,325331,4,Humid Chaco,Paraguay,-58.140743,-23.316132,3.0,False,1,4323,service,1370.8959900651284
600.0,2011-07-06 23:41:00,-58.143747,-23.313235,Panthera onca,325331,4,Humid Chaco,Paraguay,-58.143747,-23.313235,3.0166666666666666,False,1,4323,service,1128.3133431766933
601.0,2011-07-07 08:40:00,-58.141944,-23.311497,Panthera onca,325331,4,Humid Chaco,Paraguay,-58.141944,-23.311497,8.983333333333333,False,1,4323,service,1370.6240638315373
602.0,2011-07-07 11:40:00,-58.141193,-23.308986,Panthera onca,325331,4,Humid Chaco,Paraguay,-58.141193,-23.308986,3.0,False,1,4323,service,1561.0489569268302
603.0,2011-07-07 20:40:00,-58.151557,-23.300983,Panthera onca,325331,4,Humid Chaco,Paraguay,-58.151557,-23.300983,9.0,False,1,4318,service,1201.06426210869
604.0,2011-07-07 23:40:00,-58.150742,-23.297549,Panthera onca,325331,4,Humid Chaco,Paraguay,-58.150742,-23.297549,3.0,False,1,4318,service,1515.8319882748535
605.0,2011-07-08 02:41:00,-58.143983,-23.297013,Panthera onca,325331,4,Humid Chaco,Paraguay,-58.143983,-23.297013,3.0166666666666666,False,1,4318,service,2073.9629116783035
606.0,2011-07-08 11:40:00,-58.13967,-23.291981,Panthera onca,325331,4,Humid Chaco,Paraguay,-58.13967,-23.291981,8.983333333333333,False,1,4336,track,2635.3551171532877
607.0,2011-07-08 18:41:00,-58.139455,-23.29314,Panthera onca,325331,4,Humid Chaco,Paraguay,-58.139455,-23.29314,7.016666666666667,False,1,4336,track,2575.908058912092
608.0,2011-07-08 21:40:00,-58.136773,-23.296927,Panthera onca,325331,4,Humid Chaco,Paraguay,-58.136773,-23.296927,2.9833333333333334,False,1,4336,track,2209.9244532004336
609.0,2011-07-09 13:40:00,-58.129327,-23.294932,Panthera onca,325331,4,Humid Chaco,Paraguay,-58.129327,-23.294932,16.0,False,1,4336,track,1528.8986607735235
610.0,2011-07-09 22:40:00,-58.104222,-23.280576,Panthera onca,325331,4,Humid Chaco,Paraguay,-58.104222,-23.280576,9.0,False,1,4336,track,248.61456033250968
611.0,2011-07-10 01:40:00,-58.095896,-23.274729,Panthera onca,325331,4,Humid Chaco,Paraguay,-58.095896,-23.274729,3.0,False,1,4337,track,662.0694859493498
612.0,2011-07-10 04:41:00,-58.084888,-23.279761,Panthera onca,325331,4,Humid Chaco,Paraguay,-58.084888,-23.279761,3.0166666666666666,False,1,4337,track,413.0264808675878
613.0,2011-07-10 07:41:00,-58.084674,-23.280051,Panthera onca,325331,4,Humid Chaco,Paraguay,-58.084674,-23.280051,3.0,False,1,4337,track,431.9569710828494
614.0,2011-07-10 10:40:00,-58.08388,-23.279611,Panthera onca,325331,4,Humid Chaco,Paraguay,-58.08388,-23.279611,2.9833333333333334,False,1,4337,track,517.2014566519505
615.0,2011-07-10 14:40:00,-58.082614,-23.261833,Panthera onca,325331,4,Humid Chaco,Paraguay,-58.082614,-23.261833,4.0,False,1,4337,track,819.3042644252978
616.0,2011-07-10 17:40:00,-58.08212,-23.261812,Panthera onca,325331,4,Humid Chaco,Paraguay,-58.08212,-23.261812,3.0,False,1,4337,track,869.0793225012894
617.0,2011-07-10 20:40:00,-58.068645,-23.264043,Panthera onca,325331,4,Humid Chaco,Paraguay,-58.068645,-23.264043,3.0,False,1,4337,track,2214.707916740196
618.0,2011-07-10 23:40:00,-58.072207,-23.255289,Panthera onca,325331,4,Humid Chaco,Paraguay,-58.072207,-23.255289,3.0,False,1,4337,track,2062.7117074313333
619.0,2011-07-11 05:40:00,-58.092356,-23.264247,Panthera onca,325331,4,Humid Chaco,Paraguay,-58.092356,-23.264247,6.0,False,1,4337,track,204.80099093440833
620.0,2011-07-11 11:41:00,-58.098922,-23.267165,Panthera onca,325331,4,Humid Chaco,Paraguay,-58.098922,-23.267165,6.016666666666667,False,1,4337,track,900.2579883048678
621.0,2011-07-11 14:40:00,-58.097849,-23.26812,Panthera onca,325331,4,Humid Chaco,Paraguay,-58.097849,-23.26812,2.9833333333333334,False,1,4337,track,799.5124196036147
622.0,2011-07-11 17:41:00,-58.097827,-23.268131,Panthera onca,325331,4,Humid Chaco,Paraguay,-58.097827,-23.268131,3.0166666666666666,False,1,4337,track,797.3725095564288
623.0,2011-07-11 23:40:00,-58.118899,-23.256147,Panthera onca,325331,4,Humid Chaco,Paraguay,-58.118899,-23.256147,5.983333333333333,False,1,4337,track,3002.195722901592
624.0,2011-07-12 02:40:00,-58.124242,-23.250815,Panthera onca,325331,4,Humid Chaco,Paraguay,-58.124242,-23.250815,3.0,False,1,4337,track,3706.685911403201
625.0,2011-07-12 05:40:00,-58.124199,-23.250622,Panthera onca,325331,4,Humid Chaco,Paraguay,-58.124199,-23.250622,3.0,False,1,4337,track,3710.4815156483023
626.0,2011-07-12 08:41:00,-58.120272,-23.254334,Panthera onca,325331,4,Humid Chaco,Paraguay,-58.120272,-23.254334,3.0166666666666666,False,1,4337,track,3193.212619021437
627.0,2011-07-12 11:40:00,-58.100767,-23.271682,Panthera onca,325331,4,Humid Chaco,Paraguay,-58.100767,-23.271682,2.9833333333333334,False,1,4337,track,1130.149792293722
628.0,2011-07-12 14:40:00,-58.1036,-23.272841,Panthera onca,325331,4,Humid Chaco,Paraguay,-58.1036,-23.272841,3.0,False,1,4336,track,1105.1608286224305
629.0,2011-07-12 17:40:00,-58.103557,-23.27224,Panthera onca,325331,4,Humid Chaco,Paraguay,-58.103557,-23.27224,3.0,False,1,4336,track,1171.712332423957
630.0,2011-07-12 21:41:00,-58.107569,-23.269579,Panthera onca,325331,4,Humid Chaco,Paraguay,-58.107569,-23.269579,4.016666666666667,False,1,4336,track,1467.3991285083714
631.0,2011-07-13 00:40:00,-58.124113,-23.250997,Panthera onca,325331,4,Humid Chaco,Paraguay,-58.124113,-23.250997,2.9833333333333334,False,1,4337,track,3687.0508036181504
632.0,2011-07-13 03:40:00,-58.124177,-23.250986,Panthera onca,325331,4,Humid Chaco,Paraguay,-58.124177,-23.250986,3.0,False,1,4337,track,3693.5945244941568
633.0,2011-07-13 09:40:00,-58.127847,-23.273946,Panthera onca,325331,4,Humid Chaco,Paraguay,-58.127847,-23.273946,6.0,False,1,4336,track,2195.3628662151505
634.0,2011-07-13 12:40:00,-58.132632,-23.28563,Panthera onca,325331,4,Humid Chaco,Paraguay,-58.132632,-23.28563,3.0,False,1,4336,track,2200.9619462767478
635.0,2011-07-13 15:41:00,-58.132911,-23.286864,Panthera onca,325331,4,Humid Chaco,Paraguay,-58.132911,-23.286864,3.0166666666666666,False,1,4336,track,2182.0152889378246
636.0,2011-07-13 22:40:00,-58.133061,-23.296809,Panthera onca,325331,4,Humid Chaco,Paraguay,-58.133061,-23.296809,6.983333333333333,False,1,4336,track,1840.726094423309
637.0,2011-07-14 01:40:00,-58.13319,-23.297002,Panthera onca,325331,4,Humid Chaco,Paraguay,-58.13319,-23.297002,3.0,False,1,4336,track,1849.1042264842438
638.0,2011-07-14 05:40:00,-58.133404,-23.297367,Panthera onca,325331,4,Humid Chaco,Paraguay,-58.133404,-23.297367,4.0,False,1,4336,track,1862.528203983859
639.0,2011-07-14 11:40:00,-58.133147,-23.297002,Panthera onca,325331,4,Humid Chaco,Paraguay,-58.133147,-23.297002,6.0,False,1,4336,track,1844.8002104272223
640.0,2011-07-14 14:40:00,-58.136022,-23.298193,Panthera onca,325331,4,Humid Chaco,Paraguay,-58.136022,-23.298193,3.0,False,1,4336,track,2106.969226814679
641.0,2011-07-14 17:40:00,-58.136001,-23.298215,Panthera onca,325331,4,Humid Chaco,Paraguay,-58.136001,-23.298215,3.0,False,1,4336,track,2104.383103882216
642.0,2011-07-15 05:41:00,-58.147738,-23.296262,Panthera onca,325331,4,Humid Chaco,Paraguay,-58.147738,-23.296262,12.016666666666667,False,1,4318,service,1842.7477819444493
643.0,2011-07-15 17:40:00,-58.151536,-23.301959,Panthera onca,325331,4,Humid Chaco,Paraguay,-58.151536,-23.301959,11.983333333333333,False,1,4318,service,1131.6359493372413
644.0,2011-07-15 20:40:00,-58.152587,-23.307356,Panthera onca,325331,4,Humid Chaco,Paraguay,-58.152587,-23.307356,3.0,False,1,4318,service,716.5556609634987
645.0,2011-07-15 23:40:00,-58.164883,-23.297925,Panthera onca,325331,4,Humid Chaco,Paraguay,-58.164883,-23.297925,3.0,False,1,4318,service,745.5440223965983
646.0,2011-07-16 02:40:00,-58.173251,-23.295082,Panthera onca,325331,4,Humid Chaco,Paraguay,-58.173251,-23.295082,3.0,False,1,4318,service,976.2505383935105
647.0,2011-07-16 05:40:00,-58.173165,-23.295125,Panthera onca,325331,4,Humid Chaco,Paraguay,-58.173165,-23.295125,3.0,False,1,4318,service,972.8217117151559
648.0,2011-07-16 08:40:00,-58.165355,-23.290136,Panthera onca,325331,4,Humid Chaco,Paraguay,-58.165355,-23.290136,3.0,False,1,4318,service,1588.5224464221953
649.0,2011-07-16 11:41:00,-58.151021,-23.301047,Panthera onca,325331,4,Humid Chaco,Paraguay,-58.151021,-23.301047,3.0166666666666666,False,1,4318,service,1237.7103350604255
650.0,2011-07-17 05:41:00,-58.152652,-23.307731,Panthera onca,325331,4,Humid Chaco,Paraguay,-58.152652,-23.307731,18.0,False,1,4320,service,693.4901818812283
651.0,2011-07-17 18:40:00,-58.148768,-23.318986,Panthera onca,325331,4,Humid Chaco,Paraguay,-58.148768,-23.318986,12.983333333333333,False,1,4323,service,522.955596718152
652.0,2011-07-17 21:40:00,-58.145721,-23.325874,Panthera onca,325331,4,Humid Chaco,Paraguay,-58.145721,-23.325874,3.0,False,1,4323,service,383.6788005649509
653.0,2011-07-18 07:41:00,-58.11347,-23.337643,Panthera onca,325331,4,Humid Chaco,Paraguay,-58.11347,-23.337643,10.016666666666667,False,1,4261,service,783.9516310328003
654.0,2011-07-18 13:40:00,-58.081713,-23.340207,Panthera onca,325331,4,Humid Chaco,Paraguay,-58.081713,-23.340207,5.983333333333333,False,1,4261,service,1698.2698622224666
655.0,2011-07-18 16:40:00,-58.081584,-23.3401,Panthera onca,325331,4,Humid Chaco,Paraguay,-58.081584,-23.3401,3.0,False,1,4261,service,1685.4434844202415
656.0,2011-07-18 22:40:00,-58.063345,-23.344123,Panthera onca,325331,4,Humid Chaco,Paraguay,-58.063345,-23.344123,6.0,False,1,4261,service,2265.5429679478184
657.0,2011-07-19 01:41:00,-58.067143,-23.359712,Panthera onca,325331,4,Humid Chaco,Paraguay,-58.067143,-23.359712,3.0166666666666666,False,1,4330,track,3427.7509610163534
658.0,2011-07-19 05:40:00,-58.074439,-23.376074,Panthera onca,325331,4,Humid Chaco,Paraguay,-58.074439,-23.376074,3.983333333333333,False,1,4330,track,1490.3957584484679
659.0,2011-07-19 08:40:00,-58.095059,-23.366697,Panthera onca,325331,4,Humid Chaco,Paraguay,-58.095059,-23.366697,3.0,False,1,4317,track,1666.5021696526153
660.0,2011-07-19 11:41:00,-58.115358,-23.351612,Panthera onca,325331,4,Humid Chaco,Paraguay,-58.115358,-23.351612,3.0166666666666666,False,1,4317,track,972.5269921048456
661.0,2011-07-19 17:41:00,-58.12819,-23.344789,Panthera onca,325331,4,Humid Chaco,Paraguay,-58.12819,-23.344789,6.0,False,1,4261,service,165.92013029943374
662.0,2011-07-19 23:40:00,-58.154776,-23.352975,Panthera onca,325331,4,Humid Chaco,Paraguay,-58.154776,-23.352975,5.983333333333333,False,1,4261,service,593.5056430244531
663.0,2011-07-20 02:41:00,-58.159432,-23.354326,Panthera onca,325331,4,Humid Chaco,Paraguay,-58.159432,-23.354326,3.0166666666666666,False,1,4261,service,497.83679017833424
664.0,2011-07-20 05:40:00,-58.167222,-23.355271,Panthera onca,325331,4,Humid Chaco,Paraguay,-58.167222,-23.355271,2.9833333333333334,False,1,4261,service,208.3134744584896
665.0,2011-07-20 08:40:00,-58.173745,-23.361686,Panthera onca,325331,4,Humid Chaco,Paraguay,-58.173745,-23.361686,3.0,False,1,4261,service,621.4939794021244
666.0,2011-07-21 15:40:00,-58.12628,-23.309652,Panthera onca,325331,4,Humid Chaco,Paraguay,-58.12628,-23.309652,31.0,True,2,4336,track,1179.958158948033
667.0,2011-07-21 21:40:00,-58.111002,-23.316615,Panthera onca,325331,4,Humid Chaco,Paraguay,-58.111002,-23.316615,6.0,False,2,4336,track,150.06432592827917
668.0,2011-07-22 03:40:00,-58.091304,-23.329854,Panthera onca,325331,4,Humid Chaco,Paraguay,-58.091304,-23.329854,6.0,False,2,4261,service,594.8169173182014
669.0,2011-07-22 16:41:00,-58.089609,-23.338319,Panthera onca,325331,4,Humid Chaco,Paraguay,-58.089609,-23.338319,13.016666666666667,False,2,4261,service,1507.3110307084773
670.0,2011-07-22 19:40:00,-58.089867,-23.33613,Panthera onca,325331,4,Humid Chaco,Paraguay,-58.089867,-23.33613,2.9833333333333334,False,2,4261,service,1266.311425610044
671.0,2011-07-22 22:40:00,-58.091326,-23.330079,Panthera onca,325331,4,Humid Chaco,Paraguay,-58.091326,-23.330079,3.0,False,2,4261,service,619.4271144692724
672.0,2011-07-23 01:40:00,-58.092141,-23.330498,Panthera onca,325331,4,Humid Chaco,Paraguay,-58.092141,-23.330498,3.0,False,2,4261,service,658.1595441858155
673.0,2011-07-23 04:40:00,-58.089094,-23.332279,Panthera onca,325331,4,Humid Chaco,Paraguay,-58.089094,-23.332279,3.0,False,2,4261,service,837.8761662582576
674.0,2011-07-23 07:40:00,-58.089716,-23.333931,Panthera onca,325331,4,Humid Chaco,Paraguay,-58.089716,-23.333931,3.0,False,2,4261,service,1022.3516905818731
675.0,2011-07-23 16:41:00,-58.089588,-23.337997,Panthera onca,325331,4,Humid Chaco,Paraguay,-58.089588,-23.337997,9.016666666666667,False,2,4261,service,1471.610150608621
676.0,2011-07-23 19:40:00,-58.091326,-23.336999,Panthera onca,325331,4,Humid Chaco,Paraguay,-58.091326,-23.336999,2.9833333333333334,False,2,4261,service,1378.3863243931037
677.0,2011-07-23 22:40:00,-58.091626,-23.332847,Panthera onca,325331,4,Humid Chaco,Paraguay,-58.091626,-23.332847,3.0,False,2,4261,service,921.9182853686827
678.0,2011-07-24 01:40:00,-58.091626,-23.332847,Panthera onca,325331,4,Humid Chaco,Paraguay,-58.091626,-23.332847,3.0,False,2,4261,service,921.9182853686827
679.0,2011-07-24 04:40:00,-58.091691,-23.332826,Panthera onca,325331,4,Humid Chaco,Paraguay,-58.091691,-23.332826,3.0,False,2,4261,service,919.0065177514919
680.0,2011-07-24 07:41:00,-58.091154,-23.33407,Panthera onca,325331,4,Humid Chaco,Paraguay,-58.091154,-23.33407,3.0166666666666666,False,2,4261,service,1056.047958264414
681.0,2011-07-24 20:40:00,-58.09124,-23.336678,Panthera onca,325331,4,Humid Chaco,Paraguay,-58.09124,-23.336678,12.983333333333333,False,2,4261,service,1341.8966887643837
682.0,2011-07-24 23:40:00,-58.091712,-23.332858,Panthera onca,325331,4,Humid Chaco,Paraguay,-58.091712,-23.332858,3.0,False,2,4261,service,922.3427792591127
683.0,2011-07-25 02:40:00,-58.091712,-23.332826,Panthera onca,325331,4,Humid Chaco,Paraguay,-58.091712,-23.332826,3.0,False,2,4261,service,918.8139690325188
684.0,2011-07-25 05:40:00,-58.091669,-23.33288,Panthera onca,325331,4,Humid Chaco,Paraguay,-58.091669,-23.33288,3.0,False,2,4261,service,925.1631028239092
685.0,2011-07-26 16:42:00,-58.139713,-23.312849,Panthera onca,325331,4,Humid Chaco,Paraguay,-58.139713,-23.312849,35.03333333333333,True,3,4323,service,1535.2196708178283
686.0,2011-07-29 18:41:00,-58.139949,-23.312902,Panthera onca,325331,4,Humid Chaco,Paraguay,-58.139949,-23.312902,73.98333333333333,True,4,4323,service,1510.3950910394735
687.0,2011-07-29 21:40:00,-58.139949,-23.312935,Panthera onca,325331,4,Humid Chaco,Paraguay,-58.139949,-23.312935,2.9833333333333334,False,4,4323,service,1509.4240089509146
688.0,2011-07-31 23:40:00,-58.136816,-23.339124,Panthera onca,325331,4,Humid Chaco,Paraguay,-58.136816,-23.339124,50.0,True,5,4323,service,430.7461092892607
689.0,2011-08-01 03:41:00,-58.104222,-23.29844,Panthera onca,325331,4,Humid Chaco,Paraguay,-58.104222,-23.29844,4.016666666666667,False,5,4336,track,1013.7243291807556
690.0,2011-08-01 06:40:00,-58.128061,-23.305961,Panthera onca,325331,4,Humid Chaco,Paraguay,-58.128061,-23.305961,2.9833333333333334,False,5,4336,track,1251.709552488689
691.0,2011-08-02 10:42:00,-58.140399,-23.312849,Panthera onca,325331,4,Humid Chaco,Paraguay,-58.140399,-23.312849,28.03333333333333,True,6,4323,service,1467.7226841201095
692.0,2011-08-02 13:40:00,-58.141537,-23.309684,Panthera onca,325331,4,Humid Chaco,Paraguay,-58.141537,-23.309684,2.966666666666667,False,6,4323,service,1497.7581271595097
693.0,2011-08-03 11:40:00,-58.139069,-23.305285,Panthera onca,325331,4,Humid Chaco,Paraguay,-58.139069,-23.305285,22.0,False,6,4323,service,1938.2537745552067
694.0,2011-08-03 17:41:00,-58.139949,-23.312978,Panthera onca,325331,4,Humid Chaco,Paraguay,-58.139949,-23.312978,6.016666666666667,False,6,4323,service,1508.1710038292254
695.0,2011-08-03 20:41:00,-58.132525,-23.318288,Panthera onca,325331,4,Humid Chaco,Paraguay,-58.132525,-23.318288,3.0,False,6,4323,service,1771.6162814646575
696.0,2011-08-03 23:41:00,-58.132546,-23.318267,Panthera onca,325331,4,Humid Chaco,Paraguay,-58.132546,-23.318267,3.0,False,6,4323,service,1774.317421190096
697.0,2011-08-04 02:40:00,-58.132482,-23.318256,Panthera onca,325331,4,Humid Chaco,Paraguay,-58.132482,-23.318256,2.9833333333333334,False,6,4323,service,1774.228320242101
698.0,2011-08-04 05:41:00,-58.131602,-23.318728,Panthera onca,325331,4,Humid Chaco,Paraguay,-58.131602,-23.318728,3.0166666666666666,False,6,4336,track,1696.7545648285252
699.0,2011-08-04 18:41:00,-58.139992,-23.31287,Panthera onca,325331,4,Humid Chaco,Paraguay,-58.139992,-23.31287,13.0,False,6,4323,service,1507.109996258808
700.0,2011-08-05 11:41:00,-58.13246,-23.317838,Panthera onca,325331,4,Humid Chaco,Paraguay,-58.13246,-23.317838,17.0,False,6,4336,track,1788.7331891275887
701.0,2011-08-05 22:41:00,-58.141708,-23.312763,Panthera onca,325331,4,Humid Chaco,Paraguay,-58.141708,-23.312763,11.0,False,6,4323,service,1342.6213951977365
702.0,2011-08-06 01:40:00,-58.139906,-23.312999,Panthera onca,325331,4,Humid Chaco,Paraguay,-58.139906,-23.312999,2.9833333333333334,False,6,4323,service,1511.8102609382547
703.0,2011-08-08 01:41:00,-58.139842,-23.312967,Panthera onca,325331,4,Humid Chaco,Paraguay,-58.139842,-23.312967,48.016666666666666,True,7,4323,service,1519.0512472442633
704.0,2011-08-08 07:41:00,-58.139799,-23.312978,Panthera onca,325331,4,Humid Chaco,Paraguay,-58.139799,-23.312978,6.0,False,7,4323,service,1522.9808139661714
705.0,2011-08-09 00:40:00,-58.142395,-23.310682,Panthera onca,325331,4,Humid Chaco,Paraguay,-58.142395,-23.310682,16.983333333333334,False,7,4323,service,1368.740560155028
706.0,2011-08-09 03:41:00,-58.140378,-23.310328,Panthera onca,325331,4,Humid Chaco,Paraguay,-58.140378,-23.310328,3.0166666666666666,False,7,4323,service,1570.5100441030916
707.0,2011-08-09 10:41:00,-58.140636,-23.312688,Panthera onca,325331,4,Humid Chaco,Paraguay,-58.140636,-23.312688,7.0,False,7,4323,service,1449.6105882134316
708.0,2011-08-09 20:41:00,-58.141816,-23.310177,Panthera onca,325331,4,Humid Chaco,Paraguay,-58.141816,-23.310177,10.0,False,7,4323,service,1446.9391716320151
709.0,2011-08-09 23:41:00,-58.141665,-23.310606,Panthera onca,325331,4,Humid Chaco,Paraguay,-58.141665,-23.310606,3.0,False,7,4323,service,1439.0279952083604
710.0,2011-08-10 02:41:00,-58.141687,-23.310574,Panthera onca,325331,4,Humid Chaco,Paraguay,-58.141687,-23.310574,3.0,False,7,4323,service,1438.6395796527584
711.0,2011-08-10 05:41:00,-58.141601,-23.310832,Panthera onca,325331,4,Humid Chaco,Paraguay,-58.141601,-23.310832,3.0,False,7,4323,service,1433.6435846615611
712.0,2011-08-10 11:41:00,-58.141665,-23.310757,Panthera onca,325331,4,Humid Chaco,Paraguay,-58.141665,-23.310757,6.0,False,7,4323,service,1431.4695443725884
713.0,2011-08-10 21:40:00,-58.135614,-23.310317,Panthera onca,325331,4,Humid Chaco,Paraguay,-58.135614,-23.310317,9.983333333333333,False,7,4323,service,2020.162063410745
714.0,2011-08-11 00:40:00,-58.118749,-23.29446,Panthera onca,325331,4,Humid Chaco,Paraguay,-58.118749,-23.29446,3.0,False,7,4336,track,532.5649918232939
715.0,2011-08-11 03:40:00,-58.099887,-23.281145,Panthera onca,325331,4,Humid Chaco,Paraguay,-58.099887,-23.281145,3.0,False,7,4336,track,186.44982495814298
716.0,2011-08-11 06:40:00,-58.098578,-23.29918,Panthera onca,325331,4,Humid Chaco,Paraguay,-58.098578,-23.29918,3.0,False,7,4336,track,1583.484740815171
717.0,2011-08-11 09:40:00,-58.0986,-23.299159,Panthera onca,325331,4,Humid Chaco,Paraguay,-58.0986,-23.299159,3.0,False,7,4336,track,1580.5690381677864
718.0,2011-08-12 23:40:00,-58.157372,-23.305982,Panthera onca,325331,4,Humid Chaco,Paraguay,-58.157372,-23.305982,38.0,True,8,4318,service,389.06438692116166
719.0,2011-08-13 02:40:00,-58.161685,-23.297163,Panthera onca,325331,4,Humid Chaco,Paraguay,-58.161685,-23.297163,3.0,False,8,4318,service,959.0973993940418
720.0,2011-08-13 05:40:00,-58.155355,-23.296916,Panthera onca,325331,4,Humid Chaco,Paraguay,-58.155355,-23.296916,3.0,False,8,4318,service,1263.6984007283836
721.0,2011-08-13 08:41:00,-58.155463,-23.296981,Panthera onca,325331,4,Humid Chaco,Paraguay,-58.155463,-23.296981,3.0166666666666666,False,8,4318,service,1251.796519461404
722.0,2011-08-13 23:41:00,-58.140914,-23.309716,Panthera onca,325331,4,Humid Chaco,Paraguay,-58.140914,-23.309716,15.0,False,8,4323,service,1552.3238191760968
723.0,2011-08-14 06:41:00,-58.141086,-23.309566,Panthera onca,325331,4,Humid Chaco,Paraguay,-58.141086,-23.309566,7.0,False,8,4323,service,1544.55087875003
724.0,2011-08-14 09:41:00,-58.140893,-23.309684,Panthera onca,325331,4,Humid Chaco,Paraguay,-58.140893,-23.309684,3.0,False,8,4323,service,1555.8653826078878
725.0,2011-08-14 15:41:00,-58.138683,-23.307527,Panthera onca,325331,4,Humid Chaco,Paraguay,-58.138683,-23.307527,6.0,False,8,4323,service,1860.175548712709
726.0,2011-08-15 00:41:00,-58.124564,-23.329371,Panthera onca,325331,4,Humid Chaco,Paraguay,-58.124564,-23.329371,9.0,False,8,4261,service,556.8705999349611
727.0,2011-08-15 03:40:00,-58.139992,-23.325251,Panthera onca,325331,4,Humid Chaco,Paraguay,-58.139992,-23.325251,2.9833333333333334,False,8,4323,service,815.4144353592484
728.0,2011-08-15 06:40:00,-58.13997,-23.325251,Panthera onca,325331,4,Humid Chaco,Paraguay,-58.13997,-23.325251,3.0,False,8,4323,service,816.8927624162209
729.0,2011-08-15 09:41:00,-58.140936,-23.309662,Panthera onca,325331,4,Humid Chaco,Paraguay,-58.140936,-23.309662,3.0166666666666666,False,8,4323,service,1553.099497284817
730.0,2011-08-15 12:41:00,-58.140872,-23.309737,Panthera onca,325331,4,Humid Chaco,Paraguay,-58.140872,-23.309737,3.0,False,8,4323,service,1555.066784649402
731.0,2011-08-16 02:41:00,-58.15851,-23.304276,Panthera onca,325331,4,Humid Chaco,Paraguay,-58.15851,-23.304276,14.0,False,8,4318,service,428.24110585677425
732.0,2011-08-16 06:41:00,-58.155034,-23.297067,Panthera onca,325331,4,Humid Chaco,Paraguay,-58.155034,-23.297067,4.0,False,8,4318,service,1267.1733669298567
733.0,2011-08-16 09:40:00,-58.154969,-23.297045,Panthera onca,325331,4,Humid Chaco,Paraguay,-58.154969,-23.297045,2.9833333333333334,False,8,4318,service,1272.8609706734812
734.0,2011-08-16 12:40:00,-58.150442,-23.302066,Panthera onca,325331,4,Humid Chaco,Paraguay,-58.150442,-23.302066,3.0,False,8,4318,service,1208.2991681575816
735.0,2011-08-16 15:41:00,-58.140829,-23.309716,Panthera onca,325331,4,Humid Chaco,Paraguay,-58.140829,-23.309716,3.0166666666666666,False,8,4323,service,1560.0407905799002
736.0,2011-08-16 21:41:00,-58.140764,-23.309888,Panthera onca,325331,4,Humid Chaco,Paraguay,-58.140764,-23.309888,6.0,False,8,4323,service,1557.2688797693977
737.0,2011-08-17 00:41:00,-58.141215,-23.310467,Panthera onca,325331,4,Humid Chaco,Paraguay,-58.141215,-23.310467,3.0,False,8,4323,service,1487.01425354674
738.0,2011-08-17 06:41:00,-58.143876,-23.317859,Panthera onca,325331,4,Humid Chaco,Paraguay,-58.143876,-23.317859,6.0,False,8,4323,service,1032.9178149563731
739.0,2011-08-17 09:41:00,-58.143983,-23.317763,Panthera onca,325331,4,Humid Chaco,Paraguay,-58.143983,-23.317763,3.0,False,8,4323,service,1023.0990419652842
740.0,2011-08-17 12:41:00,-58.143725,-23.31773,Panthera onca,325331,4,Humid Chaco,Paraguay,-58.143725,-23.31773,3.0,False,8,4323,service,1049.7150072747013
741.0,2011-08-17 18:41:00,-58.146966,-23.317376,Panthera onca,325331,4,Humid Chaco,Paraguay,-58.146966,-23.317376,6.0,False,8,4323,service,723.9091790080214
742.0,2011-08-19 11:40:00,-58.140936,-23.309652,Panthera onca,325331,4,Humid Chaco,Paraguay,-58.140936,-23.309652,40.98333333333333,True,9,4323,service,1553.6146892402717
743.0,2011-08-19 14:40:00,-58.140893,-23.309619,Panthera onca,325331,4,Humid Chaco,Paraguay,-58.140893,-23.309619,3.0,False,9,4323,service,1559.207959884297
744.0,2011-08-19 17:41:00,-58.140914,-23.309673,Panthera onca,325331,4,Humid Chaco,Paraguay,-58.140914,-23.309673,3.0166666666666666,False,9,4323,service,1554.5263225052404
745.0,2011-08-20 02:41:00,-58.140936,-23.309652,Panthera onca,325331,4,Humid Chaco,Paraguay,-58.140936,-23.309652,9.0,False,9,4323,service,1553.6146892402717
746.0,2011-08-20 21:41:00,-58.139627,-23.307946,Panthera onca,325331,4,Humid Chaco,Paraguay,-58.139627,-23.307946,19.0,False,9,4323,service,1753.15087311681
747.0,2011-08-21 03:41:00,-58.140979,-23.309652,Panthera onca,325331,4,Humid Chaco,Paraguay,-58.140979,-23.309652,6.0,False,9,4323,service,1549.7243761394082
748.0,2011-08-21 10:41:00,-58.141022,-23.309652,Panthera onca,325331,4,Humid Chaco,Paraguay,-58.141022,-23.309652,7.0,False,9,4323,service,1545.8367806271535
749.0,2011-08-21 16:41:00,-58.140914,-23.309662,Panthera onca,325331,4,Humid Chaco,Paraguay,-58.140914,-23.309662,6.0,False,9,4323,service,1555.0915939203196
750.0,2011-08-21 19:41:00,-58.140357,-23.306315,Panthera onca,325331,4,Humid Chaco,Paraguay,-58.140357,-23.306315,3.0,False,9,4323,service,1767.0378323102914
751.0,2011-08-22 01:40:00,-58.155978,-23.30653,Panthera onca,325331,4,Humid Chaco,Paraguay,-58.155978,-23.30653,5.983333333333333,False,9,4318,service,456.9987963343784
752.0,2011-08-22 04:40:00,-58.162909,-23.308654,Panthera onca,325331,4,Humid Chaco,Paraguay,-58.162909,-23.308654,3.0,False,9,4318,service,219.68018117281986
753.0,2011-08-22 07:40:00,-58.16293,-23.308665,Panthera onca,325331,4,Humid Chaco,Paraguay,-58.16293,-23.308665,3.0,False,9,4318,service,222.13609754474376
754.0,2011-08-22 10:41:00,-58.150871,-23.311476,Panthera onca,325331,4,Humid Chaco,Paraguay,-58.150871,-23.311476,3.0166666666666666,False,9,4323,service,551.1563012879446
755.0,2011-08-22 13:40:00,-58.150892,-23.311508,Panthera onca,325331,4,Humid Chaco,Paraguay,-58.150892,-23.311508,2.9833333333333334,False,9,4323,service,547.4133779829577
756.0,2011-08-22 16:41:00,-58.140893,-23.309673,Panthera onca,325331,4,Humid Chaco,Paraguay,-58.140893,-23.309673,3.0166666666666666,False,9,4323,service,1556.4292147659453
757.0,2011-08-23 01:40:00,-58.162951,-23.308675,Panthera onca,325331,4,Humid Chaco,Paraguay,-58.162951,-23.308675,8.983333333333333,False,9,4318,service,224.5278160400745
758.0,2011-08-23 04:40:00,-58.162951,-23.308686,Panthera onca,325331,4,Humid Chaco,Paraguay,-58.162951,-23.308686,3.0,False,9,4318,service,225.23399167982924
759.0,2011-08-23 07:40:00,-58.16293,-23.308675,Panthera onca,325331,4,Humid Chaco,Paraguay,-58.16293,-23.308675,3.0,False,9,4318,service,222.77807552773425
760.0,2011-08-23 18:40:00,-58.1463,-23.312001,Panthera onca,325331,4,Humid Chaco,Paraguay,-58.1463,-23.312001,11.0,False,9,4323,service,947.277990399186
761.0,2011-08-24 00:40:00,-58.163917,-23.310478,Panthera onca,325331,4,Humid Chaco,Paraguay,-58.163917,-23.310478,6.0,False,9,4318,service,433.41875072236235
762.0,2011-08-24 03:40:00,-58.163424,-23.310038,Panthera onca,325331,4,Humid Chaco,Paraguay,-58.163424,-23.310038,3.0,False,9,4318,service,363.65968866655686
763.0,2011-08-24 06:40:00,-58.156514,-23.311411,Panthera onca,325331,4,Humid Chaco,Paraguay,-58.156514,-23.311411,3.0,False,9,4320,service,154.1060753798133
764.0,2011-08-24 22:41:00,-58.145914,-23.311486,Panthera onca,325331,4,Humid Chaco,Paraguay,-58.145914,-23.311486,16.016666666666666,False,9,4323,service,1009.0957311029372
765.0,2011-08-25 01:40:00,-58.161879,-23.309147,Panthera onca,325331,4,Humid Chaco,Paraguay,-58.161879,-23.309147,2.9833333333333334,False,9,4318,service,186.50081904834718
766.0,2011-08-25 04:40:00,-58.156879,-23.310349,Panthera onca,325331,4,Humid Chaco,Paraguay,-58.156879,-23.310349,3.0,False,9,4318,service,213.17989207705256
767.0,2011-08-26 01:41:00,-58.147008,-23.310596,Panthera onca,325331,4,Humid Chaco,Paraguay,-58.147008,-23.310596,21.016666666666666,False,9,4323,service,944.3383114909037
768.0,2011-08-26 04:40:00,-58.146966,-23.310725,Panthera onca,325331,4,Humid Chaco,Paraguay,-58.146966,-23.310725,2.9833333333333334,False,9,4323,service,942.2684699251294
769.0,2011-08-26 10:40:00,-58.147008,-23.310682,Panthera onca,325331,4,Humid Chaco,Paraguay,-58.147008,-23.310682,6.0,False,9,4323,service,940.3292424540645
770.0,2011-08-26 13:41:00,-58.14703,-23.310714,Panthera onca,325331,4,Humid Chaco,Paraguay,-58.14703,-23.310714,3.0166666666666666,False,9,4323,service,936.8100493412596
771.0,2011-08-26 22:41:00,-58.142481,-23.308976,Panthera onca,325331,4,Humid Chaco,Paraguay,-58.142481,-23.308976,9.0,False,9,4323,service,1440.0332668331823
772.0,2011-08-27 01:41:00,-58.142481,-23.309115,Panthera onca,325331,4,Humid Chaco,Paraguay,-58.142481,-23.309115,3.0,False,9,4323,service,1433.8938799381258
773.0,2011-08-27 07:40:00,-58.142438,-23.309062,Panthera onca,325331,4,Humid Chaco,Paraguay,-58.142438,-23.309062,5.983333333333333,False,9,4323,service,1440.2538652915437
774.0,2011-08-27 20:40:00,-58.12068,-23.295404,Panthera onca,325331,4,Humid Chaco,Paraguay,-58.12068,-23.295404,13.0,False,9,4336,track,681.4671931805408
775.0,2011-08-27 23:40:00,-58.119392,-23.294975,Panthera onca,325331,4,Humid Chaco,Paraguay,-58.119392,-23.294975,3.0,False,9,4336,track,574.4325302578542
776.0,2011-08-28 02:40:00,-58.115938,-23.297657,Panthera onca,325331,4,Humid Chaco,Paraguay,-58.115938,-23.297657,3.0,False,9,4336,track,140.04347763140152
777.0,2011-08-28 05:41:00,-58.108664,-23.322301,Panthera onca,325331,4,Humid Chaco,Paraguay,-58.108664,-23.322301,3.0166666666666666,False,9,4336,track,284.33102593219354
778.0,2011-08-28 08:40:00,-58.090189,-23.330787,Panthera onca,325331,4,Humid Chaco,Paraguay,-58.090189,-23.330787,2.9833333333333334,False,9,4261,service,680.8549030384465
779.0,2011-08-28 11:40:00,-58.12716,-23.344767,Panthera onca,325331,4,Humid Chaco,Paraguay,-58.12716,-23.344767,3.0,False,9,4261,service,265.76501257971984
780.0,2011-08-28 14:40:00,-58.127911,-23.344316,Panthera onca,325331,4,Humid Chaco,Paraguay,-58.127911,-23.344316,3.0,False,9,4261,service,177.6313685276423
781.0,2011-08-28 17:40:00,-58.127933,-23.344402,Panthera onca,325331,4,Humid Chaco,Paraguay,-58.127933,-23.344402,3.0,False,9,4261,service,178.3069177790559
782.0,2011-08-28 20:40:00,-58.129005,-23.339102,Panthera onca,325331,4,Humid Chaco,Paraguay,-58.129005,-23.339102,3.0,False,9,4261,service,177.93833142442332
783.0,2011-08-29 03:40:00,-58.142459,-23.309008,Panthera onca,325331,4,Humid Chaco,Paraguay,-58.142459,-23.309008,7.0,False,9,4323,service,1440.6685638429906
784.0,2011-08-29 06:40:00,-58.142481,-23.309051,Panthera onca,325331,4,Humid Chaco,Paraguay,-58.142481,-23.309051,3.0,False,9,4323,service,1436.703427476284
785.0,2011-08-29 22:40:00,-58.152931,-23.306851,Panthera onca,325331,4,Humid Chaco,Paraguay,-58.152931,-23.306851,16.0,False,9,4318,service,706.2275164287826
786.0,2011-08-30 01:40:00,-58.1301,-23.335433,Panthera onca,325331,4,Humid Chaco,Paraguay,-58.1301,-23.335433,3.0,False,9,4323,service,123.70421706412026
787.0,2011-08-30 04:40:00,-58.092978,-23.332751,Panthera onca,325331,4,Humid Chaco,Paraguay,-58.092978,-23.332751,3.0,False,9,4261,service,898.9390279389917
788.0,2011-08-30 07:40:00,-58.097548,-23.33171,Panthera onca,325331,4,Humid Chaco,Paraguay,-58.097548,-23.33171,3.0,False,9,4261,service,794.4793743344876
789.0,2011-08-30 14:41:00,-58.143575,-23.309104,Panthera onca,325331,4,Humid Chaco,Paraguay,-58.143575,-23.309104,7.016666666666667,False,9,4323,service,1332.3343487492832
790.0,2011-08-30 17:41:00,-58.143575,-23.309104,Panthera onca,325331,4,Humid Chaco,Paraguay,-58.143575,-23.309104,3.0,False,9,4323,service,1332.3343487492832
791.0,2011-08-30 23:41:00,-58.143489,-23.309104,Panthera onca,325331,4,Humid Chaco,Paraguay,-58.143489,-23.309104,6.0,False,9,4323,service,1340.2989594159803
792.0,2011-08-31 05:40:00,-58.143554,-23.309051,Panthera onca,325331,4,Humid Chaco,Paraguay,-58.143554,-23.309051,5.983333333333333,False,9,4323,service,1336.7813352690748
793.0,2011-08-31 08:41:00,-58.143575,-23.309072,Panthera onca,325331,4,Humid Chaco,Paraguay,-58.143575,-23.309072,3.0166666666666666,False,9,4323,service,1333.8453311097164
794.0,2011-08-31 14:41:00,-58.150141,-23.314233,Panthera onca,325331,4,Humid Chaco,Paraguay,-58.150141,-23.314233,6.0,False,9,4323,service,484.47814789394516
795.0,2011-08-31 17:41:00,-58.165827,-23.314898,Panthera onca,325331,4,Humid Chaco,Paraguay,-58.165827,-23.314898,3.0,False,9,4318,service,743.8250253766732
796.0,2011-08-31 20:41:00,-58.169518,-23.316261,Panthera onca,325331,4,Humid Chaco,Paraguay,-58.169518,-23.316261,3.0,False,9,4318,service,1149.2857328692428
797.0,2011-08-31 23:40:00,-58.162737,-23.308504,Panthera onca,325331,4,Humid Chaco,Paraguay,-58.162737,-23.308504,2.9833333333333334,False,9,4318,service,195.7192922454236
798.0,2011-09-01 02:41:00,-58.162029,-23.294513,Panthera onca,325331,4,Humid Chaco,Paraguay,-58.162029,-23.294513,3.0166666666666666,False,9,4318,service,1200.7901111125925
799.0,2011-09-01 05:40:00,-58.148446,-23.261511,Panthera onca,325331,4,Humid Chaco,Paraguay,-58.148446,-23.261511,2.9833333333333334,False,9,4336,track,4706.388175071297
800.0,2011-09-01 08:40:00,-58.139777,-23.256823,Panthera onca,325331,4,Humid Chaco,Paraguay,-58.139777,-23.256823,3.0,False,9,4336,track,4298.678453039636
801.0,2011-09-01 11:40:00,-58.143961,-23.297153,Panthera onca,325331,4,Humid Chaco,Paraguay,-58.143961,-23.297153,3.0,False,9,4318,service,2065.710988753328
802.0,2011-09-01 14:40:00,-58.143983,-23.297195,Panthera onca,325331,4,Humid Chaco,Paraguay,-58.143983,-23.297195,3.0,False,9,4318,service,2061.00427957278
803.0,2011-09-01 17:41:00,-58.14424,-23.297024,Panthera onca,325331,4,Humid Chaco,Paraguay,-58.14424,-23.297024,3.0166666666666666,False,9,4318,service,2053.1731794187863
804.0,2011-09-01 20:41:00,-58.144047,-23.297099,Panthera onca,325331,4,Humid Chaco,Paraguay,-58.144047,-23.297099,3.0,False,9,4318,service,2062.8177981406157
805.0,2011-09-02 03:40:00,-58.147008,-23.310746,Panthera onca,325331,4,Humid Chaco,Paraguay,-58.147008,-23.310746,6.983333333333333,False,9,4323,service,937.397398822689
806.0,2011-09-02 06:40:00,-58.147051,-23.310703,Panthera onca,325331,4,Humid Chaco,Paraguay,-58.147051,-23.310703,3.0,False,9,4323,service,935.362990491919
807.0,2011-09-02 09:40:00,-58.147051,-23.310746,Panthera onca,325331,4,Humid Chaco,Paraguay,-58.147051,-23.310746,3.0,False,9,4323,service,933.3896238443831
808.0,2011-09-02 15:41:00,-58.147159,-23.310746,Panthera onca,325331,4,Humid Chaco,Paraguay,-58.147159,-23.310746,6.016666666666667,False,9,4323,service,923.3392187741357
809.0,2011-09-02 22:40:00,-58.139691,-23.25693,Panthera onca,325331,4,Humid Chaco,Paraguay,-58.139691,-23.25693,6.983333333333333,False,9,4336,track,4284.202191825346
810.0,2011-09-03 01:40:00,-58.137996,-23.260117,Panthera onca,325331,4,Humid Chaco,Paraguay,-58.137996,-23.260117,3.0,False,9,4336,track,3921.3939107479146
811.0,2011-09-03 04:40:00,-58.135657,-23.26341,Panthera onca,325331,4,Humid Chaco,Paraguay,-58.135657,-23.26341,3.0,False,9,4336,track,3505.139934169508
812.0,2011-09-03 07:40:00,-58.136752,-23.265803,Panthera onca,325331,4,Humid Chaco,Paraguay,-58.136752,-23.265803,3.0,False,9,4336,track,3439.855067789106
813.0,2011-09-03 14:40:00,-58.137267,-23.299105,Panthera onca,325331,4,Humid Chaco,Paraguay,-58.137267,-23.299105,7.0,False,9,4336,track,2213.5504887317693
814.0,2011-09-03 23:40:00,-58.149433,-23.271393,Panthera onca,325331,4,Humid Chaco,Paraguay,-58.149433,-23.271393,9.0,False,9,4318,service,4065.6815691304205
815.0,2011-09-04 02:40:00,-58.137074,-23.266511,Panthera onca,325331,4,Humid Chaco,Paraguay,-58.137074,-23.266511,3.0,False,9,4336,track,3424.764515420392
816.0,2011-09-04 08:40:00,-58.136966,-23.266565,Panthera onca,325331,4,Humid Chaco,Paraguay,-58.136966,-23.266565,6.0,False,9,4336,track,3412.2315103118767
817.0,2011-09-04 14:40:00,-58.141859,-23.304448,Panthera onca,325331,4,Humid Chaco,Paraguay,-58.141859,-23.304448,6.0,False,9,4321,service,1747.9560107731256
817.0,2011-09-04 14:40:00,-58.141859,-23.304448,Panthera onca,325331,4,Humid Chaco,Paraguay,-58.141859,-23.304448,6.0,False,9,4320,service,1747.9560107731256
818.0,2011-09-05 00:41:00,-58.14791,-23.30963,Panthera onca,325331,4,Humid Chaco,Paraguay,-58.14791,-23.30963,10.016666666666667,False,9,4323,service,916.4759277925153
819.0,2011-09-05 12:41:00,-58.147888,-23.309609,Panthera onca,325331,4,Humid Chaco,Paraguay,-58.147888,-23.309609,12.0,False,9,4323,service,919.6379923781
820.0,2011-09-05 15:41:00,-58.147674,-23.309544,Panthera onca,325331,4,Humid Chaco,Paraguay,-58.147674,-23.309544,3.0,False,9,4323,service,941.8539894743172
821.0,2011-09-05 18:40:00,-58.160312,-23.314265,Panthera onca,325331,4,Humid Chaco,Paraguay,-58.160312,-23.314265,2.9833333333333334,False,9,4318,service,273.67867653875504
822.0,2011-09-05 21:40:00,-58.16072,-23.31316,Panthera onca,325331,4,Humid Chaco,Paraguay,-58.16072,-23.31316,3.0,False,9,4318,service,199.19557188143133
823.0,2011-09-06 00:41:00,-58.160784,-23.31316,Panthera onca,325331,4,Humid Chaco,Paraguay,-58.160784,-23.31316,3.0166666666666666,False,9,4318,service,204.2581231196383
824.0,2011-09-06 03:40:00,-58.159304,-23.311701,Panthera onca,325331,4,Humid Chaco,Paraguay,-58.159304,-23.311701,2.9833333333333334,False,9,4318,service,8.451971744220586
825.0,2011-09-06 06:40:00,-58.154025,-23.310349,Panthera onca,325331,4,Humid Chaco,Paraguay,-58.154025,-23.310349,3.0,False,9,4320,service,375.1173927352136
826.0,2011-09-06 09:41:00,-58.153982,-23.310446,Panthera onca,325331,4,Humid Chaco,Paraguay,-58.153982,-23.310446,3.0166666666666666,False,9,4320,service,369.4480062028579
827.0,2011-09-06 18:40:00,-58.147759,-23.309555,Panthera onca,325331,4,Humid Chaco,Paraguay,-58.147759,-23.309555,8.983333333333333,False,9,4323,service,933.9319248475996
828.0,2011-09-06 21:40:00,-58.14791,-23.309598,Panthera onca,325331,4,Humid Chaco,Paraguay,-58.14791,-23.309598,3.0,False,9,4323,service,918.4463873672612
829.0,2011-09-07 00:40:00,-58.160999,-23.312345,Panthera onca,325331,4,Humid Chaco,Paraguay,-58.160999,-23.312345,3.0,False,9,4318,service,178.0197120875589
830.0,2011-09-07 03:41:00,-58.160398,-23.312023,Panthera onca,325331,4,Humid Chaco,Paraguay,-58.160398,-23.312023,3.0166666666666666,False,9,4318,service,108.94125196218437
831.0,2011-09-07 06:40:00,-58.158724,-23.314008,Panthera onca,325331,4,Humid Chaco,Paraguay,-58.158724,-23.314008,2.9833333333333334,False,9,4318,service,180.1804309150978
832.0,2011-09-07 21:40:00,-58.147845,-23.309619,Panthera onca,325331,4,Humid Chaco,Paraguay,-58.147845,-23.309619,15.0,False,9,4323,service,922.6858372317397
833.0,2011-09-08 14:41:00,-58.147802,-23.309619,Panthera onca,325331,4,Humid Chaco,Paraguay,-58.147802,-23.309619,17.016666666666666,False,9,4323,service,926.3545924880696
834.0,2011-09-08 20:41:00,-58.147781,-23.309566,Panthera onca,325331,4,Humid Chaco,Paraguay,-58.147781,-23.309566,6.0,False,9,4323,service,931.3840216956298
835.0,2011-09-09 05:40:00,-58.14791,-23.309684,Panthera onca,325331,4,Humid Chaco,Paraguay,-58.14791,-23.309684,8.983333333333333,False,9,4323,service,913.17230948587
836.0,2011-09-09 08:40:00,-58.147867,-23.309598,Panthera onca,325331,4,Humid Chaco,Paraguay,-58.147867,-23.309598,3.0,False,9,4323,service,922.1003128548989
837.0,2011-09-09 11:40:00,-58.147931,-23.309587,Panthera onca,325331,4,Humid Chaco,Paraguay,-58.147931,-23.309587,3.0,False,9,4323,service,917.345129257087
838.0,2011-09-09 14:40:00,-58.147888,-23.309544,Panthera onca,325331,4,Humid Chaco,Paraguay,-58.147888,-23.309544,3.0,False,9,4323,service,923.6547370949145
839.0,2011-09-09 17:41:00,-58.139241,-23.325895,Panthera onca,325331,4,Humid Chaco,Paraguay,-58.139241,-23.325895,3.0166666666666666,False,9,4323,service,793.5696472845289
840.0,2011-09-09 21:41:00,-58.117225,-23.324565,Panthera onca,325331,4,Humid Chaco,Paraguay,-58.117225,-23.324565,4.0,False,9,4336,track,558.2339531499475
841.0,2011-09-10 00:40:00,-58.120916,-23.276714,Panthera onca,325331,4,Humid Chaco,Paraguay,-58.120916,-23.276714,2.9833333333333334,False,9,4336,track,1425.7965711930738
842.0,2011-09-10 03:40:00,-58.125315,-23.249002,Panthera onca,325331,4,Humid Chaco,Paraguay,-58.125315,-23.249002,3.0,False,9,4337,track,3885.1251574477933
843.0,2011-09-10 06:41:00,-58.11317,-23.260578,Panthera onca,325331,4,Humid Chaco,Paraguay,-58.11317,-23.260578,3.0166666666666666,False,9,4337,track,2332.8934204049083
844.0,2011-09-10 12:40:00,-58.134284,-23.302195,Panthera onca,325331,4,Humid Chaco,Paraguay,-58.134284,-23.302195,5.983333333333333,False,9,4336,track,1869.097847475501
845.0,2011-09-10 18:40:00,-58.137417,-23.304212,Panthera onca,325331,4,Humid Chaco,Paraguay,-58.137417,-23.304212,6.0,False,9,4323,service,2144.236578397406
846.0,2011-09-10 21:41:00,-58.147781,-23.309523,Panthera onca,325331,4,Humid Chaco,Paraguay,-58.147781,-23.309523,3.0166666666666666,False,9,4323,service,934.0278337978289
847.0,2011-09-11 00:41:00,-58.157201,-23.330315,Panthera onca,325331,4,Humid Chaco,Paraguay,-58.157201,-23.330315,3.0,False,9,4323,service,746.1004021582191
848.0,2011-09-11 07:41:00,-58.143275,-23.336216,Panthera onca,325331,4,Humid Chaco,Paraguay,-58.143275,-23.336216,7.0,False,9,4323,service,406.0773249378468
849.0,2011-09-11 13:40:00,-58.172779,-23.32832,Panthera onca,325331,4,Humid Chaco,Paraguay,-58.172779,-23.32832,5.983333333333333,False,9,4323,service,2008.1147166039705
850.0,2011-09-11 19:40:00,-58.172865,-23.32288,Panthera onca,325331,4,Humid Chaco,Paraguay,-58.172865,-23.32288,6.0,False,9,4318,service,1842.5339247820164
851.0,2011-09-12 01:40:00,-58.172886,-23.322945,Panthera onca,325331,4,Humid Chaco,Paraguay,-58.172886,-23.322945,6.0,False,9,4318,service,1848.866712530019
852.0,2011-09-12 04:40:00,-58.159432,-23.311851,Panthera onca,325331,4,Humid Chaco,Paraguay,-58.159432,-23.311851,3.0,False,9,4318,service,8.812058034659428
853.0,2011-09-12 20:40:00,-58.147802,-23.309491,Panthera onca,325331,4,Humid Chaco,Paraguay,-58.147802,-23.309491,16.0,False,9,4323,service,934.2272617001615
854.0,2011-09-12 23:40:00,-58.147824,-23.309716,Panthera onca,325331,4,Humid Chaco,Paraguay,-58.147824,-23.309716,3.0,False,9,4323,service,918.5992621970069
855.0,2011-09-13 02:40:00,-58.164539,-23.305736,Panthera onca,325331,4,Humid Chaco,Paraguay,-58.164539,-23.305736,3.0,False,9,4318,service,1.2190575089356723
856.0,2011-09-13 05:40:00,-58.193142,-23.31508,Panthera onca,325331,4,Humid Chaco,Paraguay,-58.193142,-23.31508,3.0,False,9,4318,service,1876.411809168067
857.0,2011-09-13 08:40:00,-58.186426,-23.321571,Panthera onca,325331,4,Humid Chaco,Paraguay,-58.186426,-23.321571,3.0,False,9,4318,service,1937.7622746200095
858.0,2011-09-13 11:41:00,-58.147824,-23.309577,Panthera onca,325331,4,Humid Chaco,Paraguay,-58.147824,-23.309577,3.0166666666666666,False,9,4323,service,927.048698893975
859.0,2011-09-13 22:40:00,-58.152223,-23.307227,Panthera onca,325331,4,Humid Chaco,Paraguay,-58.152223,-23.307227,10.983333333333333,False,9,4318,service,756.4255066097585
860.0,2011-09-14 02:41:00,-58.152716,-23.32376,Panthera onca,325331,4,Humid Chaco,Paraguay,-58.152716,-23.32376,4.016666666666667,False,9,4323,service,87.98025149437342
861.0,2011-09-14 05:41:00,-58.133254,-23.325466,Panthera onca,325331,4,Humid Chaco,Paraguay,-58.133254,-23.325466,3.0,False,9,4323,service,1024.6757740402838
862.0,2011-09-14 11:41:00,-58.13319,-23.325123,Panthera onca,325331,4,Humid Chaco,Paraguay,-58.13319,-23.325123,6.0,False,9,4323,service,1059.7845938383796
863.0,2011-09-14 21:40:00,-58.15321,-23.31375,Panthera onca,325331,4,Humid Chaco,Paraguay,-58.15321,-23.31375,9.983333333333333,False,9,4323,service,224.50187748128297
864.0,2011-09-15 00:40:00,-58.152695,-23.309802,Panthera onca,325331,4,Humid Chaco,Paraguay,-58.152695,-23.309802,3.0,False,9,4320,service,511.12238100609693
865.0,2011-09-15 21:41:00,-58.138254,-23.321958,Panthera onca,325331,4,Humid Chaco,Paraguay,-58.138254,-23.321958,21.016666666666666,False,9,4323,service,1207.0272459891225
866.0,2011-09-16 00:40:00,-58.135765,-23.326571,Panthera onca,325331,4,Humid Chaco,Paraguay,-58.135765,-23.326571,2.9833333333333334,False,9,4323,service,899.8595449258607
867.0,2011-09-16 03:40:00,-58.151751,-23.321936,Panthera onca,325331,4,Humid Chaco,Paraguay,-58.151751,-23.321936,3.0,False,9,4323,service,201.4051588336069
868.0,2011-09-16 06:41:00,-58.157737,-23.313117,Panthera onca,325331,4,Humid Chaco,Paraguay,-58.157737,-23.313117,3.0166666666666666,False,9,4318,service,53.85236861202392
869.0,2011-09-16 09:41:00,-58.153145,-23.307141,Panthera onca,325331,4,Humid Chaco,Paraguay,-58.153145,-23.307141,3.0,False,9,4318,service,672.8212727513377
870.0,2011-09-17 11:40:00,-58.150227,-23.303365,Panthera onca,325331,4,Humid Chaco,Paraguay,-58.150227,-23.303365,25.98333333333333,True,10,4318,service,1139.011972985299
871.0,2011-09-17 22:40:00,-58.125443,-23.279933,Panthera onca,325331,4,Humid Chaco,Paraguay,-58.125443,-23.279933,11.0,False,10,4336,track,1718.7629933120388
872.0,2011-09-18 01:41:00,-58.102591,-23.234915,Panthera onca,325331,4,Humid Chaco,Paraguay,-58.102591,-23.234915,3.0166666666666666,False,10,4337,track,3353.1658395570807
873.0,2011-09-18 04:40:00,-58.102613,-23.234882,Panthera onca,325331,4,Humid Chaco,Paraguay,-58.102613,-23.234882,2.9833333333333334,False,10,4337,track,3357.391743853259
874.0,2011-09-18 14:41:00,-58.145056,-23.289449,Panthera onca,325331,4,Humid Chaco,Paraguay,-58.145056,-23.289449,10.016666666666667,False,10,4318,service,2562.040578549022
875.0,2011-09-18 20:41:00,-58.145077,-23.289363,Panthera onca,325331,4,Humid Chaco,Paraguay,-58.145077,-23.289363,6.0,False,10,4318,service,2567.690045088522
876.0,2011-09-18 23:41:00,-58.14512,-23.28932,Panthera onca,325331,4,Humid Chaco,Paraguay,-58.14512,-23.28932,3.0,False,10,4318,service,2568.3118606786584
877.0,2011-09-19 02:40:00,-58.136709,-23.268657,Panthera onca,325331,4,Humid Chaco,Paraguay,-58.136709,-23.268657,2.9833333333333334,False,10,4336,track,3271.1920627751747
878.0,2011-09-19 05:40:00,-58.136773,-23.268603,Panthera onca,325331,4,Humid Chaco,Paraguay,-58.136773,-23.268603,3.0,False,10,4336,track,3279.8225842234306
879.0,2011-09-19 08:40:00,-58.136408,-23.268979,Panthera onca,325331,4,Humid Chaco,Paraguay,-58.136408,-23.268979,3.0,False,10,4336,track,3226.9764139225563
880.0,2011-09-19 12:40:00,-58.145056,-23.289417,Panthera onca,325331,4,Humid Chaco,Paraguay,-58.145056,-23.289417,4.0,False,10,4318,service,2564.674123631789
881.0,2011-09-19 22:41:00,-58.145185,-23.288795,Panthera onca,325331,4,Humid Chaco,Paraguay,-58.145185,-23.288795,10.016666666666667,False,10,4318,service,2607.6613258799625
882.0,2011-09-20 01:40:00,-58.13422,-23.268431,Panthera onca,325331,4,Humid Chaco,Paraguay,-58.13422,-23.268431,2.9833333333333334,False,10,4336,track,3064.4779318449723
883.0,2011-09-20 04:40:00,-58.116453,-23.248808,Panthera onca,325331,4,Humid Chaco,Paraguay,-58.116453,-23.248808,3.0,False,10,4337,track,3087.094048220399
884.0,2011-09-20 07:41:00,-58.116453,-23.248819,Panthera onca,325331,4,Humid Chaco,Paraguay,-58.116453,-23.248819,3.0166666666666666,False,10,4337,track,3086.470998359846
885.0,2011-09-20 13:40:00,-58.145056,-23.288677,Panthera onca,325331,4,Humid Chaco,Paraguay,-58.145056,-23.288677,5.983333333333333,False,10,4318,service,2626.171670511635
886.0,2011-09-20 23:41:00,-58.145442,-23.288215,Panthera onca,325331,4,Humid Chaco,Paraguay,-58.145442,-23.288215,10.016666666666667,False,10,4318,service,2639.8941010616895
887.0,2011-09-21 02:40:00,-58.145378,-23.28843,Panthera onca,325331,4,Humid Chaco,Paraguay,-58.145378,-23.28843,2.9833333333333334,False,10,4318,service,2625.728549256385
888.0,2011-09-21 08:41:00,-58.145378,-23.28872,Panthera onca,325331,4,Humid Chaco,Paraguay,-58.145378,-23.28872,6.016666666666667,False,10,4318,service,2601.1522586456267
889.0,2011-09-22 01:40:00,-58.126194,-23.260739,Panthera onca,325331,4,Humid Chaco,Paraguay,-58.126194,-23.260739,16.983333333333334,False,10,4336,track,3040.7146797657856
890.0,2011-09-22 04:40:00,-58.126152,-23.260803,Panthera onca,325331,4,Humid Chaco,Paraguay,-58.126152,-23.260803,3.0,False,10,4336,track,3032.4582513322102
891.0,2011-09-22 07:40:00,-58.126152,-23.26075,Panthera onca,325331,4,Humid Chaco,Paraguay,-58.126152,-23.26075,3.0,False,10,4336,track,3037.197963641243
892.0,2011-09-22 17:41:00,-58.144777,-23.289471,Panthera onca,325331,4,Humid Chaco,Paraguay,-58.144777,-23.289471,10.016666666666667,False,10,4318,service,2579.4314045354745
893.0,2011-09-22 23:40:00,-58.126538,-23.261704,Panthera onca,325331,4,Humid Chaco,Paraguay,-58.126538,-23.261704,5.983333333333333,False,10,4336,track,2976.6006860196626
894.0,2011-09-23 02:40:00,-58.126667,-23.261919,Panthera onca,325331,4,Humid Chaco,Paraguay,-58.126667,-23.261919,3.0,False,10,4336,track,2966.032449725276
895.0,2011-09-23 21:40:00,-58.144841,-23.289117,Panthera onca,325331,4,Humid Chaco,Paraguay,-58.144841,-23.289117,19.0,False,10,4318,service,2604.083712172194
896.0,2011-09-24 09:41:00,-58.14512,-23.289503,Panthera onca,325331,4,Humid Chaco,Paraguay,-58.14512,-23.289503,12.016666666666667,False,10,4318,service,2553.217195111912
897.0,2011-09-24 21:41:00,-58.147545,-23.289857,Panthera onca,325331,4,Humid Chaco,Paraguay,-58.147545,-23.289857,12.0,False,10,4318,service,2363.4331080674706
898.0,2011-09-25 03:41:00,-58.147652,-23.29005,Panthera onca,325331,4,Humid Chaco,Paraguay,-58.147652,-23.29005,6.0,False,10,4318,service,2339.8733535221495
899.0,2011-09-25 13:40:00,-58.144584,-23.290844,Panthera onca,325331,4,Humid Chaco,Paraguay,-58.144584,-23.290844,9.983333333333333,False,10,4318,service,2483.500681919753
900.0,2011-09-25 19:40:00,-58.141558,-23.291155,Panthera onca,325331,4,Humid Chaco,Paraguay,-58.141558,-23.291155,6.0,False,10,4318,service,2689.9082009856324
901.0,2011-09-25 22:40:00,-58.129456,-23.27916,Panthera onca,325331,4,Humid Chaco,Paraguay,-58.129456,-23.27916,3.0,False,10,4336,track,2134.307871440753
902.0,2011-09-26 01:41:00,-58.114779,-23.246073,Panthera onca,325331,4,Humid Chaco,Paraguay,-58.114779,-23.246073,3.0166666666666666,False,10,4337,track,3114.3855224450294
903.0,2011-09-26 07:40:00,-58.11038,-23.249656,Panthera onca,325331,4,Humid Chaco,Paraguay,-58.11038,-23.249656,5.983333333333333,False,10,4337,track,2516.439990913167
904.0,2011-09-26 10:41:00,-58.110745,-23.275234,Panthera onca,325331,4,Humid Chaco,Paraguay,-58.110745,-23.275234,3.0166666666666666,False,10,4336,track,876.7273645630195
905.0,2011-09-26 22:40:00,-58.119564,-23.282229,Panthera onca,325331,4,Humid Chaco,Paraguay,-58.119564,-23.282229,11.983333333333333,False,10,4336,track,1067.0958469769384
906.0,2011-09-27 07:41:00,-58.134649,-23.284482,Panthera onca,325331,4,Humid Chaco,Paraguay,-58.134649,-23.284482,9.016666666666667,False,10,4336,track,2437.9490492389687
907.0,2011-09-27 11:41:00,-58.134735,-23.284299,Panthera onca,325331,4,Humid Chaco,Paraguay,-58.134735,-23.284299,4.0,False,10,4336,track,2453.032439387211
908.0,2011-09-27 20:40:00,-58.134692,-23.284439,Panthera onca,325331,4,Humid Chaco,Paraguay,-58.134692,-23.284439,8.983333333333333,False,10,4336,track,2443.689422551064
909.0,2011-09-27 23:40:00,-58.134327,-23.257434,Panthera onca,325331,4,Humid Chaco,Paraguay,-58.134327,-23.257434,3.0,False,10,4336,track,3854.056459340158
910.0,2011-09-28 02:40:00,-58.11023,-23.247596,Panthera onca,325331,4,Humid Chaco,Paraguay,-58.11023,-23.247596,3.0,False,10,4337,track,2645.7747525335194
911.0,2011-09-29 00:41:00,-58.141644,-23.286552,Panthera onca,325331,4,Humid Chaco,Paraguay,-58.141644,-23.286552,22.016666666666666,False,10,4336,track,3032.54956225615
912.0,2011-09-29 09:41:00,-58.141065,-23.285469,Panthera onca,325331,4,Humid Chaco,Paraguay,-58.141065,-23.285469,9.0,False,10,4336,track,3018.676476784448
913.0,2011-09-29 22:40:00,-58.145056,-23.291284,Panthera onca,325331,4,Humid Chaco,Paraguay,-58.145056,-23.291284,12.983333333333333,False,10,4318,service,2414.9181113430295
914.0,2011-09-30 01:41:00,-58.145013,-23.29137,Panthera onca,325331,4,Humid Chaco,Paraguay,-58.145013,-23.29137,3.0166666666666666,False,10,4318,service,2411.3566433821316
915.0,2011-09-30 07:41:00,-58.145399,-23.290286,Panthera onca,325331,4,Humid Chaco,Paraguay,-58.145399,-23.290286,6.0,False,10,4318,service,2469.9666724027797
916.0,2011-09-30 10:41:00,-58.145142,-23.28932,Panthera onca,325331,4,Humid Chaco,Paraguay,-58.145142,-23.28932,3.0,False,10,4318,service,2566.8157584205737
917.0,2011-09-30 16:41:00,-58.143897,-23.296788,Panthera onca,325331,4,Humid Chaco,Paraguay,-58.143897,-23.296788,6.0,False,10,4318,service,2096.811217364937
918.0,2011-09-30 20:40:00,-58.157973,-23.29402,Panthera onca,325331,4,Humid Chaco,Paraguay,-58.157973,-23.29402,3.983333333333333,False,10,4318,service,1442.3566406662242
919.0,2011-09-30 23:41:00,-58.162801,-23.263164,Panthera onca,325331,4,Humid Chaco,Paraguay,-58.162801,-23.263164,3.0166666666666666,False,10,4318,service,4586.327664095473
920.0,2011-10-01 02:40:00,-58.135571,-23.254194,Panthera onca,325331,4,Humid Chaco,Paraguay,-58.135571,-23.254194,2.9833333333333334,False,10,4336,track,4206.093772084094
921.0,2011-10-01 05:40:00,-58.135593,-23.254087,Panthera onca,325331,4,Humid Chaco,Paraguay,-58.135593,-23.254087,3.0,False,10,4336,track,4216.528665980007
922.0,2011-10-01 21:41:00,-58.145249,-23.288741,Panthera onca,325331,4,Humid Chaco,Paraguay,-58.145249,-23.288741,16.016666666666666,False,10,4318,service,2607.935422280653
923.0,2011-10-02 06:40:00,-58.140163,-23.265363,Panthera onca,325331,4,Humid Chaco,Paraguay,-58.140163,-23.265363,8.983333333333333,False,10,4336,track,3760.2698330417984
924.0,2011-10-02 13:41:00,-58.137481,-23.279182,Panthera onca,325331,4,Humid Chaco,Paraguay,-58.137481,-23.279182,7.016666666666667,False,10,4336,track,2907.472086901312
925.0,2011-10-03 06:40:00,-58.171105,-23.285029,Panthera onca,325331,4,Humid Chaco,Paraguay,-58.171105,-23.285029,16.983333333333334,False,10,4318,service,2107.5927132461925
926.0,2011-10-03 21:41:00,-58.155077,-23.297442,Panthera onca,325331,4,Humid Chaco,Paraguay,-58.155077,-23.297442,15.016666666666667,False,10,4318,service,1230.1798995162892
927.0,2011-10-04 00:41:00,-58.168659,-23.289095,Panthera onca,325331,4,Humid Chaco,Paraguay,-58.168659,-23.289095,3.0,False,10,4318,service,1667.4500261072865
928.0,2011-10-04 03:40:00,-58.168187,-23.288859,Panthera onca,325331,4,Humid Chaco,Paraguay,-58.168187,-23.288859,2.9833333333333334,False,10,4318,service,1697.7467918206823
929.0,2011-10-04 09:41:00,-58.15454,-23.298773,Panthera onca,325331,4,Humid Chaco,Paraguay,-58.15454,-23.298773,6.016666666666667,False,10,4318,service,1146.1633343667618
930.0,2011-10-04 19:41:00,-58.152223,-23.299352,Panthera onca,325331,4,Humid Chaco,Paraguay,-58.152223,-23.299352,10.0,False,10,4318,service,1270.9481574437143
931.0,2011-10-05 07:40:00,-58.168359,-23.288655,Panthera onca,325331,4,Humid Chaco,Paraguay,-58.168359,-23.288655,11.983333333333333,False,10,4318,service,1718.5382853313763
932.0,2011-10-05 17:41:00,-58.150978,-23.29888,Panthera onca,325331,4,Humid Chaco,Paraguay,-58.150978,-23.29888,10.016666666666667,False,10,4318,service,1403.083693857198
933.0,2011-10-05 20:41:00,-58.151279,-23.299052,Panthera onca,325331,4,Humid Chaco,Paraguay,-58.151279,-23.299052,3.0,False,10,4318,service,1367.090074476764
934.0,2011-10-05 23:40:00,-58.151343,-23.29874,Panthera onca,325331,4,Humid Chaco,Paraguay,-58.151343,-23.29874,2.9833333333333334,False,10,4318,service,1383.5114993989316
935.0,2011-10-06 23:40:00,-58.151493,-23.300725,Panthera onca,325331,4,Humid Chaco,Paraguay,-58.151493,-23.300725,24.0,False,10,4318,service,1224.7821781605664
936.0,2011-10-07 23:41:00,-58.151,-23.301058,Panthera onca,325331,4,Humid Chaco,Paraguay,-58.151,-23.301058,24.016666666666666,True,11,4318,service,1238.5278863689755
937.0,2011-10-08 08:41:00,-58.150828,-23.300983,Panthera onca,325331,4,Humid Chaco,Paraguay,-58.150828,-23.300983,9.0,False,11,4318,service,1257.2419544848667
938.0,2011-10-08 19:40:00,-58.147266,-23.296562,Panthera onca,325331,4,Humid Chaco,Paraguay,-58.147266,-23.296562,10.983333333333333,False,11,4318,service,1854.76062669935
939.0,2011-10-09 05:40:00,-58.147352,-23.296584,Panthera onca,325331,4,Humid Chaco,Paraguay,-58.147352,-23.296584,10.0,False,11,4318,service,1846.683866368722
940.0,2011-10-09 08:41:00,-58.147309,-23.296584,Panthera onca,325331,4,Humid Chaco,Paraguay,-58.147309,-23.296584,3.0166666666666666,False,11,4318,service,1849.8869959722308
941.0,2011-10-09 23:40:00,-58.147352,-23.296734,Panthera onca,325331,4,Humid Chaco,Paraguay,-58.147352,-23.296734,14.983333333333333,False,11,4318,service,1835.3337073603582
942.0,2011-10-10 05:41:00,-58.147652,-23.296713,Panthera onca,325331,4,Humid Chaco,Paraguay,-58.147652,-23.296713,6.016666666666667,False,11,4318,service,1814.5894607182113
943.0,2011-10-11 02:40:00,-58.144519,-23.296283,Panthera onca,325331,4,Humid Chaco,Paraguay,-58.144519,-23.296283,20.98333333333333,False,11,4318,service,2085.5596064955857
944.0,2011-10-12 02:40:00,-58.151793,-23.306605,Panthera onca,325331,4,Humid Chaco,Paraguay,-58.151793,-23.306605,24.0,False,11,4318,service,823.2671727607166
945.0,2011-10-12 08:40:00,-58.152351,-23.307141,Panthera onca,325331,4,Humid Chaco,Paraguay,-58.152351,-23.307141,6.0,False,11,4318,service,747.6415519738875
946.0,2011-10-12 11:40:00,-58.152373,-23.308815,Panthera onca,325331,4,Humid Chaco,Paraguay,-58.152373,-23.308815,3.0,False,11,4320,service,613.5464387027697
947.0,2011-10-12 14:40:00,-58.153167,-23.309973,Panthera onca,325331,4,Humid Chaco,Paraguay,-58.153167,-23.309973,3.0,False,11,4320,service,463.81204924156833
948.0,2011-10-12 17:40:00,-58.153145,-23.309834,Panthera onca,325331,4,Humid Chaco,Paraguay,-58.153145,-23.309834,3.0,False,11,4320,service,476.6616899016265
949.0,2011-10-13 02:40:00,-58.153939,-23.310564,Panthera onca,325331,4,Humid Chaco,Paraguay,-58.153939,-23.310564,9.0,False,11,4320,service,362.30555761701834
950.0,2011-10-13 05:40:00,-58.153918,-23.310585,Panthera onca,325331,4,Humid Chaco,Paraguay,-58.153918,-23.310585,3.0,False,11,4320,service,361.979923204497
951.0,2011-10-13 08:41:00,-58.153939,-23.310606,Panthera onca,325331,4,Humid Chaco,Paraguay,-58.153939,-23.310606,3.0166666666666666,False,11,4320,service,358.81534023545566
952.0,2011-10-13 18:41:00,-58.158724,-23.316432,Panthera onca,325331,4,Humid Chaco,Paraguay,-58.158724,-23.316432,10.0,False,11,4323,service,409.1974333446018
953.0,2011-10-13 22:40:00,-58.15527,-23.324876,Panthera onca,325331,4,Humid Chaco,Paraguay,-58.15527,-23.324876,3.983333333333333,False,11,4323,service,188.9376382872559
954.0,2011-10-14 04:40:00,-58.152051,-23.31876,Panthera onca,325331,4,Humid Chaco,Paraguay,-58.152051,-23.31876,6.0,False,11,4323,service,191.1743077517528
955.0,2011-10-14 13:40:00,-58.150313,-23.317945,Panthera onca,325331,4,Humid Chaco,Paraguay,-58.150313,-23.317945,9.0,False,11,4323,service,377.0573353908326
956.0,2011-10-14 16:41:00,-58.150249,-23.317891,Panthera onca,325331,4,Humid Chaco,Paraguay,-58.150249,-23.317891,3.0166666666666666,False,11,4323,service,384.16893454431516
957.0,2011-10-14 22:41:00,-58.166342,-23.315424,Panthera onca,325331,4,Humid Chaco,Paraguay,-58.166342,-23.315424,6.0,False,11,4318,service,817.6127726000236
958.0,2011-10-15 01:40:00,-58.182371,-23.311282,Panthera onca,325331,4,Humid Chaco,Paraguay,-58.182371,-23.311282,2.9833333333333334,False,11,4318,service,754.7949994439493
959.0,2011-10-15 04:41:00,-58.198957,-23.332536,Panthera onca,325331,4,Humid Chaco,Paraguay,-58.198957,-23.332536,3.0166666666666666,False,11,4261,service,3127.6119899076143
960.0,2011-10-15 17:41:00,-58.162887,-23.317591,Panthera onca,325331,4,Humid Chaco,Paraguay,-58.162887,-23.317591,13.0,False,11,4318,service,722.9270477901546
961.0,2011-10-16 02:40:00,-58.151708,-23.316829,Panthera onca,325331,4,Humid Chaco,Paraguay,-58.151708,-23.316829,8.983333333333333,False,11,4323,service,248.01080037286994
962.0,2011-10-16 09:40:00,-58.151751,-23.316454,Panthera onca,325331,4,Humid Chaco,Paraguay,-58.151751,-23.316454,7.0,False,11,4323,service,248.2848293873717
963.0,2011-10-16 12:41:00,-58.153102,-23.316582,Panthera onca,325331,4,Humid Chaco,Paraguay,-58.153102,-23.316582,3.0166666666666666,False,11,4323,service,109.41516708709739
964.0,2011-10-16 18:40:00,-58.151665,-23.316336,Panthera onca,325331,4,Humid Chaco,Paraguay,-58.151665,-23.316336,5.983333333333333,False,11,4323,service,258.4850786761562
965.0,2011-10-17 13:41:00,-58.151257,-23.316475,Panthera onca,325331,4,Humid Chaco,Paraguay,-58.151257,-23.316475,19.016666666666666,False,11,4323,service,298.2236135778969
966.0,2011-10-17 20:40:00,-58.15203,-23.314941,Panthera onca,325331,4,Humid Chaco,Paraguay,-58.15203,-23.314941,6.983333333333333,False,11,4323,service,277.02292631984096
967.0,2011-10-18 02:41:00,-58.173809,-23.285995,Panthera onca,325331,4,Humid Chaco,Paraguay,-58.173809,-23.285995,6.016666666666667,False,11,4318,service,1974.2939820778568
968.0,2011-10-18 05:40:00,-58.131087,-23.272787,Panthera onca,325331,4,Humid Chaco,Paraguay,-58.131087,-23.272787,2.9833333333333334,False,11,4336,track,2549.0009725910227
969.0,2011-10-19 01:40:00,-58.161943,-23.286735,Panthera onca,325331,4,Humid Chaco,Paraguay,-58.161943,-23.286735,20.0,False,11,4318,service,2020.308752616571
970.0,2011-10-19 04:40:00,-58.169088,-23.27871,Panthera onca,325331,4,Humid Chaco,Paraguay,-58.169088,-23.27871,3.0,False,11,4318,service,2812.732240108711
971.0,2011-10-19 07:40:00,-58.16956,-23.280115,Panthera onca,325331,4,Humid Chaco,Paraguay,-58.16956,-23.280115,3.0,False,11,4318,service,2654.75857390184
972.0,2011-10-19 13:40:00,-58.151557,-23.300639,Panthera onca,325331,4,Humid Chaco,Paraguay,-58.151557,-23.300639,6.0,False,11,4318,service,1226.1976530382353
973.0,2011-10-19 16:40:00,-58.151236,-23.300843,Panthera onca,325331,4,Humid Chaco,Paraguay,-58.151236,-23.300843,3.0,False,11,4318,service,1235.9921092609493
974.0,2011-10-19 22:40:00,-58.151793,-23.300114,Panthera onca,325331,4,Humid Chaco,Paraguay,-58.151793,-23.300114,6.0,False,11,4318,service,1248.3734524879346
975.0,2011-10-20 04:40:00,-58.169689,-23.280416,Panthera onca,325331,4,Humid Chaco,Paraguay,-58.169689,-23.280416,6.0,False,11,4318,service,2620.845046435676
976.0,2011-10-20 10:41:00,-58.150806,-23.297721,Panthera onca,325331,4,Humid Chaco,Paraguay,-58.150806,-23.297721,6.016666666666667,False,11,4318,service,1498.3240353959047
977.0,2011-10-20 13:41:00,-58.150764,-23.301069,Panthera onca,325331,4,Humid Chaco,Paraguay,-58.150764,-23.301069,3.0,False,11,4318,service,1255.9135742073126
978.0,2011-10-20 16:41:00,-58.150957,-23.301069,Panthera onca,325331,4,Humid Chaco,Paraguay,-58.150957,-23.301069,3.0,False,11,4318,service,1241.04078249601
979.0,2011-10-20 22:40:00,-58.151171,-23.300768,Panthera onca,325331,4,Humid Chaco,Paraguay,-58.151171,-23.300768,5.983333333333333,False,11,4318,service,1246.4606395009966
980.0,2011-10-21 02:40:00,-58.163831,-23.280201,Panthera onca,325331,4,Humid Chaco,Paraguay,-58.163831,-23.280201,4.0,False,11,4318,service,2698.815529607484
981.0,2011-10-21 05:40:00,-58.165913,-23.288248,Panthera onca,325331,4,Humid Chaco,Paraguay,-58.165913,-23.288248,3.0,False,11,4318,service,1792.952332308839
982.0,2011-10-21 14:40:00,-58.15218,-23.30242,Panthera onca,325331,4,Humid Chaco,Paraguay,-58.15218,-23.30242,9.0,False,11,4318,service,1048.4509049184153
983.0,2011-10-22 05:40:00,-58.168037,-23.302968,Panthera onca,325331,4,Humid Chaco,Paraguay,-58.168037,-23.302968,15.0,False,11,4318,service,155.26410404503196
984.0,2011-10-22 11:41:00,-58.162565,-23.295017,Panthera onca,325331,4,Humid Chaco,Paraguay,-58.162565,-23.295017,6.016666666666667,False,11,4318,service,1127.8441818193085
985.0,2011-10-22 20:41:00,-58.152909,-23.30845,Panthera onca,325331,4,Humid Chaco,Paraguay,-58.152909,-23.30845,9.0,False,11,4320,service,612.4654249822855
986.0,2011-10-23 10:41:00,-58.15469,-23.29756,Panthera onca,325331,4,Humid Chaco,Paraguay,-58.15469,-23.29756,14.0,False,11,4318,service,1242.21129469354
987.0,2011-10-23 16:41:00,-58.149111,-23.296509,Panthera onca,325331,4,Humid Chaco,Paraguay,-58.149111,-23.296509,6.0,False,11,4318,service,1717.1953291449065
988.0,2011-10-24 14:40:00,-58.14115,-23.297828,Panthera onca,325331,4,Humid Chaco,Paraguay,-58.14115,-23.297828,21.98333333333333,False,11,4318,service,2251.470773573214
989.0,2011-10-24 17:40:00,-58.141,-23.297689,Panthera onca,325331,4,Humid Chaco,Paraguay,-58.141,-23.297689,3.0,False,11,4318,service,2272.777422606676
990.0,2011-10-25 00:41:00,-58.13894,-23.298118,Panthera onca,325331,4,Humid Chaco,Paraguay,-58.13894,-23.298118,7.016666666666667,False,11,4336,track,2401.2131868073634
991.0,2011-10-25 15:41:00,-58.129928,-23.305725,Panthera onca,325331,4,Humid Chaco,Paraguay,-58.129928,-23.305725,15.0,False,11,4336,track,1436.6993802945926
992.0,2011-10-25 18:40:00,-58.129864,-23.305736,Panthera onca,325331,4,Humid Chaco,Paraguay,-58.129864,-23.305736,2.9833333333333334,False,11,4336,track,1430.3865563963884
993.0,2011-10-26 03:40:00,-58.141236,-23.297442,Panthera onca,325331,4,Humid Chaco,Paraguay,-58.141236,-23.297442,9.0,False,11,4318,service,2268.2309115067333
994.0,2011-10-26 15:40:00,-58.141258,-23.297442,Panthera onca,325331,4,Humid Chaco,Paraguay,-58.141258,-23.297442,12.0,False,11,4318,service,2266.3820438283587
995.0,2011-10-27 00:41:00,-58.137374,-23.297764,Panthera onca,325331,4,Humid Chaco,Paraguay,-58.137374,-23.297764,9.016666666666667,False,11,4336,track,2251.8954089275335
996.0,2011-10-27 13:40:00,-58.130207,-23.285673,Panthera onca,325331,4,Humid Chaco,Paraguay,-58.130207,-23.285673,12.983333333333333,False,11,4336,track,1965.7010400576785
997.0,2011-10-27 17:41:00,-58.130164,-23.285673,Panthera onca,325331,4,Humid Chaco,Paraguay,-58.130164,-23.285673,4.016666666666667,False,11,4336,track,1961.557709940246
998.0,2011-10-27 20:41:00,-58.130014,-23.285823,Panthera onca,325331,4,Humid Chaco,Paraguay,-58.130014,-23.285823,3.0,False,11,4336,track,1941.533644590074
999.0,2011-10-27 23:40:00,-58.123813,-23.28239,Panthera onca,325331,4,Humid Chaco,Paraguay,-58.123813,-23.28239,2.9833333333333334,False,11,4336,track,1470.957281016126
1000.0,2011-10-28 16:41:00,-58.131194,-23.295543,Panthera onca,325331,4,Humid Chaco,Paraguay,-58.131194,-23.295543,17.016666666666666,False,11,4336,track,1690.4683474613362
1001.0,2011-10-28 23:40:00,-58.122718,-23.289299,Panthera onca,325331,4,Humid Chaco,Paraguay,-58.122718,-23.289299,6.983333333333333,False,11,4336,track,1109.4407696451103
1002.0,2011-10-29 13:40:00,-58.127224,-23.294899,Panthera onca,325331,4,Humid Chaco,Paraguay,-58.127224,-23.294899,14.0,False,11,4336,track,1328.4651511307654
1003.0,2011-10-30 09:41:00,-58.125701,-23.294352,Panthera onca,325331,4,Humid Chaco,Paraguay,-58.125701,-23.294352,20.016666666666666,False,11,4336,track,1203.4750780503907
1004.0,2011-10-30 13:40:00,-58.12568,-23.294309,Panthera onca,325331,4,Humid Chaco,Paraguay,-58.12568,-23.294309,3.983333333333333,False,11,4336,track,1203.1145912695088
1005.0,2011-10-30 16:40:00,-58.124499,-23.29344,Panthera onca,325331,4,Humid Chaco,Paraguay,-58.124499,-23.29344,3.0,False,11,4336,track,1123.2640347027088
1006.0,2011-10-31 01:40:00,-58.109329,-23.283409,Panthera onca,325331,4,Humid Chaco,Paraguay,-58.109329,-23.283409,9.0,False,11,4336,track,38.74517182329051
1007.0,2011-10-31 05:41:00,-58.13055,-23.28122,Panthera onca,325331,4,Humid Chaco,Paraguay,-58.13055,-23.28122,4.016666666666667,False,11,4336,track,2163.8512948106145
1008.0,2011-10-31 20:41:00,-58.1304,-23.281156,Panthera onca,325331,4,Humid Chaco,Paraguay,-58.1304,-23.281156,15.0,False,11,4336,track,2151.744784734499
1009.0,2011-10-31 23:41:00,-58.112354,-23.279182,Panthera onca,325331,4,Humid Chaco,Paraguay,-58.112354,-23.279182,3.0,False,11,4336,track,560.061171724806
1010.0,2011-11-01 09:41:00,-58.131602,-23.281703,Panthera onca,325331,4,Humid Chaco,Paraguay,-58.131602,-23.281703,10.0,False,11,4336,track,2247.4984647702427
1011.0,2011-11-01 18:40:00,-58.130658,-23.281338,Panthera onca,325331,4,Humid Chaco,Paraguay,-58.130658,-23.281338,8.983333333333333,False,11,4336,track,2169.9156915186963
1012.0,2011-11-02 00:41:00,-58.130529,-23.281209,Panthera onca,325331,4,Humid Chaco,Paraguay,-58.130529,-23.281209,6.016666666666667,False,11,4336,track,2162.2316158278886
1013.0,2011-11-02 06:41:00,-58.13055,-23.281274,Panthera onca,325331,4,Humid Chaco,Paraguay,-58.13055,-23.281274,6.0,False,11,4336,track,2161.859877338459
1014.0,2011-11-03 14:40:00,-58.141043,-23.297668,Panthera onca,325331,4,Humid Chaco,Paraguay,-58.141043,-23.297668,31.98333333333333,True,12,4318,service,2270.4217153099366
1015.0,2011-11-04 02:41:00,-58.136795,-23.301991,Panthera onca,325331,4,Humid Chaco,Paraguay,-58.136795,-23.301991,12.016666666666667,False,12,4336,track,2126.709318069193
1016.0,2011-11-04 05:40:00,-58.140314,-23.298408,Panthera onca,325331,4,Humid Chaco,Paraguay,-58.140314,-23.298408,2.9833333333333334,False,12,4318,service,2289.1849261152265
1017.0,2011-11-04 11:40:00,-58.140528,-23.297764,Panthera onca,325331,4,Humid Chaco,Paraguay,-58.140528,-23.297764,6.0,False,12,4318,service,2308.510615089683
1018.0,2011-11-04 21:41:00,-58.129005,-23.294942,Panthera onca,325331,4,Humid Chaco,Paraguay,-58.129005,-23.294942,10.016666666666667,False,12,4336,track,1497.5766837940848
1019.0,2011-11-05 03:40:00,-58.122375,-23.291112,Panthera onca,325331,4,Humid Chaco,Paraguay,-58.122375,-23.291112,5.983333333333333,False,12,4336,track,1009.0708591468305
1020.0,2011-11-05 06:40:00,-58.115273,-23.289095,Panthera onca,325331,4,Humid Chaco,Paraguay,-58.115273,-23.289095,3.0,False,12,4336,track,399.642681012709
1021.0,2011-11-05 10:41:00,-58.130658,-23.294985,Panthera onca,325331,4,Humid Chaco,Paraguay,-58.130658,-23.294985,4.016666666666667,False,12,4336,track,1655.775229415244
1022.0,2011-11-06 03:40:00,-58.117011,-23.295854,Panthera onca,325331,4,Humid Chaco,Paraguay,-58.117011,-23.295854,16.983333333333334,False,12,4336,track,312.2761022779983
1023.0,2011-11-06 22:40:00,-58.092763,-23.274901,Panthera onca,325331,4,Humid Chaco,Paraguay,-58.092763,-23.274901,19.0,False,12,4337,track,344.3283243373874
1024.0,2011-11-07 04:41:00,-58.06268,-23.248208,Panthera onca,325331,4,Humid Chaco,Paraguay,-58.06268,-23.248208,6.016666666666667,False,12,4337,track,3289.993056992811
1025.0,2011-11-07 07:40:00,-58.098621,-23.251845,Panthera onca,325331,4,Humid Chaco,Paraguay,-58.098621,-23.251845,2.9833333333333334,False,12,4337,track,1493.7850056334332
1026.0,2011-11-07 20:40:00,-58.095188,-23.267498,Panthera onca,325331,4,Humid Chaco,Paraguay,-58.095188,-23.267498,13.0,False,12,4337,track,522.4859199597655
1027.0,2011-11-07 23:41:00,-58.095102,-23.267294,Panthera onca,325331,4,Humid Chaco,Paraguay,-58.095102,-23.267294,3.0166666666666666,False,12,4337,track,511.90249457891565
1028.0,2011-11-08 05:40:00,-58.103149,-23.25045,Panthera onca,325331,4,Humid Chaco,Paraguay,-58.103149,-23.25045,5.983333333333333,False,12,4337,track,1902.9258911647414
1029.0,2011-11-08 11:41:00,-58.103685,-23.272337,Panthera onca,325331,4,Humid Chaco,Paraguay,-58.103685,-23.272337,6.016666666666667,False,12,4336,track,1160.9476421255972
1030.0,2011-11-08 18:40:00,-58.103256,-23.271693,Panthera onca,325331,4,Humid Chaco,Paraguay,-58.103256,-23.271693,6.983333333333333,False,12,4336,track,1232.3347992304748
1031.0,2011-11-08 21:40:00,-58.117847,-23.254859,Panthera onca,325331,4,Humid Chaco,Paraguay,-58.117847,-23.254859,3.0,False,12,4337,track,2939.241924728326
1032.0,2011-11-09 07:40:00,-58.116903,-23.258797,Panthera onca,325331,4,Humid Chaco,Paraguay,-58.116903,-23.258797,10.0,False,12,4337,track,2739.6015210102237
1033.0,2011-11-09 13:41:00,-58.125336,-23.295103,Panthera onca,325331,4,Humid Chaco,Paraguay,-58.125336,-23.295103,6.016666666666667,False,12,4336,track,1139.5814668864766
1034.0,2011-11-10 01:40:00,-58.122761,-23.290704,Panthera onca,325331,4,Humid Chaco,Paraguay,-58.122761,-23.290704,11.983333333333333,False,12,4336,track,1061.4134611293932
1035.0,2011-11-10 07:40:00,-58.12289,-23.286456,Panthera onca,325331,4,Humid Chaco,Paraguay,-58.12289,-23.286456,6.0,False,12,4336,track,1231.5804835522015
1036.0,2011-11-10 21:40:00,-58.135293,-23.29726,Panthera onca,325331,4,Humid Chaco,Paraguay,-58.135293,-23.29726,14.0,False,12,4336,track,2054.2612229512793
1037.0,2011-11-11 00:40:00,-58.113384,-23.281145,Panthera onca,325331,4,Humid Chaco,Paraguay,-58.113384,-23.281145,3.0,False,12,4336,track,516.0072832216703
1038.0,2011-11-11 03:40:00,-58.131409,-23.26871,Panthera onca,325331,4,Humid Chaco,Paraguay,-58.131409,-23.26871,3.0,False,12,4336,track,2806.783143188545
1039.0,2011-11-11 19:40:00,-58.132417,-23.273689,Panthera onca,325331,4,Humid Chaco,Paraguay,-58.132417,-23.273689,16.0,False,12,4336,track,2630.574867295449
1040.0,2011-11-12 10:41:00,-58.110938,-23.279793,Panthera onca,325331,4,Humid Chaco,Paraguay,-58.110938,-23.279793,15.016666666666667,False,12,4336,track,416.89711149171023
1041.0,2011-11-12 13:40:00,-58.110402,-23.28019,Panthera onca,325331,4,Humid Chaco,Paraguay,-58.110402,-23.28019,2.9833333333333334,False,12,4336,track,350.4136051696572
1042.0,2011-11-12 16:40:00,-58.109157,-23.279589,Panthera onca,325331,4,Humid Chaco,Paraguay,-58.109157,-23.279589,3.0,False,12,4336,track,369.96955310499453
1043.0,2011-11-13 05:40:00,-58.109908,-23.279493,Panthera onca,325331,4,Humid Chaco,Paraguay,-58.109908,-23.279493,13.0,False,12,4336,track,399.77739341632065
1044.0,2011-11-13 20:40:00,-58.105617,-23.276103,Panthera onca,325331,4,Humid Chaco,Paraguay,-58.105617,-23.276103,15.0,False,12,4336,track,743.5975410539277
1045.0,2011-11-13 23:41:00,-58.094437,-23.256769,Panthera onca,325331,4,Humid Chaco,Paraguay,-58.094437,-23.256769,3.0166666666666666,False,12,4337,track,804.5604581627068
1046.0,2011-11-14 05:41:00,-58.105209,-23.267112,Panthera onca,325331,4,Humid Chaco,Paraguay,-58.105209,-23.267112,6.0,False,12,4337,track,1540.8380949654395
1047.0,2011-11-16 01:40:00,-58.101454,-23.26105,Panthera onca,325331,4,Humid Chaco,Paraguay,-58.101454,-23.26105,43.98333333333333,True,13,4337,track,1140.1631479925816
1048.0,2011-11-16 10:41:00,-58.102527,-23.267401,Panthera onca,325331,4,Humid Chaco,Paraguay,-58.102527,-23.267401,9.016666666666667,False,13,4337,track,1269.9376305819571
1049.0,2011-11-16 19:41:00,-58.103342,-23.269891,Panthera onca,325331,4,Humid Chaco,Paraguay,-58.103342,-23.269891,9.0,False,13,4337,track,1375.9236084865393
1050.0,2011-11-17 02:41:00,-58.115509,-23.273367,Panthera onca,325331,4,Humid Chaco,Paraguay,-58.115509,-23.273367,7.0,False,13,4336,track,1268.249089631287
1051.0,2011-11-17 05:40:00,-58.129992,-23.256694,Panthera onca,325331,4,Humid Chaco,Paraguay,-58.129992,-23.256694,2.9833333333333334,False,13,4336,track,3631.8959419530506
1052.0,2011-11-18 02:40:00,-58.116024,-23.274568,Panthera onca,325331,4,Humid Chaco,Paraguay,-58.116024,-23.274568,21.0,False,13,4336,track,1192.3138225892737
1053.0,2011-11-18 08:41:00,-58.128555,-23.24324,Panthera onca,325331,4,Humid Chaco,Paraguay,-58.128555,-23.24324,6.016666666666667,False,13,4337,track,4467.5543870393785
1054.0,2011-11-18 21:40:00,-58.127933,-23.246416,Panthera onca,325331,4,Humid Chaco,Paraguay,-58.127933,-23.246416,12.983333333333333,False,13,4337,track,4248.156363011855
1055.0,2011-11-19 03:40:00,-58.128834,-23.254098,Panthera onca,325331,4,Humid Chaco,Paraguay,-58.128834,-23.254098,6.0,False,13,4336,track,3799.9044507221947
1056.0,2011-11-19 06:41:00,-58.128319,-23.253465,Panthera onca,325331,4,Humid Chaco,Paraguay,-58.128319,-23.253465,3.0166666666666666,False,13,4336,track,3831.024428737286
1057.0,2011-11-20 02:41:00,-58.116174,-23.261415,Panthera onca,325331,4,Humid Chaco,Paraguay,-58.116174,-23.261415,20.0,False,13,4336,track,2501.476911502451
1058.0,2011-11-20 09:40:00,-58.124478,-23.260986,Panthera onca,325331,4,Humid Chaco,Paraguay,-58.124478,-23.260986,6.983333333333333,False,13,4336,track,2917.7840781517516
1059.0,2011-11-21 00:40:00,-58.120916,-23.270116,Panthera onca,325331,4,Humid Chaco,Paraguay,-58.120916,-23.270116,15.0,False,13,4336,track,1892.1100264773565
1060.0,2011-11-21 06:40:00,-58.121023,-23.270341,Panthera onca,325331,4,Humid Chaco,Paraguay,-58.121023,-23.270341,6.0,False,13,4336,track,1880.8675168593936
1061.0,2011-11-21 09:40:00,-58.120766,-23.270373,Panthera onca,325331,4,Humid Chaco,Paraguay,-58.120766,-23.270373,3.0,False,13,4336,track,1860.6458034447169
1062.0,2011-11-21 15:41:00,-58.110595,-23.273034,Panthera onca,325331,4,Humid Chaco,Paraguay,-58.110595,-23.273034,6.016666666666667,False,13,4336,track,1110.3542311192148
1063.0,2011-11-21 21:41:00,-58.120873,-23.27017,Panthera onca,325331,4,Humid Chaco,Paraguay,-58.120873,-23.27017,6.0,False,13,4336,track,1884.7175900104157
1064.0,2011-11-22 03:40:00,-58.121259,-23.270148,Panthera onca,325331,4,Humid Chaco,Paraguay,-58.121259,-23.270148,5.983333333333333,False,13,4336,track,1912.9206048766084
1065.0,2011-11-22 06:40:00,-58.120852,-23.270148,Panthera onca,325331,4,Humid Chaco,Paraguay,-58.120852,-23.270148,3.0,False,13,4336,track,1885.1200402213647
1066.0,2011-11-22 09:41:00,-58.121817,-23.270352,Panthera onca,325331,4,Humid Chaco,Paraguay,-58.121817,-23.270352,3.0166666666666666,False,13,4336,track,1935.540139205137
1067.0,2011-11-22 15:40:00,-58.120852,-23.270202,Panthera onca,325331,4,Humid Chaco,Paraguay,-58.120852,-23.270202,5.983333333333333,False,13,4336,track,1880.6409986183025
1068.0,2011-11-23 03:40:00,-58.12156,-23.270352,Panthera onca,325331,4,Humid Chaco,Paraguay,-58.12156,-23.270352,12.0,False,13,4336,track,1917.3518740254776
1069.0,2011-11-23 12:41:00,-58.110552,-23.27165,Panthera onca,325331,4,Humid Chaco,Paraguay,-58.110552,-23.27165,9.016666666666667,False,13,4336,track,1259.782327772218
1070.0,2011-11-23 15:41:00,-58.110573,-23.272026,Panthera onca,325331,4,Humid Chaco,Paraguay,-58.110573,-23.272026,3.0,False,13,4336,track,1219.2712100697436
1071.0,2011-11-24 10:40:00,-58.112977,-23.287314,Panthera onca,325331,4,Humid Chaco,Paraguay,-58.112977,-23.287314,18.98333333333333,False,13,4336,track,244.3397745256129
1072.0,2011-11-24 13:40:00,-58.113041,-23.287518,Panthera onca,325331,4,Humid Chaco,Paraguay,-58.113041,-23.287518,3.0,False,13,4336,track,242.9916121879377
1073.0,2011-11-24 16:40:00,-58.113041,-23.287497,Panthera onca,325331,4,Humid Chaco,Paraguay,-58.113041,-23.287497,3.0,False,13,4336,track,243.7657883690982
1074.0,2011-11-25 04:40:00,-58.113899,-23.29079,Panthera onca,325331,4,Humid Chaco,Paraguay,-58.113899,-23.29079,12.0,False,13,4336,track,204.3198731997268
1075.0,2011-11-25 07:40:00,-58.113749,-23.290082,Panthera onca,325331,4,Humid Chaco,Paraguay,-58.113749,-23.290082,3.0,False,13,4336,track,216.15131536057683
1076.0,2011-11-25 13:40:00,-58.118899,-23.29373,Panthera onca,325331,4,Humid Chaco,Paraguay,-58.118899,-23.29373,6.0,False,13,4336,track,575.0202043634796
1077.0,2011-11-25 23:40:00,-58.120852,-23.294792,Panthera onca,325331,4,Humid Chaco,Paraguay,-58.120852,-23.294792,10.0,False,13,4336,track,721.4959651527737
1078.0,2011-11-27 09:40:00,-58.133748,-23.297453,Panthera onca,325331,4,Humid Chaco,Paraguay,-58.133748,-23.297453,34.0,True,14,4336,track,1895.139775565321
1079.0,2011-11-27 21:40:00,-58.143876,-23.304598,Panthera onca,325331,4,Humid Chaco,Paraguay,-58.143876,-23.304598,12.0,False,14,4321,service,1570.7463049322794
1079.0,2011-11-27 21:40:00,-58.143876,-23.304598,Panthera onca,325331,4,Humid Chaco,Paraguay,-58.143876,-23.304598,12.0,False,14,4320,service,1570.7463049322794
1080.0,2011-11-28 00:40:00,-58.153145,-23.309941,Panthera onca,325331,4,Humid Chaco,Paraguay,-58.153145,-23.309941,3.0,False,14,4320,service,467.9362976635992
1081.0,2011-11-28 03:40:00,-58.153124,-23.30992,Panthera onca,325331,4,Humid Chaco,Paraguay,-58.153124,-23.30992,3.0,False,14,4320,service,471.10143039895786
1082.0,2011-11-28 20:40:00,-58.147974,-23.330863,Panthera onca,325331,4,Humid Chaco,Paraguay,-58.147974,-23.330863,17.0,False,14,4323,service,187.41071328523796
1083.0,2011-11-28 23:40:00,-58.13437,-23.337654,Panthera onca,325331,4,Humid Chaco,Paraguay,-58.13437,-23.337654,3.0,False,14,4323,service,288.0893358098586
1084.0,2011-11-30 05:41:00,-58.139198,-23.338137,Panthera onca,325331,4,Humid Chaco,Paraguay,-58.139198,-23.338137,30.016666666666666,True,15,4323,service,399.13046959874595
1085.0,2011-11-30 17:40:00,-58.133104,-23.344896,Panthera onca,325331,4,Humid Chaco,Paraguay,-58.133104,-23.344896,11.983333333333333,False,15,4261,service,325.40412621105935
1086.0,2011-12-01 00:41:00,-58.138876,-23.339263,Panthera onca,325331,4,Humid Chaco,Paraguay,-58.138876,-23.339263,7.016666666666667,False,15,4323,service,495.2442121254962
1087.0,2009-07-25 13:06:00,-58.1266403,-23.348278,Panthera onca,356982,5,Humid Chaco,Paraguay,-58.1266403,-23.348278,,True,1,4261,service,355.00505770082367
1088.0,2009-07-25 17:06:00,-58.125679,-23.349407,Panthera onca,356982,5,Humid Chaco,Paraguay,-58.125679,-23.349407,4.0,False,1,4317,track,384.0170662764741
1089.0,2009-07-25 21:06:00,-58.125679,-23.348764,Panthera onca,356982,5,Humid Chaco,Paraguay,-58.125679,-23.348764,4.0,False,1,4317,track,433.66071364405224
1090.0,2009-07-26 01:06:00,-58.1269454,-23.3477,Panthera onca,356982,5,Humid Chaco,Paraguay,-58.1269454,-23.3477,4.0,False,1,4261,service,316.42815023248005
1091.0,2009-07-26 05:06:00,-58.127079,-23.347908,Panthera onca,356982,5,Humid Chaco,Paraguay,-58.127079,-23.347908,4.0,False,1,4261,service,305.60385148348513
1092.0,2009-07-26 09:06:00,-58.1270637,-23.347864,Panthera onca,356982,5,Humid Chaco,Paraguay,-58.1270637,-23.347864,4.0,False,1,4261,service,306.57788916565255
1093.0,2009-07-26 14:06:00,-58.1238098,-23.349519,Panthera onca,356982,5,Humid Chaco,Paraguay,-58.1238098,-23.349519,5.0,False,1,4317,track,512.3417068811443
1094.0,2009-07-26 23:06:00,-58.1247901,-23.347192,Panthera onca,356982,5,Humid Chaco,Paraguay,-58.1247901,-23.347192,9.0,False,1,4261,service,528.352973023683
1095.0,2009-07-27 03:06:00,-58.1247367,-23.347162,Panthera onca,356982,5,Humid Chaco,Paraguay,-58.1247367,-23.347162,4.0,False,1,4261,service,533.3703112246745
1096.0,2009-07-27 07:06:00,-58.1246871,-23.347173,Panthera onca,356982,5,Humid Chaco,Paraguay,-58.1246871,-23.347173,4.0,False,1,4261,service,538.5512349440506
1097.0,2009-07-27 11:06:00,-58.1247444,-23.347209,Panthera onca,356982,5,Humid Chaco,Paraguay,-58.1247444,-23.347209,4.0,False,1,4261,service,533.2184850100654
1098.0,2009-07-27 15:07:00,-58.1247177,-23.34712,Panthera onca,356982,5,Humid Chaco,Paraguay,-58.1247177,-23.34712,4.016666666666667,False,1,4261,service,534.7358779707423
1099.0,2009-07-27 20:07:00,-58.1231384,-23.349285,Panthera onca,356982,5,Humid Chaco,Paraguay,-58.1231384,-23.349285,5.0,False,1,4317,track,579.6068843936689
1100.0,2009-07-28 00:07:00,-58.1247024,-23.347209,Panthera onca,356982,5,Humid Chaco,Paraguay,-58.1247024,-23.347209,4.0,False,1,4261,service,537.4807824542448
1101.0,2009-07-28 04:07:00,-58.1248207,-23.347162,Panthera onca,356982,5,Humid Chaco,Paraguay,-58.1248207,-23.347162,4.0,False,1,4261,service,524.8457135793261
1102.0,2009-07-28 08:07:00,-58.1247329,-23.347145,Panthera onca,356982,5,Humid Chaco,Paraguay,-58.1247329,-23.347145,4.0,False,1,4261,service,533.5282220203713
1103.0,2009-07-28 12:07:00,-58.1247825,-23.34711,Panthera onca,356982,5,Humid Chaco,Paraguay,-58.1247825,-23.34711,4.0,False,1,4261,service,528.0258008999095
1104.0,2009-07-28 16:07:00,-58.1247367,-23.347166,Panthera onca,356982,5,Humid Chaco,Paraguay,-58.1247367,-23.347166,4.0,False,1,4261,service,533.4238937726062
1105.0,2009-07-28 21:07:00,-58.1276779,-23.348501,Panthera onca,356982,5,Humid Chaco,Paraguay,-58.1276779,-23.348501,5.0,False,1,4261,service,255.055659695495
1106.0,2009-07-29 01:07:00,-58.1245918,-23.347122,Panthera onca,356982,5,Humid Chaco,Paraguay,-58.1245918,-23.347122,4.0,False,1,4261,service,547.5394220738721
1107.0,2009-07-29 05:07:00,-58.1245956,-23.347061,Panthera onca,356982,5,Humid Chaco,Paraguay,-58.1245956,-23.347061,4.0,False,1,4261,service,546.3366582403916
1108.0,2009-07-29 09:07:00,-58.12471,-23.347162,Panthera onca,356982,5,Humid Chaco,Paraguay,-58.12471,-23.347162,4.0,False,1,4261,service,536.0799155589102
1109.0,2009-07-29 13:07:00,-58.1247367,-23.347131,Panthera onca,356982,5,Humid Chaco,Paraguay,-58.1247367,-23.347131,4.0,False,1,4261,service,532.9550464971434
1110.0,2009-07-29 17:08:00,-58.1247291,-23.347133,Panthera onca,356982,5,Humid Chaco,Paraguay,-58.1247291,-23.347133,4.016666666666667,False,1,4261,service,533.7531110758878
1111.0,2009-07-29 21:08:00,-58.1247482,-23.34716,Panthera onca,356982,5,Humid Chaco,Paraguay,-58.1247482,-23.34716,4.0,False,1,4261,service,532.1764618980958
1112.0,2009-07-30 01:08:00,-58.1246376,-23.347078,Panthera onca,356982,5,Humid Chaco,Paraguay,-58.1246376,-23.347078,4.0,False,1,4261,service,542.3020802764412
1113.0,2009-07-30 05:08:00,-58.1246681,-23.347215,Panthera onca,356982,5,Humid Chaco,Paraguay,-58.1246681,-23.347215,4.0,False,1,4261,service,541.0420322904547
1114.0,2009-07-30 09:08:00,-58.1247215,-23.347164,Panthera onca,356982,5,Humid Chaco,Paraguay,-58.1247215,-23.347164,4.0,False,1,4261,service,534.9396487574012
1115.0,2009-07-30 13:08:00,-58.1151733,-23.35181,Panthera onca,356982,5,Humid Chaco,Paraguay,-58.1151733,-23.35181,4.0,False,1,4317,track,970.6645948738058
1116.0,2009-07-30 17:08:00,-58.0961608,-23.359142,Panthera onca,356982,5,Humid Chaco,Paraguay,-58.0961608,-23.359142,4.0,False,1,4317,track,1510.327156260738
1117.0,2009-07-30 21:08:00,-58.0967483,-23.357889,Panthera onca,356982,5,Humid Chaco,Paraguay,-58.0967483,-23.357889,4.0,False,1,4317,track,1489.2287000233812
1118.0,2009-07-31 01:08:00,-58.1069755,-23.345495,Panthera onca,356982,5,Humid Chaco,Paraguay,-58.1069755,-23.345495,4.0,False,1,4261,service,1864.2302723463595
1119.0,2009-07-31 10:08:00,-58.1247482,-23.347221,Panthera onca,356982,5,Humid Chaco,Paraguay,-58.1247482,-23.347221,9.0,False,1,4261,service,532.9935963506288
1120.0,2009-07-31 14:08:00,-58.1247253,-23.347171,Panthera onca,356982,5,Humid Chaco,Paraguay,-58.1247253,-23.347171,4.0,False,1,4261,service,534.6477815907843
1121.0,2009-07-31 18:08:00,-58.12471,-23.347148,Panthera onca,356982,5,Humid Chaco,Paraguay,-58.12471,-23.347148,4.0,False,1,4261,service,535.892376931225
1122.0,2009-07-31 22:09:00,-58.1247596,-23.347167,Panthera onca,356982,5,Humid Chaco,Paraguay,-58.1247596,-23.347167,4.016666666666667,False,1,4261,service,531.1133217662818
1123.0,2009-08-01 02:09:00,-58.1247024,-23.347166,Panthera onca,356982,5,Humid Chaco,Paraguay,-58.1247024,-23.347166,4.0,False,1,4261,service,536.9047711535462
1124.0,2009-08-01 06:09:00,-58.1147804,-23.369823,Panthera onca,356982,5,Humid Chaco,Paraguay,-58.1147804,-23.369823,4.0,False,1,4317,track,863.0876674077521
1125.0,2009-08-01 10:09:00,-58.0936431,-23.381702,Panthera onca,356982,5,Humid Chaco,Paraguay,-58.0936431,-23.381702,4.0,False,1,4330,track,1249.0776127632987
1126.0,2009-08-01 15:09:00,-58.0895271,-23.368017,Panthera onca,356982,5,Humid Chaco,Paraguay,-58.0895271,-23.368017,5.0,False,1,4330,track,2214.027898683475
1127.0,2009-08-01 19:09:00,-58.0897712,-23.367614,Panthera onca,356982,5,Humid Chaco,Paraguay,-58.0897712,-23.367614,4.0,False,1,4317,track,2213.2604970905713
1128.0,2009-08-01 23:09:00,-58.0895042,-23.367799,Panthera onca,356982,5,Humid Chaco,Paraguay,-58.0895042,-23.367799,4.0,False,1,4330,track,2236.3042216324816
1129.0,2009-08-02 03:09:00,-58.0895767,-23.367835,Panthera onca,356982,5,Humid Chaco,Paraguay,-58.0895767,-23.367835,4.0,False,1,4330,track,2234.7633948548346
1130.0,2009-08-02 07:09:00,-58.0895843,-23.367692,Panthera onca,356982,5,Humid Chaco,Paraguay,-58.0895843,-23.367692,4.0,False,1,4317,track,2234.007606564128
1131.0,2009-08-02 11:09:00,-58.0895538,-23.367769,Panthera onca,356982,5,Humid Chaco,Paraguay,-58.0895538,-23.367769,4.0,False,1,4317,track,2239.3768082823635
1132.0,2009-08-02 15:09:00,-58.0904846,-23.3659,Panthera onca,356982,5,Humid Chaco,Paraguay,-58.0904846,-23.3659,4.0,False,1,4317,track,2097.1344452343783
1133.0,2009-08-02 19:09:00,-58.1100807,-23.351783,Panthera onca,356982,5,Humid Chaco,Paraguay,-58.1100807,-23.351783,4.0,False,1,4317,track,1143.6667642932944
1134.0,2009-08-02 23:10:00,-58.124691,-23.347175,Panthera onca,356982,5,Humid Chaco,Paraguay,-58.124691,-23.347175,4.016666666666667,False,1,4261,service,538.1822412720877
1135.0,2009-08-03 04:10:00,-58.1247444,-23.347152,Panthera onca,356982,5,Humid Chaco,Paraguay,-58.1247444,-23.347152,5.0,False,1,4261,service,532.4549333310407
1136.0,2009-08-03 08:10:00,-58.1247062,-23.347129,Panthera onca,356982,5,Humid Chaco,Paraguay,-58.1247062,-23.347129,4.0,False,1,4261,service,536.0234969037992
1137.0,2009-08-03 12:10:00,-58.1243705,-23.347108,Panthera onca,356982,5,Humid Chaco,Paraguay,-58.1243705,-23.347108,4.0,False,1,4261,service,569.8101530232035
1138.0,2009-08-03 16:10:00,-58.1245384,-23.347583,Panthera onca,356982,5,Humid Chaco,Paraguay,-58.1245384,-23.347583,4.0,False,1,4261,service,559.1339547869816
1139.0,2009-08-03 20:10:00,-58.1246337,-23.347402,Panthera onca,356982,5,Humid Chaco,Paraguay,-58.1246337,-23.347402,4.0,False,1,4261,service,547.0380272248291
1140.0,2009-08-04 00:10:00,-58.1245727,-23.347486,Panthera onca,356982,5,Humid Chaco,Paraguay,-58.1245727,-23.347486,4.0,False,1,4261,service,554.3537220887684
1141.0,2009-08-04 05:10:00,-58.1245803,-23.347476,Panthera onca,356982,5,Humid Chaco,Paraguay,-58.1245803,-23.347476,5.0,False,1,4261,service,553.4484954760735
1142.0,2009-08-04 09:10:00,-58.1246414,-23.347478,Panthera onca,356982,5,Humid Chaco,Paraguay,-58.1246414,-23.347478,4.0,False,1,4261,service,547.2746707613215
1143.0,2009-08-04 13:10:00,-58.1246376,-23.347536,Panthera onca,356982,5,Humid Chaco,Paraguay,-58.1246376,-23.347536,4.0,False,1,4261,service,548.4372497083112
1144.0,2009-08-04 17:10:00,-58.1254158,-23.344831,Panthera onca,356982,5,Humid Chaco,Paraguay,-58.1254158,-23.344831,4.0,False,1,4261,service,437.62171176684126
1145.0,2009-08-05 07:11:00,-58.124607,-23.347494,Panthera onca,356982,5,Humid Chaco,Paraguay,-58.124607,-23.347494,14.016666666666667,False,1,4261,service,550.9800172468666
1146.0,2009-08-05 11:11:00,-58.124916,-23.344364,Panthera onca,356982,5,Humid Chaco,Paraguay,-58.124916,-23.344364,4.0,False,1,4261,service,466.08090604411814
1147.0,2009-08-05 15:11:00,-58.124916,-23.344396,Panthera onca,356982,5,Humid Chaco,Paraguay,-58.124916,-23.344396,4.0,False,1,4261,service,467.3859712024893
1148.0,2009-08-05 19:11:00,-58.1248855,-23.344352,Panthera onca,356982,5,Humid Chaco,Paraguay,-58.1248855,-23.344352,4.0,False,1,4261,service,468.4904832229693
1149.0,2009-08-05 23:11:00,-58.1245651,-23.343967,Panthera onca,356982,5,Humid Chaco,Paraguay,-58.1245651,-23.343967,4.0,False,1,4261,service,481.12663140657094
1150.0,2009-08-06 03:11:00,-58.1245498,-23.343942,Panthera onca,356982,5,Humid Chaco,Paraguay,-58.1245498,-23.343942,4.0,False,1,4261,service,481.1413525676142
1151.0,2009-08-06 07:11:00,-58.1244697,-23.344013,Panthera onca,356982,5,Humid Chaco,Paraguay,-58.1244697,-23.344013,4.0,False,1,4261,service,492.1253303146511
1152.0,2009-08-06 11:11:00,-58.1165275,-23.35238,Panthera onca,356982,5,Humid Chaco,Paraguay,-58.1165275,-23.35238,4.0,False,1,4317,track,827.6213057559594
1153.0,2009-08-06 15:11:00,-58.1229591,-23.350971,Panthera onca,356982,5,Humid Chaco,Paraguay,-58.1229591,-23.350971,4.0,False,1,4317,track,463.04020362942794
1154.0,2009-08-06 20:11:00,-58.1237068,-23.35029,Panthera onca,356982,5,Humid Chaco,Paraguay,-58.1237068,-23.35029,5.0,False,1,4317,track,460.3624722129955
1155.0,2009-08-07 00:11:00,-58.1246414,-23.343961,Panthera onca,356982,5,Humid Chaco,Paraguay,-58.1246414,-23.343961,4.0,False,1,4261,service,473.9934596636493
1156.0,2009-08-07 04:12:00,-58.1246147,-23.34395,Panthera onca,356982,5,Humid Chaco,Paraguay,-58.1246147,-23.34395,4.016666666666667,False,1,4261,service,475.78188138179956
1157.0,2009-08-07 08:12:00,-58.124649,-23.343919,Panthera onca,356982,5,Humid Chaco,Paraguay,-58.124649,-23.343919,4.0,False,1,4261,service,471.04613782945916
1158.0,2009-08-07 13:12:00,-58.1209907,-23.350553,Panthera onca,356982,5,Humid Chaco,Paraguay,-58.1209907,-23.350553,5.0,False,1,4317,track,640.1980948077552
1159.0,2009-08-07 18:12:00,-58.121006,-23.350502,Panthera onca,356982,5,Humid Chaco,Paraguay,-58.121006,-23.350502,5.0,False,1,4317,track,642.9833381350829
1160.0,2009-08-07 22:12:00,-58.1206054,-23.350605,Panthera onca,356982,5,Humid Chaco,Paraguay,-58.1206054,-23.350605,4.0,False,1,4317,track,664.6079404647826
1161.0,2009-08-08 07:12:00,-58.1191635,-23.348691,Panthera onca,356982,5,Humid Chaco,Paraguay,-58.1191635,-23.348691,9.0,False,1,4317,track,917.7396964322045
1162.0,2009-08-08 11:12:00,-58.1191902,-23.348712,Panthera onca,356982,5,Humid Chaco,Paraguay,-58.1191902,-23.348712,4.0,False,1,4317,track,914.1604537695567
1163.0,2009-08-08 15:12:00,-58.1031608,-23.356058,Panthera onca,356982,5,Humid Chaco,Paraguay,-58.1031608,-23.356058,4.0,False,1,4317,track,1011.7104272507444
1164.0,2009-08-08 19:12:00,-58.103157,-23.356012,Panthera onca,356982,5,Humid Chaco,Paraguay,-58.103157,-23.356012,4.0,False,1,4317,track,1015.3769128411732
1165.0,2009-08-08 23:12:00,-58.1151199,-23.348236,Panthera onca,356982,5,Humid Chaco,Paraguay,-58.1151199,-23.348236,4.0,False,1,4317,track,1250.6916164461165
1166.0,2009-08-09 03:12:00,-58.1191444,-23.348741,Panthera onca,356982,5,Humid Chaco,Paraguay,-58.1191444,-23.348741,4.0,False,1,4317,track,915.3112175503128
1167.0,2009-08-09 07:13:00,-58.1191596,-23.348731,Panthera onca,356982,5,Humid Chaco,Paraguay,-58.1191596,-23.348731,4.016666666666667,False,1,4317,track,914.9581190621733
1168.0,2009-08-09 11:13:00,-58.1194038,-23.348644,Panthera onca,356982,5,Humid Chaco,Paraguay,-58.1194038,-23.348644,4.0,False,1,4317,track,903.6338129566973
1169.0,2009-08-09 15:13:00,-58.1191139,-23.348697,Panthera onca,356982,5,Humid Chaco,Paraguay,-58.1191139,-23.348697,4.0,False,1,4317,track,920.9352463913938
1170.0,2009-08-09 19:13:00,-58.1191635,-23.348695,Panthera onca,356982,5,Humid Chaco,Paraguay,-58.1191635,-23.348695,4.0,False,1,4317,track,917.4327926650262
1171.0,2009-08-09 23:13:00,-58.119152,-23.34876,Panthera onca,356982,5,Humid Chaco,Paraguay,-58.119152,-23.34876,4.0,False,1,4317,track,913.2932456093052
1172.0,2009-08-10 03:13:00,-58.1191749,-23.348812,Panthera onca,356982,5,Humid Chaco,Paraguay,-58.1191749,-23.348812,4.0,False,1,4317,track,907.615589461564
1173.0,2009-08-10 07:13:00,-58.1191482,-23.348726,Panthera onca,356982,5,Humid Chaco,Paraguay,-58.1191482,-23.348726,4.0,False,1,4317,track,916.1820173226273
1174.0,2009-08-10 11:13:00,-58.1191978,-23.348716,Panthera onca,356982,5,Humid Chaco,Paraguay,-58.1191978,-23.348716,4.0,False,1,4317,track,913.2933708355434
1175.0,2009-08-10 15:13:00,-58.1191558,-23.348716,Panthera onca,356982,5,Humid Chaco,Paraguay,-58.1191558,-23.348716,4.0,False,1,4317,track,916.3890977568363
1176.0,2009-08-10 19:13:00,-58.119152,-23.348693,Panthera onca,356982,5,Humid Chaco,Paraguay,-58.119152,-23.348693,4.0,False,1,4317,track,918.4338840901236
1177.0,2009-08-10 23:13:00,-58.119152,-23.348749,Panthera onca,356982,5,Humid Chaco,Paraguay,-58.119152,-23.348749,4.0,False,1,4317,track,914.1372310264588
1178.0,2009-08-11 03:13:00,-58.119152,-23.348726,Panthera onca,356982,5,Humid Chaco,Paraguay,-58.119152,-23.348726,4.0,False,1,4317,track,915.9019278147689
1179.0,2009-08-11 07:13:00,-58.1191749,-23.348714,Panthera onca,356982,5,Humid Chaco,Paraguay,-58.1191749,-23.348714,4.0,False,1,4317,track,915.1347310682443
1180.0,2009-08-11 11:14:00,-58.1191596,-23.348724,Panthera onca,356982,5,Humid Chaco,Paraguay,-58.1191596,-23.348724,4.016666666666667,False,1,4317,track,915.4952006665868
1181.0,2009-08-11 15:14:00,-58.1106071,-23.351945,Panthera onca,356982,5,Humid Chaco,Paraguay,-58.1106071,-23.351945,4.0,False,1,4317,track,1124.3157160522314
1182.0,2009-08-11 19:14:00,-58.1145477,-23.347845,Panthera onca,356982,5,Humid Chaco,Paraguay,-58.1145477,-23.347845,4.0,False,1,4317,track,1322.8668891049192
1183.0,2009-08-12 00:14:00,-58.119152,-23.348737,Panthera onca,356982,5,Humid Chaco,Paraguay,-58.119152,-23.348737,5.0,False,1,4317,track,915.0579423939275
1184.0,2009-08-12 04:14:00,-58.1191749,-23.34873,Panthera onca,356982,5,Humid Chaco,Paraguay,-58.1191749,-23.34873,4.0,False,1,4317,track,913.9071161020123
1185.0,2009-08-12 08:14:00,-58.1191825,-23.348743,Panthera onca,356982,5,Humid Chaco,Paraguay,-58.1191825,-23.348743,4.0,False,1,4317,track,912.3494998889164
1186.0,2009-08-12 12:14:00,-58.1136016,-23.348941,Panthera onca,356982,5,Humid Chaco,Paraguay,-58.1136016,-23.348941,4.0,False,1,4317,track,1307.7783690938622
1187.0,2009-08-12 16:14:00,-58.092144,-23.351089,Panthera onca,356982,5,Humid Chaco,Paraguay,-58.092144,-23.351089,4.0,False,1,4317,track,2245.013581648596
1188.0,2009-08-12 20:14:00,-58.0831298,-23.349838,Panthera onca,356982,5,Humid Chaco,Paraguay,-58.0831298,-23.349838,4.0,False,1,4261,service,2772.608574281232
1189.0,2009-08-13 00:14:00,-58.0830802,-23.349822,Panthera onca,356982,5,Humid Chaco,Paraguay,-58.0830802,-23.349822,4.0,False,1,4261,service,2770.452250359543
1190.0,2009-08-13 04:14:00,-58.0831718,-23.349884,Panthera onca,356982,5,Humid Chaco,Paraguay,-58.0831718,-23.349884,4.0,False,1,4261,service,2778.016937845462
1191.0,2009-08-13 08:14:00,-58.0831871,-23.349935,Panthera onca,356982,5,Humid Chaco,Paraguay,-58.0831871,-23.349935,4.0,False,1,4261,service,2783.767311989996
1192.0,2009-08-13 12:15:00,-58.0922317,-23.343345,Panthera onca,356982,5,Humid Chaco,Paraguay,-58.0922317,-23.343345,4.016666666666667,False,1,4261,service,2074.2763152742573
1193.0,2009-08-13 16:15:00,-58.1033248,-23.345771,Panthera onca,356982,5,Humid Chaco,Paraguay,-58.1033248,-23.345771,4.0,False,1,4317,track,1954.5154325971423
1194.0,2009-08-13 21:15:00,-58.1033248,-23.34588,Panthera onca,356982,5,Humid Chaco,Paraguay,-58.1033248,-23.34588,5.0,False,1,4317,track,1943.3556557687398
1195.0,2009-08-14 01:15:00,-58.1192283,-23.348695,Panthera onca,356982,5,Humid Chaco,Paraguay,-58.1192283,-23.348695,4.0,False,1,4317,track,912.6565269166745
1196.0,2009-08-14 05:15:00,-58.1135635,-23.348947,Panthera onca,356982,5,Humid Chaco,Paraguay,-58.1135635,-23.348947,4.0,False,1,4317,track,1310.0948482215376
1197.0,2009-08-14 09:15:00,-58.0868339,-23.344797,Panthera onca,356982,5,Humid Chaco,Paraguay,-58.0868339,-23.344797,4.0,False,1,4261,service,2236.5258579014094
1198.0,2009-08-14 23:15:00,-58.1059875,-23.35013,Panthera onca,356982,5,Humid Chaco,Paraguay,-58.1059875,-23.35013,14.0,False,1,4317,track,1406.340795769826
1199.0,2009-08-15 03:15:00,-58.1076927,-23.348905,Panthera onca,356982,5,Humid Chaco,Paraguay,-58.1076927,-23.348905,4.0,False,1,4317,track,1490.755509809951
1200.0,2009-08-15 07:15:00,-58.1077232,-23.34902,Panthera onca,356982,5,Humid Chaco,Paraguay,-58.1077232,-23.34902,4.0,False,1,4317,track,1477.6571399763154
1201.0,2009-08-15 11:15:00,-58.1132507,-23.353061,Panthera onca,356982,5,Humid Chaco,Paraguay,-58.1132507,-23.353061,4.0,False,1,4317,track,994.9862473668583
1202.0,2009-08-15 16:16:00,-58.1135139,-23.348939,Panthera onca,356982,5,Humid Chaco,Paraguay,-58.1135139,-23.348939,5.016666666666667,False,1,4317,track,1314.336015384108
1203.0,2009-08-15 20:16:00,-58.1143035,-23.34905,Panthera onca,356982,5,Humid Chaco,Paraguay,-58.1143035,-23.34905,4.0,False,1,4317,track,1248.086902467614
1204.0,2009-08-16 06:16:00,-58.1135253,-23.348934,Panthera onca,356982,5,Humid Chaco,Paraguay,-58.1135253,-23.348934,10.0,False,1,4317,track,1313.8912896168406
1205.0,2009-08-16 10:16:00,-58.1134681,-23.348958,Panthera onca,356982,5,Humid Chaco,Paraguay,-58.1134681,-23.348958,4.0,False,1,4317,track,1316.207026976556
1206.0,2009-08-16 20:16:00,-58.1137962,-23.354118,Panthera onca,356982,5,Humid Chaco,Paraguay,-58.1137962,-23.354118,10.0,False,1,4317,track,865.6361274593326
1207.0,2009-08-17 00:16:00,-58.1109771,-23.361824,Panthera onca,356982,5,Humid Chaco,Paraguay,-58.1109771,-23.361824,4.0,False,1,4317,track,29.961664703425196
1208.0,2009-08-17 04:16:00,-58.1123352,-23.352722,Panthera onca,356982,5,Humid Chaco,Paraguay,-58.1123352,-23.352722,4.0,False,1,4317,track,1034.8738837660562
1209.0,2009-08-17 08:16:00,-58.1122283,-23.352722,Panthera onca,356982,5,Humid Chaco,Paraguay,-58.1122283,-23.352722,4.0,False,1,4317,track,1035.0859255523947
1210.0,2009-08-17 12:16:00,-58.1134376,-23.348644,Panthera onca,356982,5,Humid Chaco,Paraguay,-58.1134376,-23.348644,4.0,False,1,4317,track,1342.7714122658917
1211.0,2009-08-17 16:17:00,-58.1134376,-23.348674,Panthera onca,356982,5,Humid Chaco,Paraguay,-58.1134376,-23.348674,4.016666666666667,False,1,4317,track,1340.4461539362544
1212.0,2009-08-17 20:17:00,-58.1144294,-23.347871,Panthera onca,356982,5,Humid Chaco,Paraguay,-58.1144294,-23.347871,4.0,False,1,4317,track,1329.5913508189124
1213.0,2009-08-18 00:17:00,-58.1132659,-23.34902,Panthera onca,356982,5,Humid Chaco,Paraguay,-58.1132659,-23.34902,4.0,False,1,4317,track,1326.163286117575
1214.0,2009-08-18 04:17:00,-58.1133079,-23.349027,Panthera onca,356982,5,Humid Chaco,Paraguay,-58.1133079,-23.349027,4.0,False,1,4317,track,1322.5544795995277
1215.0,2009-08-18 08:17:00,-58.1130828,-23.348812,Panthera onca,356982,5,Humid Chaco,Paraguay,-58.1130828,-23.348812,4.0,False,1,4317,track,1355.6524760827024
1216.0,2009-08-18 12:17:00,-58.1145553,-23.347848,Panthera onca,356982,5,Humid Chaco,Paraguay,-58.1145553,-23.347848,4.0,False,1,4317,track,1322.0765392223045
1217.0,2009-08-18 16:17:00,-58.1134071,-23.348831,Panthera onca,356982,5,Humid Chaco,Paraguay,-58.1134071,-23.348831,4.0,False,1,4317,track,1330.5039858875507
1218.0,2009-08-18 21:17:00,-58.1137962,-23.348878,Panthera onca,356982,5,Humid Chaco,Paraguay,-58.1137962,-23.348878,5.0,False,1,4317,track,1298.4544111538603
1219.0,2009-08-19 06:17:00,-58.1150207,-23.350055,Panthera onca,356982,5,Humid Chaco,Paraguay,-58.1150207,-23.350055,9.0,False,1,4317,track,1117.8313016230818
1220.0,2009-08-19 10:17:00,-58.1150245,-23.351844,Panthera onca,356982,5,Humid Chaco,Paraguay,-58.1150245,-23.351844,4.0,False,1,4317,track,978.8925241652663
1221.0,2009-08-19 14:17:00,-58.1176452,-23.352354,Panthera onca,356982,5,Humid Chaco,Paraguay,-58.1176452,-23.352354,4.0,False,1,4317,track,748.0376082190049
1222.0,2009-08-19 18:18:00,-58.1159591,-23.353523,Panthera onca,356982,5,Humid Chaco,Paraguay,-58.1159591,-23.353523,4.016666666666667,False,1,4317,track,780.5269410319256
1223.0,2009-08-20 03:18:00,-58.1181144,-23.353431,Panthera onca,356982,5,Humid Chaco,Paraguay,-58.1181144,-23.353431,9.0,False,1,4317,track,630.3089084918263
1224.0,2009-08-20 07:18:00,-58.120182,-23.354743,Panthera onca,356982,5,Humid Chaco,Paraguay,-58.120182,-23.354743,4.0,False,1,4317,track,377.6739911791225
1225.0,2009-08-20 11:18:00,-58.1194038,-23.353425,Panthera onca,356982,5,Humid Chaco,Paraguay,-58.1194038,-23.353425,4.0,False,1,4317,track,536.6395371423935
1226.0,2009-08-20 15:18:00,-58.116764,-23.351108,Panthera onca,356982,5,Humid Chaco,Paraguay,-58.116764,-23.351108,4.0,False,1,4317,track,908.9441024746826
1227.0,2009-08-20 19:18:00,-58.1150932,-23.35184,Panthera onca,356982,5,Humid Chaco,Paraguay,-58.1150932,-23.35184,4.0,False,1,4317,track,974.18709186574
1228.0,2009-08-21 09:18:00,-58.114994,-23.351818,Panthera onca,356982,5,Humid Chaco,Paraguay,-58.114994,-23.351818,14.0,False,1,4317,track,983.134385992407
1229.0,2009-08-21 13:18:00,-58.1251907,-23.350252,Panthera onca,356982,5,Humid Chaco,Paraguay,-58.1251907,-23.350252,4.0,False,1,4317,track,354.55952193662466
1230.0,2009-08-21 22:19:00,-58.1258544,-23.349889,Panthera onca,356982,5,Humid Chaco,Paraguay,-58.1258544,-23.349889,9.016666666666667,False,1,4317,track,333.95056958656943
1231.0,2009-08-22 07:19:00,-58.1337585,-23.35021,Panthera onca,356982,5,Humid Chaco,Paraguay,-58.1337585,-23.35021,9.0,False,1,4261,service,121.56508265803308
1232.0,2009-08-22 11:19:00,-58.1252899,-23.349214,Panthera onca,356982,5,Humid Chaco,Paraguay,-58.1252899,-23.349214,4.0,False,1,4317,track,427.4306665434608
1233.0,2009-08-22 15:19:00,-58.1254196,-23.350126,Panthera onca,356982,5,Humid Chaco,Paraguay,-58.1254196,-23.350126,4.0,False,1,4317,track,347.514156134414
1234.0,2009-08-22 20:19:00,-58.1253089,-23.350427,Panthera onca,356982,5,Humid Chaco,Paraguay,-58.1253089,-23.350427,5.0,False,1,4317,track,332.3869128599836
1235.0,2009-08-23 00:19:00,-58.1290435,-23.349945,Panthera onca,356982,5,Humid Chaco,Paraguay,-58.1290435,-23.349945,4.0,False,1,4317,track,95.93156478055195
1236.0,2009-08-23 04:19:00,-58.1193389,-23.360578,Panthera onca,356982,5,Humid Chaco,Paraguay,-58.1193389,-23.360578,4.0,False,1,4317,track,18.804582151817616
1237.0,2009-08-23 08:19:00,-58.125885,-23.349943,Panthera onca,356982,5,Humid Chaco,Paraguay,-58.125885,-23.349943,4.0,False,1,4317,track,327.53910936858995
1238.0,2009-08-23 12:19:00,-58.1198692,-23.347396,Panthera onca,356982,5,Humid Chaco,Paraguay,-58.1198692,-23.347396,4.0,False,1,4317,track,965.0836046306293
1239.0,2009-08-23 16:19:00,-58.1198234,-23.347421,Panthera onca,356982,5,Humid Chaco,Paraguay,-58.1198234,-23.347421,4.0,False,1,4317,track,966.5413285711325
1240.0,2009-08-23 20:19:00,-58.1198654,-23.347473,Panthera onca,356982,5,Humid Chaco,Paraguay,-58.1198654,-23.347473,4.0,False,1,4317,track,959.4558278460765
1241.0,2009-08-24 00:20:00,-58.1199493,-23.347545,Panthera onca,356982,5,Humid Chaco,Paraguay,-58.1199493,-23.347545,4.016666666666667,False,1,4317,track,947.7474190078672
1242.0,2009-08-24 04:20:00,-58.119976,-23.347494,Panthera onca,356982,5,Humid Chaco,Paraguay,-58.119976,-23.347494,4.0,False,1,4317,track,949.6923958592782
1243.0,2009-08-24 08:20:00,-58.1186561,-23.3469,Panthera onca,356982,5,Humid Chaco,Paraguay,-58.1186561,-23.3469,4.0,False,1,4317,track,1092.5556318420486
1244.0,2009-08-24 12:20:00,-58.1198501,-23.347383,Panthera onca,356982,5,Humid Chaco,Paraguay,-58.1198501,-23.347383,4.0,False,1,4317,track,967.4888761124578
1245.0,2009-08-24 16:20:00,-58.1197586,-23.347438,Panthera onca,356982,5,Humid Chaco,Paraguay,-58.1197586,-23.347438,4.0,False,1,4317,track,970.0133218328976
1246.0,2009-08-24 20:20:00,-58.1198387,-23.347433,Panthera onca,356982,5,Humid Chaco,Paraguay,-58.1198387,-23.347433,4.0,False,1,4317,track,964.4928766132881
1247.0,2009-08-25 00:20:00,-58.1195297,-23.347099,Panthera onca,356982,5,Humid Chaco,Paraguay,-58.1195297,-23.347099,4.0,False,1,4317,track,1012.8952792811205
1248.0,2009-08-25 04:20:00,-58.1195259,-23.347126,Panthera onca,356982,5,Humid Chaco,Paraguay,-58.1195259,-23.347126,4.0,False,1,4317,track,1011.1037768998626
1249.0,2009-08-25 09:20:00,-58.132492,-23.350358,Panthera onca,356982,5,Humid Chaco,Paraguay,-58.132492,-23.350358,5.0,False,1,4261,service,47.02198361117208
1250.0,2009-08-25 14:20:00,-58.1281051,-23.344631,Panthera onca,356982,5,Humid Chaco,Paraguay,-58.1281051,-23.344631,5.0,False,1,4261,service,169.02203946675033
1251.0,2009-08-25 18:20:00,-58.12788,-23.344242,Panthera onca,356982,5,Humid Chaco,Paraguay,-58.12788,-23.344242,4.0,False,1,4261,service,178.22855740407573
1252.0,2009-08-25 22:20:00,-58.1320533,-23.349544,Panthera onca,356982,5,Humid Chaco,Paraguay,-58.1320533,-23.349544,4.0,False,1,4261,service,91.26620511819083
1253.0,2009-08-26 02:21:00,-58.1328926,-23.350305,Panthera onca,356982,5,Humid Chaco,Paraguay,-58.1328926,-23.350305,4.016666666666667,False,1,4261,service,74.75753825224409
1254.0,2009-08-26 06:21:00,-58.1360702,-23.351799,Panthera onca,356982,5,Humid Chaco,Paraguay,-58.1360702,-23.351799,4.0,False,1,4261,service,65.97554507695027
1255.0,2009-08-26 10:21:00,-58.1301231,-23.349109,Panthera onca,356982,5,Humid Chaco,Paraguay,-58.1301231,-23.349109,4.0,False,1,4261,service,50.06818037922053
1256.0,2009-08-26 14:21:00,-58.1198501,-23.347412,Panthera onca,356982,5,Humid Chaco,Paraguay,-58.1198501,-23.347412,4.0,False,1,4317,track,965.2638337766329
1257.0,2009-08-26 18:21:00,-58.119812,-23.34741,Panthera onca,356982,5,Humid Chaco,Paraguay,-58.119812,-23.34741,4.0,False,1,4317,track,968.2255906658933
1258.0,2009-08-26 22:21:00,-58.1194915,-23.347177,Panthera onca,356982,5,Humid Chaco,Paraguay,-58.1194915,-23.347177,4.0,False,1,4317,track,1009.7263441251139
1259.0,2009-08-27 02:21:00,-58.1195487,-23.347175,Panthera onca,356982,5,Humid Chaco,Paraguay,-58.1195487,-23.347175,4.0,False,1,4317,track,1005.6636536951224
1260.0,2009-08-27 06:21:00,-58.119194,-23.346982,Panthera onca,356982,5,Humid Chaco,Paraguay,-58.119194,-23.346982,4.0,False,1,4317,track,1046.616238167246
1261.0,2009-08-27 10:21:00,-58.1248016,-23.354747,Panthera onca,356982,5,Humid Chaco,Paraguay,-58.1248016,-23.354747,4.0,False,1,4317,track,37.52575545178869
1262.0,2009-08-27 14:21:00,-58.1253967,-23.344846,Panthera onca,356982,5,Humid Chaco,Paraguay,-58.1253967,-23.344846,4.0,False,1,4261,service,440.0488823577923
1263.0,2009-08-27 18:21:00,-58.1256294,-23.34477,Panthera onca,356982,5,Humid Chaco,Paraguay,-58.1256294,-23.34477,4.0,False,1,4261,service,414.83166278467655
1264.0,2009-08-27 22:21:00,-58.1301422,-23.35157,Panthera onca,356982,5,Humid Chaco,Paraguay,-58.1301422,-23.35157,4.0,False,1,4317,track,110.03813355727932
1265.0,2009-08-28 02:21:00,-58.1348953,-23.360786,Panthera onca,356982,5,Humid Chaco,Paraguay,-58.1348953,-23.360786,4.0,False,1,4261,service,930.6761767617329
1266.0,2009-08-28 06:22:00,-58.1348762,-23.360168,Panthera onca,356982,5,Humid Chaco,Paraguay,-58.1348762,-23.360168,4.016666666666667,False,1,4261,service,863.3547782640308
1267.0,2009-08-28 10:22:00,-58.1300163,-23.350744,Panthera onca,356982,5,Humid Chaco,Paraguay,-58.1300163,-23.350744,4.0,False,1,4317,track,37.041703598353564
1268.0,2009-08-28 14:22:00,-58.1196441,-23.34727,Panthera onca,356982,5,Humid Chaco,Paraguay,-58.1196441,-23.34727,4.0,False,1,4317,track,991.3428902767449
1269.0,2009-08-28 23:22:00,-58.1195487,-23.347211,Panthera onca,356982,5,Humid Chaco,Paraguay,-58.1195487,-23.347211,9.0,False,1,4317,track,1002.9015263085486
1270.0,2009-08-29 03:22:00,-58.1196098,-23.347188,Panthera onca,356982,5,Humid Chaco,Paraguay,-58.1196098,-23.347188,4.0,False,1,4317,track,1000.16261113616
1271.0,2009-08-29 07:22:00,-58.1341743,-23.357082,Panthera onca,356982,5,Humid Chaco,Paraguay,-58.1341743,-23.357082,4.0,False,1,4261,service,550.213473131194
1272.0,2009-08-29 11:22:00,-58.1223449,-23.351243,Panthera onca,356982,5,Humid Chaco,Paraguay,-58.1223449,-23.351243,4.0,False,1,4317,track,487.44289473747114
1273.0,2009-08-29 15:22:00,-58.1196556,-23.347297,Panthera onca,356982,5,Humid Chaco,Paraguay,-58.1196556,-23.347297,4.0,False,1,4317,track,988.4236451909458
1274.0,2009-08-29 19:22:00,-58.1198883,-23.34744,Panthera onca,356982,5,Humid Chaco,Paraguay,-58.1198883,-23.34744,4.0,False,1,4317,track,960.2998403349683
1275.0,2009-08-29 23:22:00,-58.1195678,-23.347162,Panthera onca,356982,5,Humid Chaco,Paraguay,-58.1195678,-23.347162,4.0,False,1,4317,track,1005.253250455864
1276.0,2009-08-30 03:22:00,-58.1193771,-23.34716,Panthera onca,356982,5,Humid Chaco,Paraguay,-58.1193771,-23.34716,4.0,False,1,4317,track,1019.462962492588
1277.0,2009-08-30 07:23:00,-58.1192932,-23.347118,Panthera onca,356982,5,Humid Chaco,Paraguay,-58.1192932,-23.347118,4.016666666666667,False,1,4317,track,1028.869609241688
1278.0,2009-08-30 22:23:00,-58.1563682,-23.347309,Panthera onca,356982,5,Humid Chaco,Paraguay,-58.1563682,-23.347309,15.0,False,1,4261,service,26.655550231058417
1279.0,2009-08-31 02:23:00,-58.153244,-23.355777,Panthera onca,356982,5,Humid Chaco,Paraguay,-58.153244,-23.355777,4.0,False,1,4261,service,939.8965703342305
1280.0,2009-08-31 06:23:00,-58.1795501,-23.365936,Panthera onca,356982,5,Humid Chaco,Paraguay,-58.1795501,-23.365936,4.0,False,1,4261,service,865.6033958148512
1281.0,2009-08-31 10:23:00,-58.159317,-23.343814,Panthera onca,356982,5,Humid Chaco,Paraguay,-58.159317,-23.343814,4.0,False,1,4261,service,514.0712379110731
1282.0,2009-09-01 00:23:00,-58.1612052,-23.338068,Panthera onca,356982,5,Humid Chaco,Paraguay,-58.1612052,-23.338068,14.0,False,1,4261,service,1157.5861837813145
1283.0,2009-09-01 04:23:00,-58.1615905,-23.338024,Panthera onca,356982,5,Humid Chaco,Paraguay,-58.1615905,-23.338024,4.0,False,1,4261,service,1182.2896073917657
1284.0,2009-09-01 08:23:00,-58.1623764,-23.337936,Panthera onca,356982,5,Humid Chaco,Paraguay,-58.1623764,-23.337936,4.0,False,1,4261,service,1232.512124762026
1285.0,2009-09-01 12:24:00,-58.1637878,-23.350687,Panthera onca,356982,5,Humid Chaco,Paraguay,-58.1637878,-23.350687,4.016666666666667,False,1,4261,service,67.28292823367227
1286.0,2009-09-01 16:24:00,-58.1777877,-23.358842,Panthera onca,356982,5,Humid Chaco,Paraguay,-58.1777877,-23.358842,4.0,False,1,4261,service,190.5373506718596
1287.0,2009-09-02 01:24:00,-58.1778221,-23.358839,Panthera onca,356982,5,Humid Chaco,Paraguay,-58.1778221,-23.358839,9.0,False,1,4261,service,188.7624818812424
1288.0,2009-09-02 05:24:00,-58.1633949,-23.3507,Panthera onca,356982,5,Humid Chaco,Paraguay,-58.1633949,-23.3507,4.0,False,1,4261,service,46.66747790748716
1289.0,2009-09-02 09:24:00,-58.1628189,-23.338214,Panthera onca,356982,5,Humid Chaco,Paraguay,-58.1628189,-23.338214,4.0,False,1,4261,service,1229.8458888989533
1290.0,2009-09-02 18:24:00,-58.1780662,-23.356451,Panthera onca,356982,5,Humid Chaco,Paraguay,-58.1780662,-23.356451,9.0,False,1,4261,service,61.7798372512511
1291.0,2009-09-02 22:24:00,-58.1720237,-23.364154,Panthera onca,356982,5,Humid Chaco,Paraguay,-58.1720237,-23.364154,4.0,False,1,4261,service,938.4524903418461
1292.0,2009-09-03 02:24:00,-58.1732635,-23.363096,Panthera onca,356982,5,Humid Chaco,Paraguay,-58.1732635,-23.363096,4.0,False,1,4261,service,785.0607358817849
1293.0,2009-09-03 06:24:00,-58.1749534,-23.365505,Panthera onca,356982,5,Humid Chaco,Paraguay,-58.1749534,-23.365505,4.0,False,1,4261,service,982.0077148891185
1294.0,2009-09-03 11:25:00,-58.1823272,-23.361089,Panthera onca,356982,5,Humid Chaco,Paraguay,-58.1823272,-23.361089,5.016666666666667,False,1,4261,service,265.1041546380814
1295.0,2009-09-04 06:25:00,-58.1838989,-23.367158,Panthera onca,356982,5,Humid Chaco,Paraguay,-58.1838989,-23.367158,19.0,False,1,4261,service,726.81881232201
1296.0,2009-09-04 10:25:00,-58.1926918,-23.364027,Panthera onca,356982,5,Humid Chaco,Paraguay,-58.1926918,-23.364027,4.0,False,1,4261,service,217.92001997721093
1297.0,2009-09-04 15:25:00,-58.1926841,-23.36407,Panthera onca,356982,5,Humid Chaco,Paraguay,-58.1926841,-23.36407,5.0,False,1,4261,service,221.7410214184841
1298.0,2009-09-04 19:25:00,-58.1925544,-23.364475,Panthera onca,356982,5,Humid Chaco,Paraguay,-58.1925544,-23.364475,4.0,False,1,4261,service,254.9621794930467
1299.0,2009-09-04 23:25:00,-58.1925621,-23.364294,Panthera onca,356982,5,Humid Chaco,Paraguay,-58.1925621,-23.364294,4.0,False,1,4261,service,237.68237159168459
1300.0,2009-09-05 03:25:00,-58.1871948,-23.361951,Panthera onca,356982,5,Humid Chaco,Paraguay,-58.1871948,-23.361951,4.0,False,1,4261,service,66.88820661506904
1301.0,2009-09-05 07:25:00,-58.1830978,-23.359624,Panthera onca,356982,5,Humid Chaco,Paraguay,-58.1830978,-23.359624,4.0,False,1,4261,service,87.77041487007585
1302.0,2009-09-05 11:25:00,-58.1871986,-23.357379,Panthera onca,356982,5,Humid Chaco,Paraguay,-58.1871986,-23.357379,4.0,False,1,4261,service,360.93684714109105
1303.0,2009-09-05 15:26:00,-58.1931076,-23.363912,Panthera onca,356982,5,Humid Chaco,Paraguay,-58.1931076,-23.363912,4.016666666666667,False,1,4261,service,226.82924940912423
1304.0,2009-09-05 20:26:00,-58.1911125,-23.361305,Panthera onca,356982,5,Humid Chaco,Paraguay,-58.1911125,-23.361305,5.0,False,1,4261,service,123.98904587010439
1305.0,2009-09-06 00:26:00,-58.1920814,-23.363109,Panthera onca,356982,5,Humid Chaco,Paraguay,-58.1920814,-23.363109,4.0,False,1,4261,service,98.84617884193632
1306.0,2009-09-06 04:26:00,-58.1927871,-23.363086,Panthera onca,356982,5,Humid Chaco,Paraguay,-58.1927871,-23.363086,4.0,False,1,4261,service,130.75920070947888
1307.0,2009-09-06 08:26:00,-58.1924858,-23.362907,Panthera onca,356982,5,Humid Chaco,Paraguay,-58.1924858,-23.362907,4.0,False,1,4261,service,98.71868372343195
1308.0,2009-09-06 12:26:00,-58.1934471,-23.365043,Panthera onca,356982,5,Humid Chaco,Paraguay,-58.1934471,-23.365043,4.0,False,1,4261,service,353.5646075145507
1309.0,2009-09-06 21:26:00,-58.1956176,-23.364898,Panthera onca,356982,5,Humid Chaco,Paraguay,-58.1956176,-23.364898,9.0,False,1,4261,service,411.94038810010056
1310.0,2009-09-07 01:26:00,-58.1942749,-23.364852,Panthera onca,356982,5,Humid Chaco,Paraguay,-58.1942749,-23.364852,4.0,False,1,4261,service,364.8366390330612
1311.0,2009-09-07 05:26:00,-58.1910858,-23.363761,Panthera onca,356982,5,Humid Chaco,Paraguay,-58.1910858,-23.363761,4.0,False,1,4261,service,138.9623997524919
1312.0,2009-09-07 14:26:00,-58.1872329,-23.35778,Panthera onca,356982,5,Humid Chaco,Paraguay,-58.1872329,-23.35778,9.0,False,1,4261,service,327.2578135471041
1313.0,2009-09-07 18:27:00,-58.1873092,-23.357772,Panthera onca,356982,5,Humid Chaco,Paraguay,-58.1873092,-23.357772,4.016666666666667,False,1,4261,service,332.59511384553804
1314.0,2009-09-07 22:27:00,-58.1868362,-23.357759,Panthera onca,356982,5,Humid Chaco,Paraguay,-58.1868362,-23.357759,4.0,False,1,4261,service,305.08955724969786
1315.0,2009-09-08 02:27:00,-58.186882,-23.357753,Panthera onca,356982,5,Humid Chaco,Paraguay,-58.186882,-23.357753,4.0,False,1,4261,service,308.4001646977159
1316.0,2009-09-08 06:27:00,-58.186901,-23.357759,Panthera onca,356982,5,Humid Chaco,Paraguay,-58.186901,-23.357759,4.0,False,1,4261,service,309.0165793429691
1317.0,2009-09-08 10:27:00,-58.1735382,-23.363523,Panthera onca,356982,5,Humid Chaco,Paraguay,-58.1735382,-23.363523,4.0,False,1,4261,service,821.3174605887571
1318.0,2009-09-08 14:27:00,-58.1735267,-23.364824,Panthera onca,356982,5,Humid Chaco,Paraguay,-58.1735267,-23.364824,4.0,False,1,4261,service,960.5457071127419
1319.0,2009-09-08 18:27:00,-58.1736564,-23.364686,Panthera onca,356982,5,Humid Chaco,Paraguay,-58.1736564,-23.364686,4.0,False,1,4261,service,942.5244745771079
1320.0,2009-09-08 22:27:00,-58.1720733,-23.363872,Panthera onca,356982,5,Humid Chaco,Paraguay,-58.1720733,-23.363872,4.0,False,1,4261,service,907.3762930708008
1321.0,2009-09-09 02:27:00,-58.1707839,-23.364839,Panthera onca,356982,5,Humid Chaco,Paraguay,-58.1707839,-23.364839,4.0,False,1,4261,service,1052.5087344523663
1322.0,2009-09-09 06:27:00,-58.1708106,-23.364841,Panthera onca,356982,5,Humid Chaco,Paraguay,-58.1708106,-23.364841,4.0,False,1,4261,service,1051.8195407840783
1323.0,2009-09-09 10:27:00,-58.173542,-23.364673,Panthera onca,356982,5,Humid Chaco,Paraguay,-58.173542,-23.364673,4.0,False,1,4261,service,943.9569717705264
1324.0,2009-09-09 14:27:00,-58.1735725,-23.364788,Panthera onca,356982,5,Humid Chaco,Paraguay,-58.1735725,-23.364788,4.0,False,1,4261,service,955.5396699068694
1325.0,2009-09-09 18:27:00,-58.1736335,-23.364721,Panthera onca,356982,5,Humid Chaco,Paraguay,-58.1736335,-23.364721,4.0,False,1,4261,service,946.8436607464188
1326.0,2009-09-09 22:28:00,-58.1748847,-23.36466,Panthera onca,356982,5,Humid Chaco,Paraguay,-58.1748847,-23.36466,4.016666666666667,False,1,4261,service,899.7997611839824
1327.0,2009-09-10 02:28:00,-58.1736183,-23.364675,Panthera onca,356982,5,Humid Chaco,Paraguay,-58.1736183,-23.364675,4.0,False,1,4261,service,942.2684521120185
1328.0,2009-09-10 06:28:00,-58.1748847,-23.367092,Panthera onca,356982,5,Humid Chaco,Paraguay,-58.1748847,-23.367092,4.0,False,1,4261,service,1146.1652284295085
1329.0,2009-09-10 10:28:00,-58.1741828,-23.365417,Panthera onca,356982,5,Humid Chaco,Paraguay,-58.1741828,-23.365417,4.0,False,1,4261,service,1005.9675789114325
1330.0,2009-09-10 14:28:00,-58.1735916,-23.364717,Panthera onca,356982,5,Humid Chaco,Paraguay,-58.1735916,-23.364717,4.0,False,1,4261,service,947.4394062642108
1331.0,2009-09-10 19:28:00,-58.1743392,-23.365503,Panthera onca,356982,5,Humid Chaco,Paraguay,-58.1743392,-23.365503,5.0,False,1,4261,service,1007.9157414015818
1332.0,2009-09-10 23:28:00,-58.1736602,-23.365926,Panthera onca,356982,5,Humid Chaco,Paraguay,-58.1736602,-23.365926,4.0,False,1,4261,service,1076.3550410237715
1333.0,2009-09-11 03:28:00,-58.1748962,-23.367015,Panthera onca,356982,5,Humid Chaco,Paraguay,-58.1748962,-23.367015,4.0,False,1,4261,service,1137.8130533966157
1334.0,2009-09-11 07:28:00,-58.1735343,-23.364686,Panthera onca,356982,5,Humid Chaco,Paraguay,-58.1735343,-23.364686,4.0,False,1,4261,service,945.5466872180896
1335.0,2009-09-11 11:28:00,-58.173664,-23.364652,Panthera onca,356982,5,Humid Chaco,Paraguay,-58.173664,-23.364652,4.0,False,1,4261,service,938.6828305743411
1336.0,2009-09-11 15:28:00,-58.1735801,-23.364755,Panthera onca,356982,5,Humid Chaco,Paraguay,-58.1735801,-23.364755,4.0,False,1,4261,service,951.8063256863561
1337.0,2009-09-11 19:28:00,-58.1736793,-23.365756,Panthera onca,356982,5,Humid Chaco,Paraguay,-58.1736793,-23.365756,4.0,False,1,4261,service,1057.5356515975723
1338.0,2009-09-11 23:29:00,-58.1737174,-23.365985,Panthera onca,356982,5,Humid Chaco,Paraguay,-58.1737174,-23.365985,4.016666666666667,False,1,4261,service,1081.564748573598
1339.0,2009-09-12 03:29:00,-58.173397,-23.368459,Panthera onca,356982,5,Humid Chaco,Paraguay,-58.173397,-23.368459,4.0,False,1,4261,service,1345.5868644098748
1340.0,2009-09-12 07:29:00,-58.1733741,-23.36849,Panthera onca,356982,5,Humid Chaco,Paraguay,-58.1733741,-23.36849,4.0,False,1,4261,service,1349.6789747977741
1341.0,2009-09-12 11:29:00,-58.2069625,-23.370521,Panthera onca,356982,5,Humid Chaco,Paraguay,-58.2069625,-23.370521,4.0,False,1,4261,service,440.63566752621915
1342.0,2009-09-12 21:29:00,-58.2060394,-23.370376,Panthera onca,356982,5,Humid Chaco,Paraguay,-58.2060394,-23.370376,10.0,False,1,4261,service,492.26935678232945
1343.0,2009-09-13 01:29:00,-58.2061233,-23.370119,Panthera onca,356982,5,Humid Chaco,Paraguay,-58.2061233,-23.370119,4.0,False,1,4261,service,465.45088782565205
1344.0,2009-09-13 05:29:00,-58.2059707,-23.369955,Panthera onca,356982,5,Humid Chaco,Paraguay,-58.2059707,-23.369955,4.0,False,1,4261,service,462.51935758941505
1345.0,2009-09-13 09:29:00,-58.1870269,-23.366403,Panthera onca,356982,5,Humid Chaco,Paraguay,-58.1870269,-23.366403,4.0,False,1,4261,service,532.6312406444462
1346.0,2009-09-13 13:29:00,-58.1897506,-23.36622,Panthera onca,356982,5,Humid Chaco,Paraguay,-58.1897506,-23.36622,4.0,False,1,4261,service,421.2714187521242
1347.0,2009-09-13 17:29:00,-58.1859893,-23.366971,Panthera onca,356982,5,Humid Chaco,Paraguay,-58.1859893,-23.366971,4.0,False,1,4261,service,629.6462387196208
1348.0,2009-09-13 22:29:00,-58.1876487,-23.3668,Panthera onca,356982,5,Humid Chaco,Paraguay,-58.1876487,-23.3668,5.0,False,1,4261,service,550.6057367920806
1349.0,2009-09-14 02:30:00,-58.1874809,-23.366905,Panthera onca,356982,5,Humid Chaco,Paraguay,-58.1874809,-23.366905,4.016666666666667,False,1,4261,service,567.651499702756
1350.0,2009-09-14 06:30:00,-58.1907501,-23.363912,Panthera onca,356982,5,Humid Chaco,Paraguay,-58.1907501,-23.363912,4.0,False,1,4261,service,157.58242490009613
1351.0,2009-09-14 10:30:00,-58.1922836,-23.362413,Panthera onca,356982,5,Humid Chaco,Paraguay,-58.1922836,-23.362413,4.0,False,1,4261,service,40.75345399340665
1352.0,2009-09-15 05:30:00,-58.1911392,-23.362955,Panthera onca,356982,5,Humid Chaco,Paraguay,-58.1911392,-23.362955,19.0,False,1,4261,service,49.552260228064156
1353.0,2009-09-15 09:30:00,-58.191204,-23.362936,Panthera onca,356982,5,Humid Chaco,Paraguay,-58.191204,-23.362936,4.0,False,1,4261,service,47.07985830478981
1354.0,2009-09-15 14:30:00,-58.1905403,-23.367015,Panthera onca,356982,5,Humid Chaco,Paraguay,-58.1905403,-23.367015,5.0,False,1,4261,service,501.8245991178038
1355.0,2009-09-15 18:30:00,-58.1906051,-23.366924,Panthera onca,356982,5,Humid Chaco,Paraguay,-58.1906051,-23.366924,4.0,False,1,4261,service,491.39255902257264
1356.0,2009-09-15 22:30:00,-58.1907768,-23.367418,Panthera onca,356982,5,Humid Chaco,Paraguay,-58.1907768,-23.367418,4.0,False,1,4261,service,545.0189352092168
1357.0,2009-09-16 02:31:00,-58.1907043,-23.368022,Panthera onca,356982,5,Humid Chaco,Paraguay,-58.1907043,-23.368022,4.016666666666667,False,1,4261,service,612.2075432521241
1358.0,2009-09-16 06:31:00,-58.1908378,-23.367767,Panthera onca,356982,5,Humid Chaco,Paraguay,-58.1908378,-23.367767,4.0,False,1,4261,service,583.2509166446938
1359.0,2009-09-16 10:31:00,-58.1908111,-23.367662,Panthera onca,356982,5,Humid Chaco,Paraguay,-58.1908111,-23.367662,4.0,False,1,4261,service,571.7963703006054
1360.0,2009-09-16 14:31:00,-58.1908187,-23.367721,Panthera onca,356982,5,Humid Chaco,Paraguay,-58.1908187,-23.367721,4.0,False,1,4261,service,578.2752249072381
1361.0,2009-09-16 18:31:00,-58.190834,-23.367681,Panthera onca,356982,5,Humid Chaco,Paraguay,-58.190834,-23.367681,4.0,False,1,4261,service,573.765388405592
1362.0,2009-09-16 22:31:00,-58.1908149,-23.367702,Panthera onca,356982,5,Humid Chaco,Paraguay,-58.1908149,-23.367702,4.0,False,1,4261,service,576.1965773580101
1363.0,2009-09-17 02:31:00,-58.1908226,-23.367637,Panthera onca,356982,5,Humid Chaco,Paraguay,-58.1908226,-23.367637,4.0,False,1,4261,service,568.9666016236749
1364.0,2009-09-17 06:31:00,-58.1908378,-23.367706,Panthera onca,356982,5,Humid Chaco,Paraguay,-58.1908378,-23.367706,4.0,False,1,4261,service,576.5073387604937
1365.0,2009-09-17 10:31:00,-58.1908607,-23.367652,Panthera onca,356982,5,Humid Chaco,Paraguay,-58.1908607,-23.367652,4.0,False,1,4261,service,570.4061739839299
1366.0,2009-09-17 14:31:00,-58.1908264,-23.367736,Panthera onca,356982,5,Humid Chaco,Paraguay,-58.1908264,-23.367736,4.0,False,1,4261,service,579.8892856139239
2350.0,2011-07-16 20:26:00,-58.092613,-23.26576,Panthera onca,50886,7,Humid Chaco,Paraguay,-58.092613,-23.26576,,True,1,4337,track,244.46710178550043
2351.0,2011-07-17 02:27:00,-58.100595,-23.270652,Panthera onca,50886,7,Humid Chaco,Paraguay,-58.100595,-23.270652,6.016666666666667,False,1,4337,track,1103.0168105915989
2352.0,2011-07-17 05:26:00,-58.099716,-23.271618,Panthera onca,50886,7,Humid Chaco,Paraguay,-58.099716,-23.271618,2.9833333333333334,False,1,4337,track,1022.4267343641409
2353.0,2011-07-17 08:26:00,-58.099072,-23.271157,Panthera onca,50886,7,Humid Chaco,Paraguay,-58.099072,-23.271157,3.0,False,1,4337,track,952.4872290008483
2354.0,2011-07-17 11:27:00,-58.116388,-23.290447,Panthera onca,50886,7,Humid Chaco,Paraguay,-58.116388,-23.290447,3.0166666666666666,False,1,4336,track,456.88446594378905
2355.0,2011-07-17 18:26:00,-58.126495,-23.294266,Panthera onca,50886,7,Humid Chaco,Paraguay,-58.126495,-23.294266,6.983333333333333,False,1,4336,track,1282.9331488621976
2356.0,2011-07-17 22:27:00,-58.163209,-23.313396,Panthera onca,50886,7,Humid Chaco,Paraguay,-58.163209,-23.313396,4.016666666666667,False,1,4318,service,430.7104260812667
2357.0,2011-07-18 04:26:00,-58.161643,-23.299245,Panthera onca,50886,7,Humid Chaco,Paraguay,-58.161643,-23.299245,5.983333333333333,False,1,4318,service,776.2371721781429
2358.0,2011-07-18 07:26:00,-58.162909,-23.291724,Panthera onca,50886,7,Humid Chaco,Paraguay,-58.162909,-23.291724,3.0,False,1,4318,service,1461.1393510412788
2359.0,2011-07-18 10:26:00,-58.16293,-23.291724,Panthera onca,50886,7,Humid Chaco,Paraguay,-58.16293,-23.291724,3.0,False,1,4318,service,1460.5550955798415
2360.0,2011-07-18 13:26:00,-58.159218,-23.293548,Panthera onca,50886,7,Humid Chaco,Paraguay,-58.159218,-23.293548,3.0,False,1,4318,service,1432.2134523412815
2361.0,2011-07-18 16:26:00,-58.159196,-23.293537,Panthera onca,50886,7,Humid Chaco,Paraguay,-58.159196,-23.293537,3.0,False,1,4318,service,1434.4567254149656
2362.0,2011-07-18 19:26:00,-58.159196,-23.293558,Panthera onca,50886,7,Humid Chaco,Paraguay,-58.159196,-23.293558,3.0,False,1,4318,service,1432.5039793809142
2363.0,2011-07-19 05:26:00,-58.145528,-23.281521,Panthera onca,50886,7,Humid Chaco,Paraguay,-58.145528,-23.281521,10.0,False,1,4318,service,3242.4100992234576
2364.0,2011-07-19 15:27:00,-58.145378,-23.281703,Panthera onca,50886,7,Humid Chaco,Paraguay,-58.145378,-23.281703,10.016666666666667,False,1,4318,service,3233.0956385921904
2365.0,2011-07-19 18:26:00,-58.145163,-23.281649,Panthera onca,50886,7,Humid Chaco,Paraguay,-58.145163,-23.281649,2.9833333333333334,False,1,4318,service,3249.6797987884092
2366.0,2011-07-20 00:26:00,-58.145871,-23.296069,Panthera onca,50886,7,Humid Chaco,Paraguay,-58.145871,-23.296069,6.0,False,1,4318,service,1997.0007360433908
2367.0,2011-07-20 03:27:00,-58.145399,-23.281767,Panthera onca,50886,7,Humid Chaco,Paraguay,-58.145399,-23.281767,3.0166666666666666,False,1,4318,service,3225.926850110016
2368.0,2011-07-21 04:26:00,-58.155441,-23.29108,Panthera onca,50886,7,Humid Chaco,Paraguay,-58.155441,-23.29108,24.98333333333333,True,2,4318,service,1838.327717620722
2369.0,2011-07-21 07:26:00,-58.160999,-23.283387,Panthera onca,50886,7,Humid Chaco,Paraguay,-58.160999,-23.283387,3.0,False,2,4318,service,2403.3716961011587
2370.0,2011-07-21 10:27:00,-58.145185,-23.281585,Panthera onca,50886,7,Humid Chaco,Paraguay,-58.145185,-23.281585,3.0166666666666666,False,2,4318,service,3254.5388816156055
2371.0,2011-07-21 14:26:00,-58.145399,-23.281928,Panthera onca,50886,7,Humid Chaco,Paraguay,-58.145399,-23.281928,3.983333333333333,False,2,4318,service,3210.7212403764283
2372.0,2011-07-21 21:26:00,-58.145335,-23.281842,Panthera onca,50886,7,Humid Chaco,Paraguay,-58.145335,-23.281842,7.0,False,2,4318,service,3222.2611127799096
2373.0,2011-07-22 06:26:00,-58.129199,-23.27827,Panthera onca,50886,7,Humid Chaco,Paraguay,-58.129199,-23.27827,9.0,False,2,4336,track,2142.3416878813746
2374.0,2011-07-22 13:26:00,-58.126087,-23.293666,Panthera onca,50886,7,Humid Chaco,Paraguay,-58.126087,-23.293666,7.0,False,2,4336,track,1266.8761117878794
2375.0,2011-07-22 16:26:00,-58.126087,-23.293751,Panthera onca,50886,7,Humid Chaco,Paraguay,-58.126087,-23.293751,3.0,False,2,4336,track,1263.6073827297428
2376.0,2011-07-22 22:26:00,-58.129456,-23.274965,Panthera onca,50886,7,Humid Chaco,Paraguay,-58.129456,-23.274965,6.0,False,2,4336,track,2296.55547759179
2377.0,2011-07-23 01:26:00,-58.146751,-23.272959,Panthera onca,50886,7,Humid Chaco,Paraguay,-58.146751,-23.272959,3.0,False,2,4336,track,4031.070657866954
2378.0,2011-07-23 10:27:00,-58.116345,-23.282669,Panthera onca,50886,7,Humid Chaco,Paraguay,-58.116345,-23.282669,9.016666666666667,False,2,4336,track,740.4126509586862
2379.0,2011-07-23 16:27:00,-58.104801,-23.27076,Panthera onca,50886,7,Humid Chaco,Paraguay,-58.104801,-23.27076,6.0,False,2,4336,track,1335.3378225343806
2380.0,2011-07-23 19:26:00,-58.104265,-23.270202,Panthera onca,50886,7,Humid Chaco,Paraguay,-58.104265,-23.270202,2.9833333333333334,False,2,4336,track,1397.2240765989477
2381.0,2011-07-24 04:26:00,-58.098664,-23.265953,Panthera onca,50886,7,Humid Chaco,Paraguay,-58.098664,-23.265953,9.0,False,2,4337,track,863.1739059562998
2382.0,2011-07-24 07:26:00,-58.086605,-23.259162,Panthera onca,50886,7,Humid Chaco,Paraguay,-58.086605,-23.259162,3.0,False,2,4337,track,590.269204303483
2383.0,2011-07-24 10:26:00,-58.086627,-23.259194,Panthera onca,50886,7,Humid Chaco,Paraguay,-58.086627,-23.259194,3.0,False,2,4337,track,586.1409553808666
2384.0,2011-07-24 13:26:00,-58.086777,-23.259387,Panthera onca,50886,7,Humid Chaco,Paraguay,-58.086777,-23.259387,3.0,False,2,4337,track,560.0500023811361
2385.0,2011-07-24 16:26:00,-58.086627,-23.25929,Panthera onca,50886,7,Humid Chaco,Paraguay,-58.086627,-23.25929,3.0,False,2,4337,track,578.3971599770689
2386.0,2011-07-24 19:27:00,-58.070555,-23.259119,Panthera onca,50886,7,Humid Chaco,Paraguay,-58.070555,-23.259119,3.0166666666666666,False,2,4337,track,2088.961171774889
2387.0,2011-07-25 01:26:00,-58.069289,-23.250428,Panthera onca,50886,7,Humid Chaco,Paraguay,-58.069289,-23.250428,5.983333333333333,False,2,4337,track,2584.628146750048
2388.0,2011-07-25 05:26:00,-58.069718,-23.249506,Panthera onca,50886,7,Humid Chaco,Paraguay,-58.069718,-23.249506,4.0,False,2,4337,track,2605.347690681476
2389.0,2011-07-25 11:26:00,-58.065319,-23.248218,Panthera onca,50886,7,Humid Chaco,Paraguay,-58.065319,-23.248218,6.0,False,2,4337,track,3058.61637540387
2390.0,2011-07-25 14:27:00,-58.064311,-23.248369,Panthera onca,50886,7,Humid Chaco,Paraguay,-58.064311,-23.248369,3.0166666666666666,False,2,4337,track,3137.3369940940347
2391.0,2011-07-25 17:26:00,-58.063774,-23.248165,Panthera onca,50886,7,Humid Chaco,Paraguay,-58.063774,-23.248165,2.9833333333333334,False,2,4337,track,3196.0335049422642
2392.0,2011-07-25 20:26:00,-58.062186,-23.247714,Panthera onca,50886,7,Humid Chaco,Paraguay,-58.062186,-23.247714,3.0,False,2,4337,track,3361.191460663411
2393.0,2011-07-25 23:27:00,-58.06931,-23.250536,Panthera onca,50886,7,Humid Chaco,Paraguay,-58.06931,-23.250536,3.0166666666666666,False,2,4337,track,2576.3594176866786
2394.0,2011-07-26 02:26:00,-58.069525,-23.248744,Panthera onca,50886,7,Humid Chaco,Paraguay,-58.069525,-23.248744,2.9833333333333334,False,2,4337,track,2670.749285037146
2395.0,2011-07-26 05:26:00,-58.069332,-23.250482,Panthera onca,50886,7,Humid Chaco,Paraguay,-58.069332,-23.250482,3.0,False,2,4337,track,2577.692731522879
2396.0,2011-07-26 14:26:00,-58.056993,-23.244699,Panthera onca,50886,7,Humid Chaco,Paraguay,-58.056993,-23.244699,9.0,False,2,4315,unclassified,3177.6709106757444
2397.0,2011-07-26 20:26:00,-58.056993,-23.244184,Panthera onca,50886,7,Humid Chaco,Paraguay,-58.056993,-23.244184,6.0,False,2,4315,unclassified,3165.590443544787
2398.0,2011-07-27 02:27:00,-58.054569,-23.248154,Panthera onca,50886,7,Humid Chaco,Paraguay,-58.054569,-23.248154,6.016666666666667,False,2,4315,unclassified,3016.350837876869
2399.0,2011-07-27 05:27:00,-58.054504,-23.248186,Panthera onca,50886,7,Humid Chaco,Paraguay,-58.054504,-23.248186,3.0,False,2,4315,unclassified,3010.602488858187
2400.0,2011-07-27 11:26:00,-58.054805,-23.248122,Panthera onca,50886,7,Humid Chaco,Paraguay,-58.054805,-23.248122,5.983333333333333,False,2,4315,unclassified,3039.196662609319
2401.0,2011-07-27 14:27:00,-58.041844,-23.244098,Panthera onca,50886,7,Humid Chaco,Paraguay,-58.041844,-23.244098,3.0166666666666666,False,2,4315,unclassified,1648.8662023804932
2402.0,2011-07-27 17:26:00,-58.034313,-23.238434,Panthera onca,50886,7,Humid Chaco,Paraguay,-58.034313,-23.238434,2.9833333333333334,False,2,4315,unclassified,762.920108116528
2403.0,2011-07-27 20:26:00,-58.033798,-23.240569,Panthera onca,50886,7,Humid Chaco,Paraguay,-58.033798,-23.240569,3.0,False,2,4315,unclassified,761.5439755463086
2404.0,2011-07-27 23:26:00,-58.020945,-23.254656,Panthera onca,50886,7,Humid Chaco,Paraguay,-58.020945,-23.254656,3.0,False,2,4315,unclassified,142.61233931822068
2405.0,2011-07-28 06:26:00,-57.994852,-23.214648,Panthera onca,50886,7,Humid Chaco,Paraguay,-57.994852,-23.214648,7.0,False,2,4315,unclassified,3745.992589749556
2406.0,2011-07-28 09:26:00,-57.994895,-23.214669,Panthera onca,50886,7,Humid Chaco,Paraguay,-57.994895,-23.214669,3.0,False,2,4315,unclassified,3741.1932256053724
2407.0,2011-07-28 13:26:00,-57.995453,-23.234239,Panthera onca,50886,7,Humid Chaco,Paraguay,-57.995453,-23.234239,4.0,False,2,4346,unclassified,2932.362736474677
2408.0,2011-07-28 16:26:00,-57.99408,-23.236932,Panthera onca,50886,7,Humid Chaco,Paraguay,-57.99408,-23.236932,3.0,False,2,4346,unclassified,2722.0559683935394
2409.0,2011-07-28 22:26:00,-57.985647,-23.248776,Panthera onca,50886,7,Humid Chaco,Paraguay,-57.985647,-23.248776,6.0,False,2,4346,unclassified,2386.426336271243
2410.0,2011-07-29 01:27:00,-57.97893,-23.244023,Panthera onca,50886,7,Humid Chaco,Paraguay,-57.97893,-23.244023,3.0166666666666666,False,2,4311,service,2475.7953098513085
2411.0,2011-07-29 08:27:00,-57.984595,-23.225248,Panthera onca,50886,7,Humid Chaco,Paraguay,-57.984595,-23.225248,7.0,False,2,4346,unclassified,4326.365720649044
2412.0,2011-07-29 11:27:00,-57.978416,-23.244131,Panthera onca,50886,7,Humid Chaco,Paraguay,-57.978416,-23.244131,3.0,False,2,4311,service,2428.876356041822
2413.0,2011-07-29 14:26:00,-57.980132,-23.24353,Panthera onca,50886,7,Humid Chaco,Paraguay,-57.980132,-23.24353,2.9833333333333334,False,2,4311,service,2604.0129364958957
2414.0,2011-07-30 05:27:00,-57.978652,-23.243755,Panthera onca,50886,7,Humid Chaco,Paraguay,-57.978652,-23.243755,15.016666666666667,False,2,4311,service,2474.884012957917
2415.0,2011-07-30 08:26:00,-57.978265,-23.243594,Panthera onca,50886,7,Humid Chaco,Paraguay,-57.978265,-23.243594,2.9833333333333334,False,2,4311,service,2458.352641162233
2416.0,2011-07-30 17:26:00,-57.980175,-23.244656,Panthera onca,50886,7,Humid Chaco,Paraguay,-57.980175,-23.244656,9.0,False,2,4311,service,2527.1929524344096
2417.0,2011-07-30 20:26:00,-57.980046,-23.244721,Panthera onca,50886,7,Humid Chaco,Paraguay,-57.980046,-23.244721,3.0,False,2,4311,service,2512.4053382416982
2418.0,2011-07-30 23:26:00,-57.99262,-23.250149,Panthera onca,50886,7,Humid Chaco,Paraguay,-57.99262,-23.250149,3.0,False,2,4346,unclassified,1695.4195373512314
2419.0,2011-07-31 02:27:00,-57.993007,-23.249935,Panthera onca,50886,7,Humid Chaco,Paraguay,-57.993007,-23.249935,3.0166666666666666,False,2,4346,unclassified,1676.5949250368508
2420.0,2011-07-31 05:26:00,-58.005195,-23.257327,Panthera onca,50886,7,Humid Chaco,Paraguay,-58.005195,-23.257327,2.9833333333333334,False,2,4346,unclassified,197.16523367244312
2421.0,2011-07-31 11:26:00,-58.040643,-23.26134,Panthera onca,50886,7,Humid Chaco,Paraguay,-58.040643,-23.26134,6.0,False,2,4334,track,1800.7388923230333
2422.0,2011-07-31 14:26:00,-58.040621,-23.26135,Panthera onca,50886,7,Humid Chaco,Paraguay,-58.040621,-23.26135,3.0,False,2,4334,track,1798.7293913812014
2423.0,2011-07-31 23:26:00,-58.069267,-23.261501,Panthera onca,50886,7,Humid Chaco,Paraguay,-58.069267,-23.261501,9.0,False,2,4337,track,2174.5131857075075
2424.0,2011-08-01 03:27:00,-58.051093,-23.280845,Panthera onca,50886,7,Humid Chaco,Paraguay,-58.051093,-23.280845,4.016666666666667,False,2,4334,track,445.79261288435464
2425.0,2011-08-01 09:26:00,-58.040171,-23.295114,Panthera onca,50886,7,Humid Chaco,Paraguay,-58.040171,-23.295114,5.983333333333333,False,2,4334,track,1336.2360181896104
2426.0,2011-08-01 12:26:00,-58.039463,-23.292453,Panthera onca,50886,7,Humid Chaco,Paraguay,-58.039463,-23.292453,3.0,False,2,4334,track,1249.9610915652781
2427.0,2011-08-01 18:26:00,-58.039484,-23.292539,Panthera onca,50886,7,Humid Chaco,Paraguay,-58.039484,-23.292539,6.0,False,2,4334,track,1256.0797439736668
2428.0,2011-08-01 21:26:00,-58.039505,-23.29255,Panthera onca,50886,7,Humid Chaco,Paraguay,-58.039505,-23.29255,3.0,False,2,4334,track,1255.7068650657393
2429.0,2011-08-02 00:26:00,-58.039355,-23.292496,Panthera onca,50886,7,Humid Chaco,Paraguay,-58.039355,-23.292496,3.0,False,2,4334,track,1260.5901437817088
2430.0,2011-08-02 09:26:00,-58.039377,-23.292539,Panthera onca,50886,7,Humid Chaco,Paraguay,-58.039377,-23.292539,9.0,False,2,4334,track,1262.8910507756452
2431.0,2011-08-02 12:26:00,-58.039463,-23.292475,Panthera onca,50886,7,Humid Chaco,Paraguay,-58.039463,-23.292475,3.0,False,2,4334,track,1251.8644499383397
2432.0,2011-08-02 15:26:00,-58.039527,-23.294663,Panthera onca,50886,7,Humid Chaco,Paraguay,-58.039527,-23.294663,3.0,False,2,4334,track,1379.3276563329075
2433.0,2011-08-02 21:26:00,-58.040493,-23.292099,Panthera onca,50886,7,Humid Chaco,Paraguay,-58.040493,-23.292099,6.0,False,2,4334,track,1155.0100468915018
2434.0,2011-08-03 03:27:00,-58.039355,-23.292367,Panthera onca,50886,7,Humid Chaco,Paraguay,-58.039355,-23.292367,6.016666666666667,False,2,4334,track,1249.5072791275022
2435.0,2011-08-03 09:27:00,-58.040407,-23.29197,Panthera onca,50886,7,Humid Chaco,Paraguay,-58.040407,-23.29197,6.0,False,2,4334,track,1148.6689956759506
2436.0,2011-08-04 06:26:00,-58.039527,-23.292507,Panthera onca,50886,7,Humid Chaco,Paraguay,-58.039527,-23.292507,20.98333333333333,False,2,4334,track,1250.57430074077
2437.0,2011-08-04 12:27:00,-58.040643,-23.292046,Panthera onca,50886,7,Humid Chaco,Paraguay,-58.040643,-23.292046,6.016666666666667,False,2,4334,track,1141.3159678705736
2438.0,2011-08-04 15:27:00,-58.040643,-23.292046,Panthera onca,50886,7,Humid Chaco,Paraguay,-58.040643,-23.292046,3.0,False,2,4334,track,1141.3159678705736
2439.0,2011-08-04 18:26:00,-58.037338,-23.291638,Panthera onca,50886,7,Humid Chaco,Paraguay,-58.037338,-23.291638,2.9833333333333334,False,2,4335,track,1241.957663052522
2440.0,2011-08-05 00:27:00,-58.039784,-23.292614,Panthera onca,50886,7,Humid Chaco,Paraguay,-58.039784,-23.292614,6.016666666666667,False,2,4334,track,1243.9248422369385
2441.0,2011-08-05 06:27:00,-58.039763,-23.292571,Panthera onca,50886,7,Humid Chaco,Paraguay,-58.039763,-23.292571,6.0,False,2,4334,track,1241.4197083848758
2442.0,2011-08-05 09:27:00,-58.020387,-23.294663,Panthera onca,50886,7,Humid Chaco,Paraguay,-58.020387,-23.294663,3.0,False,2,4346,unclassified,1440.8296395779096
2443.0,2011-08-05 22:27:00,-58.019571,-23.293129,Panthera onca,50886,7,Humid Chaco,Paraguay,-58.019571,-23.293129,13.0,False,2,4346,unclassified,1357.7184184458608
2444.0,2011-08-06 01:26:00,-58.048904,-23.266007,Panthera onca,50886,7,Humid Chaco,Paraguay,-58.048904,-23.266007,2.9833333333333334,False,2,4334,track,1726.6602532396842
2445.0,2011-08-06 10:26:00,-58.064246,-23.251051,Panthera onca,50886,7,Humid Chaco,Paraguay,-58.064246,-23.251051,9.0,False,2,4337,track,2999.953880631725
2446.0,2011-08-06 17:26:00,-58.053775,-23.253347,Panthera onca,50886,7,Humid Chaco,Paraguay,-58.053775,-23.253347,7.0,False,2,4315,unclassified,3058.7874059313403
2447.0,2011-08-06 21:26:00,-58.054483,-23.25177,Panthera onca,50886,7,Humid Chaco,Paraguay,-58.054483,-23.25177,4.0,False,2,4315,unclassified,3092.579543131339
2448.0,2011-08-07 00:26:00,-58.054869,-23.249795,Panthera onca,50886,7,Humid Chaco,Paraguay,-58.054869,-23.249795,3.0,False,2,4315,unclassified,3084.842050228143
2449.0,2011-08-07 06:26:00,-58.060234,-23.252445,Panthera onca,50886,7,Humid Chaco,Paraguay,-58.060234,-23.252445,6.0,False,2,4337,track,3314.79678020079
2450.0,2011-08-07 15:26:00,-58.078537,-23.262584,Panthera onca,50886,7,Humid Chaco,Paraguay,-58.078537,-23.262584,9.0,False,2,4337,track,1219.0881834461416
2451.0,2011-08-07 18:26:00,-58.07843,-23.262692,Panthera onca,50886,7,Humid Chaco,Paraguay,-58.07843,-23.262692,3.0,False,2,4337,track,1229.0196421023227
2452.0,2011-08-07 21:26:00,-58.077936,-23.26281,Panthera onca,50886,7,Humid Chaco,Paraguay,-58.077936,-23.26281,3.0,False,2,4337,track,1278.339652959818
2453.0,2011-08-08 07:26:00,-58.083451,-23.26532,Panthera onca,50886,7,Humid Chaco,Paraguay,-58.083451,-23.26532,10.0,False,2,4337,track,693.6485172062727
2454.0,2011-08-08 14:26:00,-58.122611,-23.294084,Panthera onca,50886,7,Humid Chaco,Paraguay,-58.122611,-23.294084,7.0,False,2,4336,track,917.423854414408
2455.0,2011-08-08 21:26:00,-58.125722,-23.294116,Panthera onca,50886,7,Humid Chaco,Paraguay,-58.125722,-23.294116,7.0,False,2,4336,track,1214.5646173746297
2456.0,2011-08-09 12:26:00,-58.141129,-23.297346,Panthera onca,50886,7,Humid Chaco,Paraguay,-58.141129,-23.297346,15.0,False,2,4318,service,2283.281408890277
2457.0,2011-08-09 15:26:00,-58.141022,-23.297228,Panthera onca,50886,7,Humid Chaco,Paraguay,-58.141022,-23.297228,3.0,False,2,4318,service,2299.727483894028
2458.0,2011-08-09 21:26:00,-58.151515,-23.324962,Panthera onca,50886,7,Humid Chaco,Paraguay,-58.151515,-23.324962,6.0,False,2,4323,service,84.13039010416085
2459.0,2011-08-10 00:26:00,-58.149004,-23.329757,Panthera onca,50886,7,Humid Chaco,Paraguay,-58.149004,-23.329757,3.0,False,2,4323,service,161.43128764763202
2460.0,2011-08-10 03:26:00,-58.13349,-23.339435,Panthera onca,50886,7,Humid Chaco,Paraguay,-58.13349,-23.339435,3.0,False,2,4323,service,496.45404104921363
2461.0,2011-08-10 06:26:00,-58.133447,-23.339424,Panthera onca,50886,7,Humid Chaco,Paraguay,-58.133447,-23.339424,3.0,False,2,4323,service,495.45116088096063
2462.0,2011-08-10 09:26:00,-58.129799,-23.350314,Panthera onca,50886,7,Humid Chaco,Paraguay,-58.129799,-23.350314,3.0,False,2,4317,track,12.07986593725915
2463.0,2011-08-10 12:27:00,-58.116753,-23.360206,Panthera onca,50886,7,Humid Chaco,Paraguay,-58.116753,-23.360206,3.0166666666666666,False,2,4317,track,127.59952065252563
2464.0,2011-08-10 15:26:00,-58.109372,-23.362062,Panthera onca,50886,7,Humid Chaco,Paraguay,-58.109372,-23.362062,2.9833333333333334,False,2,4317,track,123.93064067122252
2465.0,2011-08-10 18:26:00,-58.101347,-23.359401,Panthera onca,50886,7,Humid Chaco,Paraguay,-58.101347,-23.359401,3.0,False,2,4317,track,990.4156520539559
2466.0,2011-08-10 21:26:00,-58.097806,-23.35658,Panthera onca,50886,7,Humid Chaco,Paraguay,-58.097806,-23.35658,3.0,False,2,4317,track,1442.182205229888
2467.0,2011-08-11 00:26:00,-58.097012,-23.351848,Panthera onca,50886,7,Humid Chaco,Paraguay,-58.097012,-23.351848,3.0,False,2,4317,track,1792.6890913902635
2468.0,2011-08-11 04:26:00,-58.082228,-23.340175,Panthera onca,50886,7,Humid Chaco,Paraguay,-58.082228,-23.340175,4.0,False,2,4261,service,1698.7867099282262
2469.0,2011-08-11 07:26:00,-58.079395,-23.332804,Panthera onca,50886,7,Humid Chaco,Paraguay,-58.079395,-23.332804,3.0,False,2,4261,service,871.6407513255244
2470.0,2011-08-11 10:26:00,-58.051522,-23.336892,Panthera onca,50886,7,Humid Chaco,Paraguay,-58.051522,-23.336892,3.0,False,2,4261,service,2197.44342355689
2471.0,2011-08-11 13:26:00,-58.05253,-23.333148,Panthera onca,50886,7,Humid Chaco,Paraguay,-58.05253,-23.333148,3.0,False,2,4261,service,1796.3642332583604
2472.0,2011-08-11 19:26:00,-58.048732,-23.333255,Panthera onca,50886,7,Humid Chaco,Paraguay,-58.048732,-23.333255,6.0,False,2,4314,service,1921.4789151115392
2473.0,2011-08-11 22:26:00,-58.049033,-23.333062,Panthera onca,50886,7,Humid Chaco,Paraguay,-58.049033,-23.333062,3.0,False,2,4314,service,1943.0322905777632
2474.0,2011-08-12 01:26:00,-58.049097,-23.332998,Panthera onca,50886,7,Humid Chaco,Paraguay,-58.049097,-23.332998,3.0,False,2,4314,service,1946.8315595745403
2475.0,2011-08-12 04:26:00,-58.049161,-23.332976,Panthera onca,50886,7,Humid Chaco,Paraguay,-58.049161,-23.332976,3.0,False,2,4314,service,1952.2001948662337
2476.0,2011-08-12 07:26:00,-58.049054,-23.33304,Panthera onca,50886,7,Humid Chaco,Paraguay,-58.049054,-23.33304,3.0,False,2,4314,service,1944.2373890340361
2477.0,2011-08-12 10:26:00,-58.048282,-23.332601,Panthera onca,50886,7,Humid Chaco,Paraguay,-58.048282,-23.332601,3.0,False,2,4314,service,1853.6872409759167
2478.0,2011-08-12 13:26:00,-58.048797,-23.333352,Panthera onca,50886,7,Humid Chaco,Paraguay,-58.048797,-23.333352,3.0,False,2,4314,service,1931.488874166735
2479.0,2011-08-12 16:26:00,-58.048732,-23.333255,Panthera onca,50886,7,Humid Chaco,Paraguay,-58.048732,-23.333255,3.0,False,2,4314,service,1921.4789151115392
2480.0,2011-08-12 19:26:00,-58.048754,-23.333244,Panthera onca,50886,7,Humid Chaco,Paraguay,-58.048754,-23.333244,3.0,False,2,4314,service,1923.1581464529
2481.0,2011-08-12 22:26:00,-58.049054,-23.332858,Panthera onca,50886,7,Humid Chaco,Paraguay,-58.049054,-23.332858,3.0,False,2,4314,service,1937.5823810294162
2482.0,2011-08-13 01:26:00,-58.048947,-23.332858,Panthera onca,50886,7,Humid Chaco,Paraguay,-58.048947,-23.332858,3.0,False,2,4314,service,1927.2419022184133
2483.0,2011-08-13 04:26:00,-58.049054,-23.333051,Panthera onca,50886,7,Humid Chaco,Paraguay,-58.049054,-23.333051,3.0,False,2,4314,service,1944.6455765652738
2484.0,2011-08-13 07:26:00,-58.049097,-23.33303,Panthera onca,50886,7,Humid Chaco,Paraguay,-58.049097,-23.33303,3.0,False,2,4314,service,1948.0108510268876
2485.0,2011-08-13 17:26:00,-58.017833,-23.295865,Panthera onca,50886,7,Humid Chaco,Paraguay,-58.017833,-23.295865,10.0,False,2,4346,unclassified,1179.362333932828
2486.0,2011-08-13 20:26:00,-58.017812,-23.295865,Panthera onca,50886,7,Humid Chaco,Paraguay,-58.017812,-23.295865,3.0,False,2,4346,unclassified,1177.214657741308
2487.0,2011-08-13 23:26:00,-58.044119,-23.278152,Panthera onca,50886,7,Humid Chaco,Paraguay,-58.044119,-23.278152,3.0,False,2,4334,track,306.8773352748019
2488.0,2011-08-14 08:27:00,-58.052831,-23.252885,Panthera onca,50886,7,Humid Chaco,Paraguay,-58.052831,-23.252885,9.016666666666667,False,2,4315,unclassified,2953.5667051880005
2489.0,2011-08-14 11:26:00,-58.053882,-23.253572,Panthera onca,50886,7,Humid Chaco,Paraguay,-58.053882,-23.253572,2.9833333333333334,False,2,4315,unclassified,3074.7637264068644
2490.0,2011-08-14 20:26:00,-58.057616,-23.24868,Panthera onca,50886,7,Humid Chaco,Paraguay,-58.057616,-23.24868,9.0,False,2,4315,unclassified,3333.344651274219
2491.0,2011-08-14 23:27:00,-58.065126,-23.252746,Panthera onca,50886,7,Humid Chaco,Paraguay,-58.065126,-23.252746,3.0166666666666666,False,2,4337,track,2838.8877621733586
2492.0,2011-08-15 02:26:00,-58.065212,-23.252617,Panthera onca,50886,7,Humid Chaco,Paraguay,-58.065212,-23.252617,2.9833333333333334,False,2,4337,track,2836.63770920271
2493.0,2011-08-15 05:27:00,-58.078794,-23.232104,Panthera onca,50886,7,Humid Chaco,Paraguay,-58.078794,-23.232104,3.0166666666666666,False,2,4337,track,3632.9266317451898
2494.0,2011-08-15 12:26:00,-58.078644,-23.223971,Panthera onca,50886,7,Humid Chaco,Paraguay,-58.078644,-23.223971,6.983333333333333,False,2,4344,unclassified,2971.707270527888
2495.0,2011-08-15 18:27:00,-58.079503,-23.22145,Panthera onca,50886,7,Humid Chaco,Paraguay,-58.079503,-23.22145,6.016666666666667,False,2,4344,unclassified,2702.0214503384595
2496.0,2011-08-15 21:26:00,-58.078794,-23.227597,Panthera onca,50886,7,Humid Chaco,Paraguay,-58.078794,-23.227597,2.9833333333333334,False,2,4344,unclassified,3372.8534113322494
2497.0,2011-08-16 00:26:00,-58.087399,-23.246684,Panthera onca,50886,7,Humid Chaco,Paraguay,-58.087399,-23.246684,3.0,False,2,4337,track,1842.6065224176127
2498.0,2011-08-16 10:27:00,-58.088236,-23.261597,Panthera onca,50886,7,Humid Chaco,Paraguay,-58.088236,-23.261597,10.016666666666667,False,2,4337,track,285.6351486569374
2499.0,2011-08-16 13:27:00,-58.07343,-23.263872,Panthera onca,50886,7,Humid Chaco,Paraguay,-58.07343,-23.263872,3.0,False,2,4337,track,1728.3327328552325
2500.0,2011-08-16 16:26:00,-58.061306,-23.252681,Panthera onca,50886,7,Humid Chaco,Paraguay,-58.061306,-23.252681,2.9833333333333334,False,2,4337,track,3203.027709452539
2501.0,2011-08-16 19:26:00,-58.059161,-23.253711,Panthera onca,50886,7,Humid Chaco,Paraguay,-58.059161,-23.253711,3.0,False,2,4337,track,3371.9285262485005
2502.0,2011-08-16 22:26:00,-58.05841,-23.253229,Panthera onca,50886,7,Humid Chaco,Paraguay,-58.05841,-23.253229,3.0,False,2,4334,track,3429.3990364400497
2503.0,2011-08-17 01:26:00,-58.056307,-23.25369,Panthera onca,50886,7,Humid Chaco,Paraguay,-58.056307,-23.25369,3.0,False,2,4334,track,3285.717059625646
2504.0,2011-08-17 13:27:00,-58.042552,-23.259033,Panthera onca,50886,7,Humid Chaco,Paraguay,-58.042552,-23.259033,12.016666666666667,False,2,4315,unclassified,2073.4770034318185
2505.0,2011-08-17 16:26:00,-58.021953,-23.255138,Panthera onca,50886,7,Humid Chaco,Paraguay,-58.021953,-23.255138,2.9833333333333334,False,2,4315,unclassified,27.402895779721913
2506.0,2011-08-18 01:26:00,-57.992148,-23.261565,Panthera onca,50886,7,Humid Chaco,Paraguay,-57.992148,-23.261565,9.0,False,2,4334,track,871.7378932667252
2507.0,2011-08-18 04:26:00,-57.99438,-23.283023,Panthera onca,50886,7,Humid Chaco,Paraguay,-57.99438,-23.283023,3.0,False,2,4346,unclassified,1216.5607858542899
2508.0,2011-08-18 07:26:00,-57.988007,-23.288205,Panthera onca,50886,7,Humid Chaco,Paraguay,-57.988007,-23.288205,3.0,False,2,4346,unclassified,1869.4170636626832
2509.0,2011-08-18 10:26:00,-57.981548,-23.302023,Panthera onca,50886,7,Humid Chaco,Paraguay,-57.981548,-23.302023,3.0,False,2,4313,track,1081.9491200030318
2510.0,2011-08-18 13:27:00,-57.987428,-23.286853,Panthera onca,50886,7,Humid Chaco,Paraguay,-57.987428,-23.286853,3.0166666666666666,False,2,4334,track,1785.861337255415
2511.0,2011-08-18 16:26:00,-57.99041,-23.284932,Panthera onca,50886,7,Humid Chaco,Paraguay,-57.99041,-23.284932,2.9833333333333334,False,2,4346,unclassified,1622.9929123336885
2512.0,2011-08-18 19:26:00,-57.990325,-23.284278,Panthera onca,50886,7,Humid Chaco,Paraguay,-57.990325,-23.284278,3.0,False,2,4334,track,1562.1715492234139
2513.0,2011-08-18 22:26:00,-57.993221,-23.281521,Panthera onca,50886,7,Humid Chaco,Paraguay,-57.993221,-23.281521,3.0,False,2,4334,track,1318.556071726854
2514.0,2011-08-19 04:26:00,-57.99026,-23.284771,Panthera onca,50886,7,Humid Chaco,Paraguay,-57.99026,-23.284771,6.0,False,2,4334,track,1614.5017984678825
2515.0,2011-08-19 07:26:00,-57.990325,-23.284954,Panthera onca,50886,7,Humid Chaco,Paraguay,-57.990325,-23.284954,3.0,False,2,4346,unclassified,1631.6909477361248
2516.0,2011-08-19 10:26:00,-57.990196,-23.284643,Panthera onca,50886,7,Humid Chaco,Paraguay,-57.990196,-23.284643,3.0,False,2,4334,track,1599.3452275842458
2517.0,2011-08-19 16:26:00,-57.990196,-23.284686,Panthera onca,50886,7,Humid Chaco,Paraguay,-57.990196,-23.284686,6.0,False,2,4334,track,1604.0195727755247
2518.0,2011-08-20 01:26:00,-57.990475,-23.284632,Panthera onca,50886,7,Humid Chaco,Paraguay,-57.990475,-23.284632,9.0,False,2,4334,track,1603.5648845681146
2519.0,2011-08-20 04:26:00,-57.990367,-23.284664,Panthera onca,50886,7,Humid Chaco,Paraguay,-57.990367,-23.284664,3.0,False,2,4334,track,1604.947168446742
2520.0,2011-08-20 07:26:00,-57.990346,-23.284675,Panthera onca,50886,7,Humid Chaco,Paraguay,-57.990346,-23.284675,3.0,False,2,4334,track,1605.7353185130721
2521.0,2011-08-20 10:26:00,-57.990217,-23.284653,Panthera onca,50886,7,Humid Chaco,Paraguay,-57.990217,-23.284653,3.0,False,2,4334,track,1600.8398948963127
2522.0,2011-08-20 19:26:00,-57.989981,-23.284396,Panthera onca,50886,7,Humid Chaco,Paraguay,-57.989981,-23.284396,9.0,False,2,4334,track,1568.321777667305
2523.0,2011-08-20 22:26:00,-57.990367,-23.285394,Panthera onca,50886,7,Humid Chaco,Paraguay,-57.990367,-23.285394,3.0,False,2,4346,unclassified,1627.4834687147375
2524.0,2011-08-21 01:26:00,-57.990325,-23.284675,Panthera onca,50886,7,Humid Chaco,Paraguay,-57.990325,-23.284675,3.0,False,2,4334,track,1605.327706382869
2525.0,2011-08-21 04:26:00,-57.990282,-23.284707,Panthera onca,50886,7,Humid Chaco,Paraguay,-57.990282,-23.284707,3.0,False,2,4334,track,1607.9716551336332
2526.0,2011-08-21 10:26:00,-57.99041,-23.284675,Panthera onca,50886,7,Humid Chaco,Paraguay,-57.99041,-23.284675,6.0,False,2,4334,track,1606.9775669027888
2527.0,2011-08-21 16:26:00,-57.990346,-23.284686,Panthera onca,50886,7,Humid Chaco,Paraguay,-57.990346,-23.284686,6.0,False,2,4334,track,1606.9310810439501
2528.0,2011-08-21 19:26:00,-57.990346,-23.284707,Panthera onca,50886,7,Humid Chaco,Paraguay,-57.990346,-23.284707,3.0,False,2,4334,track,1609.2139004246187
2529.0,2011-08-21 22:26:00,-57.994466,-23.283001,Panthera onca,50886,7,Humid Chaco,Paraguay,-57.994466,-23.283001,3.0,False,2,4346,unclassified,1207.7602700413192
2530.0,2011-08-22 01:26:00,-57.994466,-23.282958,Panthera onca,50886,7,Humid Chaco,Paraguay,-57.994466,-23.282958,3.0,False,2,4346,unclassified,1207.7515192549652
2531.0,2011-08-22 04:26:00,-57.990539,-23.283548,Panthera onca,50886,7,Humid Chaco,Paraguay,-57.990539,-23.283548,3.0,False,2,4334,track,1486.9702063755033
2532.0,2011-08-22 13:26:00,-57.996247,-23.253808,Panthera onca,50886,7,Humid Chaco,Paraguay,-57.996247,-23.253808,9.0,False,2,4346,unclassified,1167.3436950794933
2533.0,2011-08-23 02:26:00,-58.070812,-23.216064,Panthera onca,50886,7,Humid Chaco,Paraguay,-58.070812,-23.216064,13.0,False,2,4344,unclassified,2025.4542161387653
2534.0,2011-08-23 05:26:00,-58.10581,-23.216901,Panthera onca,50886,7,Humid Chaco,Paraguay,-58.10581,-23.216901,3.0,False,2,4344,unclassified,2649.2400909487624
2535.0,2011-08-23 08:27:00,-58.100917,-23.216901,Panthera onca,50886,7,Humid Chaco,Paraguay,-58.100917,-23.216901,3.0166666666666666,False,2,4344,unclassified,2496.8030116133236
2536.0,2011-08-23 12:26:00,-58.087699,-23.248948,Panthera onca,50886,7,Humid Chaco,Paraguay,-58.087699,-23.248948,3.983333333333333,False,2,4337,track,1590.4694248744868
2537.0,2011-08-24 00:26:00,-58.089437,-23.244442,Panthera onca,50886,7,Humid Chaco,Paraguay,-58.089437,-23.244442,12.0,False,2,4337,track,2065.867921408361
2538.0,2011-08-24 03:26:00,-58.085747,-23.243508,Panthera onca,50886,7,Humid Chaco,Paraguay,-58.085747,-23.243508,3.0,False,2,4337,track,2220.7571625368696
2539.0,2011-08-24 06:26:00,-58.090253,-23.245718,Panthera onca,50886,7,Humid Chaco,Paraguay,-58.090253,-23.245718,3.0,False,2,4337,track,1921.7866961879113
2540.0,2011-08-24 09:26:00,-58.099265,-23.217512,Panthera onca,50886,7,Humid Chaco,Paraguay,-58.099265,-23.217512,3.0,False,2,4344,unclassified,2512.0564908413558
2541.0,2011-08-24 13:27:00,-58.092442,-23.228112,Panthera onca,50886,7,Humid Chaco,Paraguay,-58.092442,-23.228112,4.016666666666667,False,2,4344,unclassified,3570.6992019357117
2542.0,2011-08-24 16:27:00,-58.093236,-23.22984,Panthera onca,50886,7,Humid Chaco,Paraguay,-58.093236,-23.22984,3.0,False,2,4337,track,3690.031550720442
2543.0,2011-08-24 19:26:00,-58.090575,-23.241942,Panthera onca,50886,7,Humid Chaco,Paraguay,-58.090575,-23.241942,2.9833333333333334,False,2,4337,track,2339.668863278968
2544.0,2011-08-25 01:26:00,-58.089008,-23.244077,Panthera onca,50886,7,Humid Chaco,Paraguay,-58.089008,-23.244077,6.0,False,2,4337,track,2108.9995309831356
2545.0,2011-08-25 04:26:00,-58.08903,-23.244077,Panthera onca,50886,7,Humid Chaco,Paraguay,-58.08903,-23.244077,3.0,False,2,4337,track,2108.835020507275
2546.0,2011-08-25 07:26:00,-58.089051,-23.24398,Panthera onca,50886,7,Humid Chaco,Paraguay,-58.089051,-23.24398,3.0,False,2,4337,track,2119.392686240703
2547.0,2011-08-25 10:27:00,-58.089094,-23.24603,Panthera onca,50886,7,Humid Chaco,Paraguay,-58.089094,-23.24603,3.0166666666666666,False,2,4337,track,1892.7156142157692
2548.0,2011-08-25 16:26:00,-58.088129,-23.246598,Panthera onca,50886,7,Humid Chaco,Paraguay,-58.088129,-23.246598,5.983333333333333,False,2,4337,track,1840.555938563139
2549.0,2011-08-25 22:26:00,-58.089888,-23.244678,Panthera onca,50886,7,Humid Chaco,Paraguay,-58.089888,-23.244678,6.0,False,2,4337,track,2037.777835971331
2550.0,2011-08-26 01:26:00,-58.132246,-23.273324,Panthera onca,50886,7,Humid Chaco,Paraguay,-58.132246,-23.273324,3.0,False,2,4336,track,2630.780658639794
2551.0,2011-08-26 04:27:00,-58.147094,-23.273238,Panthera onca,50886,7,Humid Chaco,Paraguay,-58.147094,-23.273238,3.0166666666666666,False,2,4318,service,3990.382863000386
2552.0,2011-08-26 10:27:00,-58.1778,-23.213317,Panthera onca,50886,7,Humid Chaco,Paraguay,-58.1778,-23.213317,6.0,False,2,4344,unclassified,3316.4215214170927
2553.0,2011-08-26 13:26:00,-58.183916,-23.216085,Panthera onca,50886,7,Humid Chaco,Paraguay,-58.183916,-23.216085,2.9833333333333334,False,2,4282,track,2800.4722420503886
2554.0,2011-08-26 16:26:00,-58.176534,-23.213457,Panthera onca,50886,7,Humid Chaco,Paraguay,-58.176534,-23.213457,3.0,False,2,4344,unclassified,3340.1099929651564
2555.0,2011-08-26 19:26:00,-58.177371,-23.213221,Panthera onca,50886,7,Humid Chaco,Paraguay,-58.177371,-23.213221,3.0,False,2,4344,unclassified,3308.598391993342
2556.0,2011-08-26 22:26:00,-58.175225,-23.223767,Panthera onca,50886,7,Humid Chaco,Paraguay,-58.175225,-23.223767,3.0,False,2,4282,track,3360.9028990625507
2557.0,2011-08-27 02:26:00,-58.175097,-23.224787,Panthera onca,50886,7,Humid Chaco,Paraguay,-58.175097,-23.224787,4.0,False,2,4282,track,3357.3548265931404
2558.0,2011-08-27 05:26:00,-58.175075,-23.224776,Panthera onca,50886,7,Humid Chaco,Paraguay,-58.175075,-23.224776,3.0,False,2,4282,track,3359.744863301541
2559.0,2011-08-27 11:26:00,-58.1775,-23.213296,Panthera onca,50886,7,Humid Chaco,Paraguay,-58.1775,-23.213296,6.0,False,2,4344,unclassified,3316.0484499622753
2560.0,2011-08-27 14:27:00,-58.166556,-23.227694,Panthera onca,50886,7,Humid Chaco,Paraguay,-58.166556,-23.227694,3.0166666666666666,False,2,4282,track,4204.612442907152
2561.0,2011-08-28 03:26:00,-58.176878,-23.213543,Panthera onca,50886,7,Humid Chaco,Paraguay,-58.176878,-23.213543,12.983333333333333,False,2,4344,unclassified,3347.3796881823214
2562.0,2011-08-28 06:26:00,-58.176856,-23.213586,Panthera onca,50886,7,Humid Chaco,Paraguay,-58.176856,-23.213586,3.0,False,2,4344,unclassified,3352.273990756437
2563.0,2011-08-28 12:27:00,-58.177607,-23.213178,Panthera onca,50886,7,Humid Chaco,Paraguay,-58.177607,-23.213178,6.016666666666667,False,2,4344,unclassified,3302.314910702336
2564.0,2011-08-28 15:26:00,-58.183036,-23.211912,Panthera onca,50886,7,Humid Chaco,Paraguay,-58.183036,-23.211912,2.9833333333333334,False,2,4344,unclassified,3127.1901699421733
2565.0,2011-08-28 18:26:00,-58.183079,-23.21189,Panthera onca,50886,7,Humid Chaco,Paraguay,-58.183079,-23.21189,3.0,False,2,4344,unclassified,3124.4801972936984
2566.0,2011-08-29 00:26:00,-58.182886,-23.211933,Panthera onca,50886,7,Humid Chaco,Paraguay,-58.182886,-23.211933,6.0,False,2,4344,unclassified,3130.4838389555057
2567.0,2011-08-29 03:26:00,-58.182886,-23.211933,Panthera onca,50886,7,Humid Chaco,Paraguay,-58.182886,-23.211933,3.0,False,2,4344,unclassified,3130.4838389555057
2568.0,2011-08-29 06:26:00,-58.182843,-23.211944,Panthera onca,50886,7,Humid Chaco,Paraguay,-58.182843,-23.211944,3.0,False,2,4344,unclassified,3131.978316902213
2569.0,2011-08-29 09:27:00,-58.167372,-23.231052,Panthera onca,50886,7,Humid Chaco,Paraguay,-58.167372,-23.231052,3.0166666666666666,False,2,4282,track,4127.740508946122
2570.0,2011-08-29 12:26:00,-58.153296,-23.295221,Panthera onca,50886,7,Humid Chaco,Paraguay,-58.153296,-23.295221,2.9833333333333334,False,2,4318,service,1535.9913271045266
2571.0,2011-08-29 23:27:00,-58.136795,-23.297946,Panthera onca,50886,7,Humid Chaco,Paraguay,-58.136795,-23.297946,11.016666666666667,False,2,4336,track,2189.867649242881
2572.0,2011-08-30 11:27:00,-58.126087,-23.293612,Panthera onca,50886,7,Humid Chaco,Paraguay,-58.126087,-23.293612,12.0,False,2,4336,track,1268.9527159895106
2573.0,2011-08-30 19:26:00,-58.114586,-23.292249,Panthera onca,50886,7,Humid Chaco,Paraguay,-58.114586,-23.292249,7.983333333333333,False,2,4336,track,216.3494261999507
2574.0,2011-08-30 22:26:00,-58.117869,-23.294009,Panthera onca,50886,7,Humid Chaco,Paraguay,-58.117869,-23.294009,3.0,False,2,4336,track,465.50543670842944
2575.0,2011-08-31 01:26:00,-58.105295,-23.330594,Panthera onca,50886,7,Humid Chaco,Paraguay,-58.105295,-23.330594,3.0,False,2,4261,service,478.524420305875
2576.0,2011-08-31 04:26:00,-58.105295,-23.330616,Panthera onca,50886,7,Humid Chaco,Paraguay,-58.105295,-23.330616,3.0,False,2,4261,service,480.55590379298616
2577.0,2011-08-31 07:26:00,-58.105273,-23.330626,Panthera onca,50886,7,Humid Chaco,Paraguay,-58.105273,-23.330626,3.0,False,2,4261,service,482.72051205393177
2578.0,2011-08-31 10:26:00,-58.126431,-23.338072,Panthera onca,50886,7,Humid Chaco,Paraguay,-58.126431,-23.338072,3.0,False,2,4261,service,3.8764297445376
2579.0,2011-08-31 16:26:00,-58.125229,-23.344638,Panthera onca,50886,7,Humid Chaco,Paraguay,-58.125229,-23.344638,6.0,False,2,4261,service,447.50545169454205
2580.0,2011-08-31 22:26:00,-58.130121,-23.347707,Panthera onca,50886,7,Humid Chaco,Paraguay,-58.130121,-23.347707,6.0,False,2,4261,service,5.8321432920768554
2581.0,2011-09-01 02:26:00,-58.129756,-23.350314,Panthera onca,50886,7,Humid Chaco,Paraguay,-58.129756,-23.350314,4.0,False,2,4317,track,15.230924977333496
2582.0,2011-09-01 05:26:00,-58.129842,-23.350314,Panthera onca,50886,7,Humid Chaco,Paraguay,-58.129842,-23.350314,3.0,False,2,4317,track,8.928805947135764
2583.0,2011-09-01 11:26:00,-58.129134,-23.348941,Panthera onca,50886,7,Humid Chaco,Paraguay,-58.129134,-23.348941,6.0,False,2,4261,service,135.23982371223312
2584.0,2011-09-01 14:26:00,-58.12995,-23.350335,Panthera onca,50886,7,Humid Chaco,Paraguay,-58.12995,-23.350335,3.0,False,2,4317,track,0.6067730036828812
2585.0,2011-09-01 21:26:00,-58.12834,-23.351183,Panthera onca,50886,7,Humid Chaco,Paraguay,-58.12834,-23.351183,7.0,False,2,4317,track,51.90447058630805
2586.0,2011-09-02 00:26:00,-58.087077,-23.356161,Panthera onca,50886,7,Humid Chaco,Paraguay,-58.087077,-23.356161,3.0,False,2,4317,track,2491.346821845852
2587.0,2011-09-02 03:26:00,-58.063624,-23.34893,Panthera onca,50886,7,Humid Chaco,Paraguay,-58.063624,-23.34893,3.0,False,2,4261,service,2773.8169474551664
2588.0,2011-09-02 06:26:00,-58.06253,-23.345518,Panthera onca,50886,7,Humid Chaco,Paraguay,-58.06253,-23.345518,3.0,False,2,4261,service,2437.4974959621454
2589.0,2011-09-02 09:27:00,-58.050299,-23.33774,Panthera onca,50886,7,Humid Chaco,Paraguay,-58.050299,-23.33774,3.0166666666666666,False,2,4314,service,2282.7739977008005
2590.0,2011-09-02 12:26:00,-58.050985,-23.331925,Panthera onca,50886,7,Humid Chaco,Paraguay,-58.050985,-23.331925,2.9833333333333334,False,2,4261,service,1788.9843205267377
2591.0,2011-09-02 15:27:00,-58.04811,-23.335079,Panthera onca,50886,7,Humid Chaco,Paraguay,-58.04811,-23.335079,3.0166666666666666,False,2,4314,service,1944.3972607757582
2592.0,2011-09-02 18:26:00,-58.048582,-23.332622,Panthera onca,50886,7,Humid Chaco,Paraguay,-58.048582,-23.332622,2.9833333333333334,False,2,4314,service,1883.466673675529
2593.0,2011-09-02 21:26:00,-58.046136,-23.331249,Panthera onca,50886,7,Humid Chaco,Paraguay,-58.046136,-23.331249,3.0,False,2,4314,service,1599.0752494445971
2594.0,2011-09-03 00:26:00,-58.037102,-23.32347,Panthera onca,50886,7,Humid Chaco,Paraguay,-58.037102,-23.32347,3.0,False,2,4314,service,507.7513540871794
2595.0,2011-09-03 06:26:00,-58.044419,-23.330723,Panthera onca,50886,7,Humid Chaco,Paraguay,-58.044419,-23.330723,6.0,False,2,4314,service,1414.2289601610032
2596.0,2011-09-03 09:27:00,-58.068731,-23.324629,Panthera onca,50886,7,Humid Chaco,Paraguay,-58.068731,-23.324629,3.0166666666666666,False,2,4261,service,47.31410111570668
2597.0,2011-09-03 12:27:00,-58.09639,-23.332772,Panthera onca,50886,7,Humid Chaco,Paraguay,-58.09639,-23.332772,3.0,False,2,4261,service,914.7438576293487
2598.0,2011-09-03 15:26:00,-58.097935,-23.332611,Panthera onca,50886,7,Humid Chaco,Paraguay,-58.097935,-23.332611,2.9833333333333334,False,2,4261,service,893.5797908866898
2599.0,2011-09-03 18:26:00,-58.097849,-23.332568,Panthera onca,50886,7,Humid Chaco,Paraguay,-58.097849,-23.332568,3.0,False,2,4261,service,888.8465754398104
2600.0,2011-09-03 21:26:00,-58.097806,-23.332622,Panthera onca,50886,7,Humid Chaco,Paraguay,-58.097806,-23.332622,3.0,False,2,4261,service,894.8715603772487
2601.0,2011-09-04 00:26:00,-58.115208,-23.319587,Panthera onca,50886,7,Humid Chaco,Paraguay,-58.115208,-23.319587,3.0,False,2,4336,track,51.38424479810503
2602.0,2011-09-04 07:26:00,-58.117762,-23.293859,Panthera onca,50886,7,Humid Chaco,Paraguay,-58.117762,-23.293859,7.0,False,2,4336,track,461.0105114529484
2603.0,2011-09-04 13:26:00,-58.114564,-23.29211,Panthera onca,50886,7,Humid Chaco,Paraguay,-58.114564,-23.29211,6.0,False,2,4336,track,219.390156506308
2604.0,2011-09-04 20:26:00,-58.1145,-23.292121,Panthera onca,50886,7,Humid Chaco,Paraguay,-58.1145,-23.292121,7.0,False,2,4336,track,212.815043973597
2605.0,2011-09-04 23:26:00,-58.114007,-23.291016,Panthera onca,50886,7,Humid Chaco,Paraguay,-58.114007,-23.291016,3.0,False,2,4336,track,206.33592404751556
2606.0,2011-09-05 05:26:00,-58.116324,-23.29034,Panthera onca,50886,7,Humid Chaco,Paraguay,-58.116324,-23.29034,6.0,False,2,4336,track,454.6903197404129
2607.0,2011-09-05 08:26:00,-58.116453,-23.290683,Panthera onca,50886,7,Humid Chaco,Paraguay,-58.116453,-23.290683,3.0,False,2,4336,track,454.3855083118612
2608.0,2011-09-05 19:26:00,-58.114564,-23.292067,Panthera onca,50886,7,Humid Chaco,Paraguay,-58.114564,-23.292067,11.0,False,2,4336,track,220.98658228288704
2609.0,2011-09-05 22:26:00,-58.112912,-23.289653,Panthera onca,50886,7,Humid Chaco,Paraguay,-58.112912,-23.289653,3.0,False,2,4336,track,151.42724198965746
2610.0,2011-09-06 01:27:00,-58.108921,-23.278409,Panthera onca,50886,7,Humid Chaco,Paraguay,-58.108921,-23.278409,3.0166666666666666,False,2,4336,track,494.3710255067366
2611.0,2011-09-06 04:26:00,-58.091755,-23.261372,Panthera onca,50886,7,Humid Chaco,Paraguay,-58.091755,-23.261372,2.9833333333333334,False,2,4337,track,226.48302869722832
2612.0,2011-09-06 07:26:00,-58.091455,-23.247585,Panthera onca,50886,7,Humid Chaco,Paraguay,-58.091455,-23.247585,3.0,False,2,4337,track,1717.5024495115022
2613.0,2011-09-06 13:27:00,-58.067808,-23.253787,Panthera onca,50886,7,Humid Chaco,Paraguay,-58.067808,-23.253787,6.016666666666667,False,2,4337,track,2541.329655044749
2614.0,2011-09-06 19:26:00,-58.056092,-23.255439,Panthera onca,50886,7,Humid Chaco,Paraguay,-58.056092,-23.255439,5.983333333333333,False,2,4334,track,3103.403371428181
2615.0,2011-09-06 22:26:00,-58.054526,-23.253143,Panthera onca,50886,7,Humid Chaco,Paraguay,-58.054526,-23.253143,3.0,False,2,4315,unclassified,3129.087734168131
2616.0,2011-09-07 01:26:00,-58.065341,-23.240408,Panthera onca,50886,7,Humid Chaco,Paraguay,-58.065341,-23.240408,3.0,False,2,4337,track,3596.6944132842727
2617.0,2011-09-07 04:26:00,-58.07225,-23.223767,Panthera onca,50886,7,Humid Chaco,Paraguay,-58.07225,-23.223767,3.0,False,2,4344,unclassified,2888.250956247433
2618.0,2011-09-07 07:27:00,-58.07152,-23.222716,Panthera onca,50886,7,Humid Chaco,Paraguay,-58.07152,-23.222716,3.0166666666666666,False,2,4344,unclassified,2765.5007057429357
2619.0,2011-09-07 16:26:00,-58.058774,-23.251576,Panthera onca,50886,7,Humid Chaco,Paraguay,-58.058774,-23.251576,8.983333333333333,False,2,4337,track,3488.7893328069995
2620.0,2011-09-07 22:27:00,-58.039591,-23.259033,Panthera onca,50886,7,Humid Chaco,Paraguay,-58.039591,-23.259033,6.016666666666667,False,2,4315,unclassified,1783.3999048226415
2621.0,2011-09-08 01:26:00,-58.02161,-23.290576,Panthera onca,50886,7,Humid Chaco,Paraguay,-58.02161,-23.290576,2.9833333333333334,False,2,4335,track,1223.671282943787
2622.0,2011-09-08 04:26:00,-58.026524,-23.291552,Panthera onca,50886,7,Humid Chaco,Paraguay,-58.026524,-23.291552,3.0,False,2,4335,track,1218.2679345820313
2623.0,2011-09-08 07:26:00,-58.026567,-23.291563,Panthera onca,50886,7,Humid Chaco,Paraguay,-58.026567,-23.291563,3.0,False,2,4335,track,1219.378496993576
2624.0,2011-09-08 10:26:00,-58.017876,-23.295597,Panthera onca,50886,7,Humid Chaco,Paraguay,-58.017876,-23.295597,3.0,False,2,4346,unclassified,1183.8193980361084
2625.0,2011-09-08 13:26:00,-58.017898,-23.29564,Panthera onca,50886,7,Humid Chaco,Paraguay,-58.017898,-23.29564,3.0,False,2,4346,unclassified,1186.0598112581497
2626.0,2011-09-08 19:26:00,-58.014808,-23.296595,Panthera onca,50886,7,Humid Chaco,Paraguay,-58.014808,-23.296595,6.0,False,2,4346,unclassified,869.8345971517585
2627.0,2011-09-08 22:26:00,-58.007233,-23.295264,Panthera onca,50886,7,Humid Chaco,Paraguay,-58.007233,-23.295264,3.0,False,2,4346,unclassified,95.42703969120441
2628.0,2011-09-09 01:26:00,-58.006268,-23.298515,Panthera onca,50886,7,Humid Chaco,Paraguay,-58.006268,-23.298515,3.0,False,2,4346,unclassified,3.9562945181130114
2629.0,2011-09-09 04:26:00,-57.981634,-23.288215,Panthera onca,50886,7,Humid Chaco,Paraguay,-57.981634,-23.288215,3.0,False,2,4334,track,1821.4827277697973
2630.0,2011-09-09 07:26:00,-57.981634,-23.288151,Panthera onca,50886,7,Humid Chaco,Paraguay,-57.981634,-23.288151,3.0,False,2,4334,track,1814.5254967963504
2631.0,2011-09-09 10:26:00,-57.977557,-23.293194,Panthera onca,50886,7,Humid Chaco,Paraguay,-57.977557,-23.293194,3.0,False,2,4313,track,1542.7317042170027
2632.0,2011-09-09 13:26:00,-57.974939,-23.293805,Panthera onca,50886,7,Humid Chaco,Paraguay,-57.974939,-23.293805,3.0,False,2,4313,track,1398.3257434815298
2633.0,2011-09-09 19:26:00,-57.967215,-23.285608,Panthera onca,50886,7,Humid Chaco,Paraguay,-57.967215,-23.285608,6.0,False,2,4310,service,650.3465182310601
2634.0,2011-09-09 22:26:00,-57.96891,-23.274032,Panthera onca,50886,7,Humid Chaco,Paraguay,-57.96891,-23.274032,3.0,False,2,4334,track,31.533680965724756
2635.0,2011-09-10 04:26:00,-57.930007,-23.266232,Panthera onca,50886,7,Humid Chaco,Paraguay,-57.930007,-23.266232,6.0,False,2,4312,track,2345.686696909335
2636.0,2011-09-10 07:26:00,-57.9246,-23.267047,Panthera onca,50886,7,Humid Chaco,Paraguay,-57.9246,-23.267047,3.0,False,2,4312,track,2747.353740709656
2637.0,2011-09-10 10:27:00,-57.943633,-23.232758,Panthera onca,50886,7,Humid Chaco,Paraguay,-57.943633,-23.232758,3.0166666666666666,False,2,4311,service,774.8950623724011
2638.0,2011-09-10 13:26:00,-57.944791,-23.232436,Panthera onca,50886,7,Humid Chaco,Paraguay,-57.944791,-23.232436,2.9833333333333334,False,2,4311,service,868.8762359010244
2639.0,2011-09-10 16:26:00,-57.944298,-23.232769,Panthera onca,50886,7,Humid Chaco,Paraguay,-57.944298,-23.232769,3.0,False,2,4311,service,809.8409410003661
2640.0,2011-09-11 04:26:00,-57.948203,-23.233069,Panthera onca,50886,7,Humid Chaco,Paraguay,-57.948203,-23.233069,12.0,False,2,4311,service,1054.03391431351
2641.0,2011-09-11 07:26:00,-57.948182,-23.233026,Panthera onca,50886,7,Humid Chaco,Paraguay,-57.948182,-23.233026,3.0,False,2,4311,service,1055.8088946661787
2642.0,2011-09-11 13:26:00,-57.951078,-23.235537,Panthera onca,50886,7,Humid Chaco,Paraguay,-57.951078,-23.235537,6.0,False,2,4311,service,1074.716869628018
2643.0,2011-09-11 19:26:00,-57.956314,-23.241148,Panthera onca,50886,7,Humid Chaco,Paraguay,-57.956314,-23.241148,6.0,False,2,4311,service,1026.2557734350821
2644.0,2011-09-11 23:26:00,-57.972,-23.249216,Panthera onca,50886,7,Humid Chaco,Paraguay,-57.972,-23.249216,4.0,False,2,4311,service,1564.9457865571324
2645.0,2011-09-12 02:26:00,-57.976527,-23.250718,Panthera onca,50886,7,Humid Chaco,Paraguay,-57.976527,-23.250718,3.0,False,2,4311,service,1837.6614243654667
2646.0,2011-09-12 05:27:00,-57.981055,-23.258561,Panthera onca,50886,7,Humid Chaco,Paraguay,-57.981055,-23.258561,3.0166666666666666,False,2,4334,track,1413.3398957070035
2647.0,2011-09-12 08:26:00,-57.985561,-23.252392,Panthera onca,50886,7,Humid Chaco,Paraguay,-57.985561,-23.252392,2.9833333333333334,False,2,4334,track,1996.5519383489102
2648.0,2011-09-12 11:26:00,-57.988672,-23.248111,Panthera onca,50886,7,Humid Chaco,Paraguay,-57.988672,-23.248111,3.0,False,2,4346,unclassified,2156.625095522928
2649.0,2011-09-12 17:26:00,-57.985604,-23.248165,Panthera onca,50886,7,Humid Chaco,Paraguay,-57.985604,-23.248165,6.0,False,2,4346,unclassified,2422.4157478204384
2650.0,2011-09-12 20:27:00,-57.984939,-23.248143,Panthera onca,50886,7,Humid Chaco,Paraguay,-57.984939,-23.248143,3.0166666666666666,False,2,4334,track,2470.52920432375
2651.0,2011-09-12 23:26:00,-57.991097,-23.238423,Panthera onca,50886,7,Humid Chaco,Paraguay,-57.991097,-23.238423,2.9833333333333334,False,2,4346,unclassified,2738.987932063974
2652.0,2011-09-13 02:26:00,-58.011653,-23.24162,Panthera onca,50886,7,Humid Chaco,Paraguay,-58.011653,-23.24162,3.0,False,2,4315,unclassified,1427.938515854713
2653.0,2011-09-13 08:27:00,-58.017726,-23.223027,Panthera onca,50886,7,Humid Chaco,Paraguay,-58.017726,-23.223027,6.016666666666667,False,2,4315,unclassified,1259.993837765489
2654.0,2011-09-13 11:27:00,-57.990754,-23.220034,Panthera onca,50886,7,Humid Chaco,Paraguay,-57.990754,-23.220034,3.0,False,2,4315,unclassified,4026.2393591307014
2655.0,2011-09-13 20:26:00,-57.981226,-23.227705,Panthera onca,50886,7,Humid Chaco,Paraguay,-57.981226,-23.227705,8.983333333333333,False,2,4311,service,3891.652670362391
2656.0,2011-09-13 23:26:00,-57.978566,-23.227587,Panthera onca,50886,7,Humid Chaco,Paraguay,-57.978566,-23.227587,3.0,False,2,4311,service,3705.529391712565
2657.0,2011-09-14 02:26:00,-57.97878,-23.227673,Panthera onca,50886,7,Humid Chaco,Paraguay,-57.97878,-23.227673,3.0,False,2,4311,service,3714.6012513499027
2658.0,2011-09-14 05:26:00,-57.978609,-23.227608,Panthera onca,50886,7,Humid Chaco,Paraguay,-57.978609,-23.227608,3.0,False,2,4311,service,3707.0652957176276
2659.0,2011-09-14 08:26:00,-57.978888,-23.227587,Panthera onca,50886,7,Humid Chaco,Paraguay,-57.978888,-23.227587,3.0,False,2,4311,service,3729.162255562489
2660.0,2011-09-14 11:26:00,-57.978694,-23.22749,Panthera onca,50886,7,Humid Chaco,Paraguay,-57.978694,-23.22749,3.0,False,2,4311,service,3722.4068755860217
2661.0,2011-09-14 14:26:00,-57.978609,-23.22763,Panthera onca,50886,7,Humid Chaco,Paraguay,-57.978609,-23.22763,3.0,False,2,4311,service,3705.368110653378
2662.0,2011-09-14 18:27:00,-57.978802,-23.227533,Panthera onca,50886,7,Humid Chaco,Paraguay,-57.978802,-23.227533,4.016666666666667,False,2,4311,service,3727.016201149585
2663.0,2011-09-15 01:26:00,-57.978802,-23.227801,Panthera onca,50886,7,Humid Chaco,Paraguay,-57.978802,-23.227801,6.983333333333333,False,2,4311,service,3706.341371584065
2664.0,2011-09-15 04:26:00,-57.978652,-23.228949,Panthera onca,50886,7,Humid Chaco,Paraguay,-57.978652,-23.228949,3.0,False,2,4311,service,3606.770034041726
2665.0,2011-09-15 10:26:00,-57.978995,-23.227962,Panthera onca,50886,7,Humid Chaco,Paraguay,-57.978995,-23.227962,6.0,False,2,4311,service,3708.0860266744853
2666.0,2011-09-15 13:27:00,-57.97466,-23.234013,Panthera onca,50886,7,Humid Chaco,Paraguay,-57.97466,-23.234013,3.0166666666666666,False,2,4311,service,2923.12997935203
2667.0,2011-09-15 16:26:00,-57.972193,-23.237511,Panthera onca,50886,7,Humid Chaco,Paraguay,-57.972193,-23.237511,2.9833333333333334,False,2,4311,service,2472.23601887144
2668.0,2011-09-15 22:26:00,-57.972236,-23.237318,Panthera onca,50886,7,Humid Chaco,Paraguay,-57.972236,-23.237318,6.0,False,2,4311,service,2490.273343060398
2669.0,2011-09-16 01:27:00,-57.971978,-23.237371,Panthera onca,50886,7,Humid Chaco,Paraguay,-57.971978,-23.237371,3.0166666666666666,False,2,4311,service,2467.24981919995
2670.0,2011-09-16 12:26:00,-57.972407,-23.23735,Panthera onca,50886,7,Humid Chaco,Paraguay,-57.972407,-23.23735,10.983333333333333,False,2,4311,service,2500.368445145388
2671.0,2011-09-16 15:27:00,-57.971978,-23.237393,Panthera onca,50886,7,Humid Chaco,Paraguay,-57.971978,-23.237393,3.0166666666666666,False,2,4311,service,2465.55271002456
2672.0,2011-09-16 21:27:00,-57.971227,-23.236867,Panthera onca,50886,7,Humid Chaco,Paraguay,-57.971227,-23.236867,6.0,False,2,4311,service,2451.011578525084
2673.0,2011-09-17 04:26:00,-57.971506,-23.236867,Panthera onca,50886,7,Humid Chaco,Paraguay,-57.971506,-23.236867,6.983333333333333,False,2,4311,service,2471.4880047261304
2674.0,2011-09-17 08:27:00,-57.972043,-23.236513,Panthera onca,50886,7,Humid Chaco,Paraguay,-57.972043,-23.236513,4.016666666666667,False,2,4311,service,2538.2075520477565
2675.0,2011-09-17 11:27:00,-57.988608,-23.24397,Panthera onca,50886,7,Humid Chaco,Paraguay,-57.988608,-23.24397,3.0,False,2,4346,unclassified,2442.9785583140806
2676.0,2011-09-17 20:26:00,-58.015881,-23.250707,Panthera onca,50886,7,Humid Chaco,Paraguay,-58.015881,-23.250707,8.983333333333333,False,2,4315,unclassified,791.7797484190678
2677.0,2011-09-18 02:26:00,-58.019979,-23.252295,Panthera onca,50886,7,Humid Chaco,Paraguay,-58.019979,-23.252295,6.0,False,2,4315,unclassified,344.7815424069912
2678.0,2011-09-18 05:27:00,-58.02,-23.252263,Panthera onca,50886,7,Humid Chaco,Paraguay,-58.02,-23.252263,3.0166666666666666,False,2,4315,unclassified,343.4335452508049
2679.0,2011-09-18 08:26:00,-58.019979,-23.252209,Panthera onca,50886,7,Humid Chaco,Paraguay,-58.019979,-23.252209,2.9833333333333334,False,2,4315,unclassified,346.8011973999714
2680.0,2011-09-18 12:26:00,-58.054333,-23.251534,Panthera onca,50886,7,Humid Chaco,Paraguay,-58.054333,-23.251534,4.0,False,2,4315,unclassified,3072.045855508895
2681.0,2011-09-18 15:27:00,-58.054268,-23.251609,Panthera onca,50886,7,Humid Chaco,Paraguay,-58.054268,-23.251609,3.0166666666666666,False,2,4315,unclassified,3067.30641213234
2682.0,2011-09-18 21:27:00,-58.065104,-23.25148,Panthera onca,50886,7,Humid Chaco,Paraguay,-58.065104,-23.25148,6.0,False,2,4337,track,2900.215753826907
2683.0,2011-09-19 00:26:00,-58.064976,-23.251351,Panthera onca,50886,7,Humid Chaco,Paraguay,-58.064976,-23.251351,2.9833333333333334,False,2,4337,track,2918.2889658958356
2684.0,2011-09-19 03:27:00,-58.065104,-23.251458,Panthera onca,50886,7,Humid Chaco,Paraguay,-58.065104,-23.251458,3.0166666666666666,False,2,4337,track,2901.294847143689
2685.0,2011-09-19 09:26:00,-58.06489,-23.251351,Panthera onca,50886,7,Humid Chaco,Paraguay,-58.06489,-23.251351,5.983333333333333,False,2,4337,track,2926.171493081878
2686.0,2011-09-19 16:26:00,-58.114758,-23.29182,Panthera onca,50886,7,Humid Chaco,Paraguay,-58.114758,-23.29182,7.0,False,2,4336,track,248.84966880629057
2687.0,2011-09-19 23:26:00,-58.112826,-23.287797,Panthera onca,50886,7,Humid Chaco,Paraguay,-58.112826,-23.287797,7.0,False,2,4336,track,211.97077463348117
2688.0,2011-09-20 02:27:00,-58.112826,-23.287658,Panthera onca,50886,7,Humid Chaco,Paraguay,-58.112826,-23.287658,3.0166666666666666,False,2,4336,track,217.09506292522497
2689.0,2011-09-20 08:26:00,-58.112676,-23.287572,Panthera onca,50886,7,Humid Chaco,Paraguay,-58.112676,-23.287572,5.983333333333333,False,2,4336,track,205.79893021829307
2690.0,2011-09-20 22:26:00,-58.115294,-23.282851,Panthera onca,50886,7,Humid Chaco,Paraguay,-58.115294,-23.282851,14.0,False,2,4336,track,632.3374260402627
2691.0,2011-09-21 01:26:00,-58.115273,-23.268238,Panthera onca,50886,7,Humid Chaco,Paraguay,-58.115273,-23.268238,3.0,False,2,4336,track,1760.1995344506763
2692.0,2011-09-21 04:26:00,-58.114586,-23.268775,Panthera onca,50886,7,Humid Chaco,Paraguay,-58.114586,-23.268775,3.0,False,2,4336,track,1678.8223926238395
2693.0,2011-09-21 07:26:00,-58.115315,-23.268249,Panthera onca,50886,7,Humid Chaco,Paraguay,-58.115315,-23.268249,3.0,False,2,4336,track,1760.7322717021746
2694.0,2011-09-21 10:26:00,-58.115079,-23.268163,Panthera onca,50886,7,Humid Chaco,Paraguay,-58.115079,-23.268163,3.0,False,2,4336,track,1760.3686319472954
2695.0,2011-09-21 17:27:00,-58.1145,-23.280898,Panthera onca,50886,7,Humid Chaco,Paraguay,-58.1145,-23.280898,7.016666666666667,False,2,4336,track,631.762393355005
2696.0,2011-09-21 20:26:00,-58.115594,-23.286563,Panthera onca,50886,7,Humid Chaco,Paraguay,-58.115594,-23.286563,2.9833333333333334,False,2,4336,track,524.4200052562477
2697.0,2011-09-21 23:26:00,-58.11332,-23.282808,Panthera onca,50886,7,Humid Chaco,Paraguay,-58.11332,-23.282808,3.0,False,2,4336,track,444.4163422266027
2698.0,2011-09-22 02:26:00,-58.108857,-23.26179,Panthera onca,50886,7,Humid Chaco,Paraguay,-58.108857,-23.26179,3.0,False,2,4337,track,1880.6265071578223
2699.0,2011-09-22 05:26:00,-58.10596,-23.263614,Panthera onca,50886,7,Humid Chaco,Paraguay,-58.10596,-23.263614,3.0,False,2,4337,track,1580.0161174408604
2700.0,2011-09-22 08:26:00,-58.105917,-23.263625,Panthera onca,50886,7,Humid Chaco,Paraguay,-58.105917,-23.263625,3.0,False,2,4337,track,1575.667160070238
2701.0,2011-09-22 17:26:00,-58.103213,-23.274182,Panthera onca,50886,7,Humid Chaco,Paraguay,-58.103213,-23.274182,9.0,False,2,4336,track,956.7591321592292
2702.0,2011-09-22 20:26:00,-58.103127,-23.274171,Panthera onca,50886,7,Humid Chaco,Paraguay,-58.103127,-23.274171,3.0,False,2,4336,track,957.9936846273197
2703.0,2011-09-22 23:26:00,-58.099823,-23.271779,Panthera onca,50886,7,Humid Chaco,Paraguay,-58.099823,-23.271779,3.0,False,2,4337,track,1034.8339251205646
2704.0,2011-09-23 15:26:00,-58.10478,-23.264998,Panthera onca,50886,7,Humid Chaco,Paraguay,-58.10478,-23.264998,16.0,False,2,4337,track,1473.6524389738256
2705.0,2011-09-24 03:26:00,-58.104587,-23.265224,Panthera onca,50886,7,Humid Chaco,Paraguay,-58.104587,-23.265224,12.0,False,2,4337,track,1457.9954823763778
2706.0,2011-09-24 18:26:00,-58.106475,-23.270845,Panthera onca,50886,7,Humid Chaco,Paraguay,-58.106475,-23.270845,15.0,False,2,4336,track,1326.2176163474433
2707.0,2011-09-24 21:26:00,-58.10626,-23.271028,Panthera onca,50886,7,Humid Chaco,Paraguay,-58.10626,-23.271028,3.0,False,2,4336,track,1305.7570449141806
2708.0,2011-09-25 03:26:00,-58.098364,-23.255235,Panthera onca,50886,7,Humid Chaco,Paraguay,-58.098364,-23.255235,6.0,False,2,4337,track,1181.5880524439092
2709.0,2011-09-25 06:26:00,-58.091111,-23.246416,Panthera onca,50886,7,Humid Chaco,Paraguay,-58.091111,-23.246416,3.0,False,2,4337,track,1845.2730144138732
2710.0,2011-09-25 09:27:00,-58.089502,-23.247886,Panthera onca,50886,7,Humid Chaco,Paraguay,-58.089502,-23.247886,3.0166666666666666,False,2,4337,track,1684.8012297779271
2711.0,2011-09-25 12:27:00,-58.089781,-23.248165,Panthera onca,50886,7,Humid Chaco,Paraguay,-58.089781,-23.248165,3.0,False,2,4337,track,1652.4092920948615
2712.0,2011-09-25 18:27:00,-58.089674,-23.247993,Panthera onca,50886,7,Humid Chaco,Paraguay,-58.089674,-23.247993,6.0,False,2,4337,track,1671.9678928073045
2713.0,2011-09-25 21:27:00,-58.089437,-23.249613,Panthera onca,50886,7,Humid Chaco,Paraguay,-58.089437,-23.249613,3.0,False,2,4337,track,1494.4854001269175
2714.0,2011-09-26 18:26:00,-58.088858,-23.249881,Panthera onca,50886,7,Humid Chaco,Paraguay,-58.088858,-23.249881,20.98333333333333,False,2,4337,track,1470.5868949594408
2715.0,2011-09-26 21:27:00,-58.089008,-23.24971,Panthera onca,50886,7,Humid Chaco,Paraguay,-58.089008,-23.24971,3.0166666666666666,False,2,4337,track,1487.7140374330886
2716.0,2011-09-27 00:26:00,-58.08285,-23.246974,Panthera onca,50886,7,Humid Chaco,Paraguay,-58.08285,-23.246974,2.9833333333333334,False,2,4337,track,1947.820726062948
2717.0,2011-09-27 03:27:00,-58.081691,-23.245332,Panthera onca,50886,7,Humid Chaco,Paraguay,-58.081691,-23.245332,3.0166666666666666,False,2,4337,track,2162.2843608654753
2718.0,2011-09-27 06:26:00,-58.090618,-23.246094,Panthera onca,50886,7,Humid Chaco,Paraguay,-58.090618,-23.246094,2.9833333333333334,False,2,4337,track,1879.9770090447146
2719.0,2011-09-27 09:26:00,-58.089952,-23.248068,Panthera onca,50886,7,Humid Chaco,Paraguay,-58.089952,-23.248068,3.0,False,2,4337,track,1662.4282280008467
2720.0,2011-09-27 15:26:00,-58.081777,-23.246802,Panthera onca,50886,7,Humid Chaco,Paraguay,-58.081777,-23.246802,6.0,False,2,4337,track,2011.643390813659
2721.0,2011-09-27 18:26:00,-58.081498,-23.246695,Panthera onca,50886,7,Humid Chaco,Paraguay,-58.081498,-23.246695,3.0,False,2,4337,track,2035.0538851982355
2722.0,2011-09-27 21:26:00,-58.080769,-23.246405,Panthera onca,50886,7,Humid Chaco,Paraguay,-58.080769,-23.246405,3.0,False,2,4337,track,2098.1542106985485
2723.0,2011-09-28 03:26:00,-58.082807,-23.245139,Panthera onca,50886,7,Humid Chaco,Paraguay,-58.082807,-23.245139,6.0,False,2,4337,track,2136.944962309091
2724.0,2011-09-28 06:26:00,-58.094137,-23.254548,Panthera onca,50886,7,Humid Chaco,Paraguay,-58.094137,-23.254548,3.0,False,2,4337,track,1013.6428439931021
2725.0,2011-09-28 09:27:00,-58.091218,-23.262402,Panthera onca,50886,7,Humid Chaco,Paraguay,-58.091218,-23.262402,3.0166666666666666,False,2,4337,track,102.65760444193428
2726.0,2011-09-28 12:26:00,-58.091948,-23.26237,Panthera onca,50886,7,Humid Chaco,Paraguay,-58.091948,-23.26237,2.9833333333333334,False,2,4337,track,165.01652611735693
2727.0,2011-09-28 15:26:00,-58.091776,-23.256179,Panthera onca,50886,7,Humid Chaco,Paraguay,-58.091776,-23.256179,3.0,False,2,4337,track,773.9797913162377
2728.0,2011-09-28 18:26:00,-58.088858,-23.255246,Panthera onca,50886,7,Humid Chaco,Paraguay,-58.088858,-23.255246,3.0,False,2,4337,track,883.2764846813475
2729.0,2011-09-29 00:27:00,-58.095446,-23.242446,Panthera onca,50886,7,Humid Chaco,Paraguay,-58.095446,-23.242446,6.016666666666667,False,2,4337,track,2338.675029761602
2730.0,2011-09-29 06:26:00,-58.090639,-23.23602,Panthera onca,50886,7,Humid Chaco,Paraguay,-58.090639,-23.23602,5.983333333333333,False,2,4337,track,2995.3702539228116
2731.0,2011-09-29 09:26:00,-58.09051,-23.235719,Panthera onca,50886,7,Humid Chaco,Paraguay,-58.09051,-23.235719,3.0,False,2,4337,track,3028.6749765663885
2732.0,2011-09-29 12:26:00,-58.080919,-23.244356,Panthera onca,50886,7,Humid Chaco,Paraguay,-58.080919,-23.244356,3.0,False,2,4337,track,2293.6221217613174
2733.0,2011-09-29 15:26:00,-58.080876,-23.244356,Panthera onca,50886,7,Humid Chaco,Paraguay,-58.080876,-23.244356,3.0,False,2,4337,track,2295.51056719007
2734.0,2011-09-29 18:26:00,-58.080897,-23.244463,Panthera onca,50886,7,Humid Chaco,Paraguay,-58.080897,-23.244463,3.0,False,2,4337,track,2283.893149377547
2735.0,2011-09-29 21:26:00,-58.080876,-23.244367,Panthera onca,50886,7,Humid Chaco,Paraguay,-58.080876,-23.244367,3.0,False,2,4337,track,2294.411073742403
2736.0,2011-09-30 00:26:00,-58.067765,-23.245107,Panthera onca,50886,7,Humid Chaco,Paraguay,-58.067765,-23.245107,3.0,False,2,4337,track,3062.52317247044
2737.0,2011-09-30 03:26:00,-58.053668,-23.242908,Panthera onca,50886,7,Humid Chaco,Paraguay,-58.053668,-23.242908,3.0,False,2,4315,unclassified,2803.1949840119423
2738.0,2011-09-30 09:26:00,-58.057165,-23.242446,Panthera onca,50886,7,Humid Chaco,Paraguay,-58.057165,-23.242446,6.0,False,2,4315,unclassified,3142.0199926499295
2739.0,2011-09-30 12:26:00,-58.056693,-23.24177,Panthera onca,50886,7,Humid Chaco,Paraguay,-58.056693,-23.24177,3.0,False,2,4315,unclassified,3078.967531298535
2740.0,2011-09-30 15:26:00,-58.056135,-23.241137,Panthera onca,50886,7,Humid Chaco,Paraguay,-58.056135,-23.241137,3.0,False,2,4315,unclassified,3008.3241187184676
2741.0,2011-09-30 18:26:00,-58.056114,-23.241191,Panthera onca,50886,7,Humid Chaco,Paraguay,-58.056114,-23.241191,3.0,False,2,4315,unclassified,3007.4910455350373
2742.0,2011-09-30 21:26:00,-58.056264,-23.240976,Panthera onca,50886,7,Humid Chaco,Paraguay,-58.056264,-23.240976,3.0,False,2,4315,unclassified,3017.4461966701683
2743.0,2011-10-01 00:27:00,-58.052852,-23.24221,Panthera onca,50886,7,Humid Chaco,Paraguay,-58.052852,-23.24221,3.0166666666666666,False,2,4315,unclassified,2705.2288008298233
2744.0,2011-10-01 03:26:00,-58.052681,-23.241953,Panthera onca,50886,7,Humid Chaco,Paraguay,-58.052681,-23.241953,2.9833333333333334,False,2,4315,unclassified,2682.1012990164186
2745.0,2011-10-01 06:26:00,-58.052423,-23.241438,Panthera onca,50886,7,Humid Chaco,Paraguay,-58.052423,-23.241438,3.0,False,2,4315,unclassified,2644.2217879670375
2746.0,2011-10-01 09:26:00,-58.052681,-23.241405,Panthera onca,50886,7,Humid Chaco,Paraguay,-58.052681,-23.241405,3.0,False,2,4315,unclassified,2669.244953311423
2747.0,2011-10-01 12:26:00,-58.05665,-23.241266,Panthera onca,50886,7,Humid Chaco,Paraguay,-58.05665,-23.241266,3.0,False,2,4315,unclassified,3062.8453419533193
2748.0,2011-10-01 15:27:00,-58.052638,-23.2612,Panthera onca,50886,7,Humid Chaco,Paraguay,-58.052638,-23.2612,3.0166666666666666,False,2,4334,track,2374.5806173735978
2749.0,2011-10-01 18:26:00,-58.052552,-23.261254,Panthera onca,50886,7,Humid Chaco,Paraguay,-58.052552,-23.261254,2.9833333333333334,False,2,4334,track,2365.243262324281
2750.0,2011-10-01 21:26:00,-58.058603,-23.271554,Panthera onca,50886,7,Humid Chaco,Paraguay,-58.058603,-23.271554,3.0,False,2,4334,track,1710.7186323071546
2751.0,2011-10-02 00:26:00,-58.054397,-23.283119,Panthera onca,50886,7,Humid Chaco,Paraguay,-58.054397,-23.283119,3.0,False,2,4334,track,520.5907874597636
2752.0,2011-10-02 03:27:00,-58.051007,-23.275437,Panthera onca,50886,7,Humid Chaco,Paraguay,-58.051007,-23.275437,3.0166666666666666,False,2,4334,track,896.2600523274933
2753.0,2011-10-02 06:26:00,-58.063946,-23.27298,Panthera onca,50886,7,Humid Chaco,Paraguay,-58.063946,-23.27298,2.9833333333333334,False,2,4334,track,1956.9438108586942
2754.0,2011-10-02 09:26:00,-58.063946,-23.272905,Panthera onca,50886,7,Humid Chaco,Paraguay,-58.063946,-23.272905,3.0,False,2,4334,track,1962.4279293435218
2755.0,2011-10-02 12:26:00,-58.063731,-23.272573,Panthera onca,50886,7,Humid Chaco,Paraguay,-58.063731,-23.272573,3.0,False,2,4334,track,1970.7073811181897
2756.0,2011-10-02 15:26:00,-58.063688,-23.272573,Panthera onca,50886,7,Humid Chaco,Paraguay,-58.063688,-23.272573,3.0,False,2,4334,track,1967.4744166586602
2757.0,2011-10-02 18:26:00,-58.063967,-23.272938,Panthera onca,50886,7,Humid Chaco,Paraguay,-58.063967,-23.272938,3.0,False,2,4334,track,1961.6256950645757
2758.0,2011-10-02 21:26:00,-58.064053,-23.273034,Panthera onca,50886,7,Humid Chaco,Paraguay,-58.064053,-23.273034,3.0,False,2,4334,track,1961.2673730361992
2759.0,2011-10-03 03:26:00,-58.063924,-23.272916,Panthera onca,50886,7,Humid Chaco,Paraguay,-58.063924,-23.272916,6.0,False,2,4334,track,1959.9347984384003
2760.0,2011-10-03 06:26:00,-58.063946,-23.273002,Panthera onca,50886,7,Humid Chaco,Paraguay,-58.063946,-23.273002,3.0,False,2,4334,track,1955.3389078998916
2761.0,2011-10-03 18:26:00,-58.067336,-23.268142,Panthera onca,50886,7,Humid Chaco,Paraguay,-58.067336,-23.268142,12.0,False,2,4337,track,2310.4488569598884
2762.0,2011-10-03 21:26:00,-58.067486,-23.268163,Panthera onca,50886,7,Humid Chaco,Paraguay,-58.067486,-23.268163,3.0,False,2,4337,track,2294.9633887627947
2763.0,2011-10-04 00:26:00,-58.069975,-23.265964,Panthera onca,50886,7,Humid Chaco,Paraguay,-58.069975,-23.265964,3.0,False,2,4337,track,2061.8143760630364
2764.0,2011-10-04 06:26:00,-58.070061,-23.265953,Panthera onca,50886,7,Humid Chaco,Paraguay,-58.070061,-23.265953,6.0,False,2,4337,track,2053.151211059668
2765.0,2011-10-04 12:26:00,-58.070104,-23.265985,Panthera onca,50886,7,Humid Chaco,Paraguay,-58.070104,-23.265985,6.0,False,2,4337,track,2048.469190985091
2766.0,2011-10-04 21:26:00,-58.07004,-23.266028,Panthera onca,50886,7,Humid Chaco,Paraguay,-58.07004,-23.266028,9.0,False,2,4337,track,2054.590859283837
2767.0,2011-10-05 06:26:00,-58.066564,-23.247886,Panthera onca,50886,7,Humid Chaco,Paraguay,-58.066564,-23.247886,9.0,False,2,4337,track,2972.66818013886
2768.0,2011-10-05 09:26:00,-58.065405,-23.246148,Panthera onca,50886,7,Humid Chaco,Paraguay,-58.065405,-23.246148,3.0,False,2,4337,track,3180.6288008784923
2769.0,2011-10-05 15:26:00,-58.065491,-23.246191,Panthera onca,50886,7,Humid Chaco,Paraguay,-58.065491,-23.246191,6.0,False,2,4337,track,3170.714840160081
2770.0,2011-10-05 18:27:00,-58.065319,-23.245965,Panthera onca,50886,7,Humid Chaco,Paraguay,-58.065319,-23.245965,3.0166666666666666,False,2,4337,track,3199.6964579847327
2771.0,2011-10-05 21:27:00,-58.065426,-23.246212,Panthera onca,50886,7,Humid Chaco,Paraguay,-58.065426,-23.246212,3.0,False,2,4337,track,3174.720576448027
2772.0,2011-10-06 00:26:00,-58.065448,-23.246126,Panthera onca,50886,7,Humid Chaco,Paraguay,-58.065448,-23.246126,2.9833333333333334,False,2,4337,track,3178.5129682574384
2773.0,2011-10-06 09:26:00,-58.065383,-23.246062,Panthera onca,50886,7,Humid Chaco,Paraguay,-58.065383,-23.246062,9.0,False,2,4337,track,3188.0644972091072
2774.0,2011-10-06 12:27:00,-58.065469,-23.246126,Panthera onca,50886,7,Humid Chaco,Paraguay,-58.065469,-23.246126,3.0166666666666666,False,2,4337,track,3176.7791579755485
2775.0,2011-10-06 15:27:00,-58.065169,-23.246652,Panthera onca,50886,7,Humid Chaco,Paraguay,-58.065169,-23.246652,3.0,False,2,4337,track,3167.8101729989808
2776.0,2011-10-06 18:27:00,-58.065426,-23.245204,Panthera onca,50886,7,Humid Chaco,Paraguay,-58.065426,-23.245204,3.0,False,2,4337,track,3241.614545707987
2777.0,2011-10-06 21:26:00,-58.06504,-23.244721,Panthera onca,50886,7,Humid Chaco,Paraguay,-58.06504,-23.244721,2.9833333333333334,False,2,4337,track,3305.589144250757
2778.0,2011-10-07 06:26:00,-58.068388,-23.239474,Panthera onca,50886,7,Humid Chaco,Paraguay,-58.068388,-23.239474,9.0,False,2,4337,track,3457.859544821264
2779.0,2011-10-07 12:26:00,-58.059847,-23.2428,Panthera onca,50886,7,Humid Chaco,Paraguay,-58.059847,-23.2428,6.0,False,2,4315,unclassified,3418.496515301675
2780.0,2011-10-07 15:26:00,-58.056264,-23.243068,Panthera onca,50886,7,Humid Chaco,Paraguay,-58.056264,-23.243068,3.0,False,2,4315,unclassified,3066.519970466977
2781.0,2011-10-07 18:26:00,-58.056307,-23.243186,Panthera onca,50886,7,Humid Chaco,Paraguay,-58.056307,-23.243186,3.0,False,2,4315,unclassified,3073.5875233148354
2782.0,2011-10-07 21:26:00,-58.056135,-23.243176,Panthera onca,50886,7,Humid Chaco,Paraguay,-58.056135,-23.243176,3.0,False,2,4315,unclassified,3056.15481411842
2783.0,2011-10-08 00:26:00,-58.053002,-23.234754,Panthera onca,50886,7,Humid Chaco,Paraguay,-58.053002,-23.234754,3.0,False,2,4315,unclassified,2544.907553309821
2784.0,2011-10-08 03:27:00,-58.052681,-23.23455,Panthera onca,50886,7,Humid Chaco,Paraguay,-58.052681,-23.23455,3.0166666666666666,False,2,4315,unclassified,2507.9574936410813
2785.0,2011-10-08 06:26:00,-58.053045,-23.237339,Panthera onca,50886,7,Humid Chaco,Paraguay,-58.053045,-23.237339,2.9833333333333334,False,2,4315,unclassified,2610.2517504824314
2786.0,2011-10-08 09:26:00,-58.052981,-23.237296,Panthera onca,50886,7,Humid Chaco,Paraguay,-58.052981,-23.237296,3.0,False,2,4315,unclassified,2602.8434091526533
2787.0,2011-10-08 15:27:00,-58.054483,-23.244098,Panthera onca,50886,7,Humid Chaco,Paraguay,-58.054483,-23.244098,6.016666666666667,False,2,4315,unclassified,2912.6023125330917
2788.0,2011-10-08 18:27:00,-58.054354,-23.243937,Panthera onca,50886,7,Humid Chaco,Paraguay,-58.054354,-23.243937,3.0,False,2,4315,unclassified,2895.9269147509535
2789.0,2011-10-09 00:27:00,-58.052359,-23.234861,Panthera onca,50886,7,Humid Chaco,Paraguay,-58.052359,-23.234861,6.0,False,2,4315,unclassified,2483.233471033563
2790.0,2011-10-09 06:27:00,-58.051651,-23.234013,Panthera onca,50886,7,Humid Chaco,Paraguay,-58.051651,-23.234013,6.0,False,2,4315,unclassified,2392.208672262359
2791.0,2011-10-09 09:26:00,-58.052959,-23.237318,Panthera onca,50886,7,Humid Chaco,Paraguay,-58.052959,-23.237318,2.9833333333333334,False,2,4315,unclassified,2601.159694100888
2792.0,2011-10-09 12:26:00,-58.053067,-23.237264,Panthera onca,50886,7,Humid Chaco,Paraguay,-58.053067,-23.237264,3.0,False,2,4315,unclassified,2610.6920696237653
2793.0,2011-10-09 15:26:00,-58.053174,-23.238165,Panthera onca,50886,7,Humid Chaco,Paraguay,-58.053174,-23.238165,3.0,False,2,4315,unclassified,2642.528988226525
2794.0,2011-10-09 21:26:00,-58.049312,-23.243412,Panthera onca,50886,7,Humid Chaco,Paraguay,-58.049312,-23.243412,6.0,False,2,4315,unclassified,2379.4703972487146
2795.0,2011-10-10 00:26:00,-58.042874,-23.232168,Panthera onca,50886,7,Humid Chaco,Paraguay,-58.042874,-23.232168,3.0,False,2,4315,unclassified,1471.2281325114545
2796.0,2011-10-10 03:26:00,-58.04281,-23.232265,Panthera onca,50886,7,Humid Chaco,Paraguay,-58.04281,-23.232265,3.0,False,2,4315,unclassified,1467.1568802196152
2797.0,2011-10-10 06:26:00,-58.045535,-23.220935,Panthera onca,50886,7,Humid Chaco,Paraguay,-58.045535,-23.220935,3.0,False,2,4315,unclassified,1467.8013730265268
2798.0,2011-10-10 09:27:00,-58.044269,-23.221182,Panthera onca,50886,7,Humid Chaco,Paraguay,-58.044269,-23.221182,3.0166666666666666,False,2,4315,unclassified,1347.5804128926902
2799.0,2011-10-10 13:26:00,-58.045471,-23.220516,Panthera onca,50886,7,Humid Chaco,Paraguay,-58.045471,-23.220516,3.983333333333333,False,2,4315,unclassified,1436.008338008796
2800.0,2011-10-10 16:26:00,-58.045921,-23.220538,Panthera onca,50886,7,Humid Chaco,Paraguay,-58.045921,-23.220538,3.0,False,2,4315,unclassified,1475.3187795884878
2801.0,2011-10-10 19:26:00,-58.045921,-23.220581,Panthera onca,50886,7,Humid Chaco,Paraguay,-58.045921,-23.220581,3.0,False,2,4315,unclassified,1477.9972923415933
2802.0,2011-10-10 22:26:00,-58.043604,-23.222319,Panthera onca,50886,7,Humid Chaco,Paraguay,-58.043604,-23.222319,3.0,False,2,4315,unclassified,1308.3627342231055
2803.0,2011-10-11 01:26:00,-58.046072,-23.220388,Panthera onca,50886,7,Humid Chaco,Paraguay,-58.046072,-23.220388,3.0,False,2,4315,unclassified,1472.7365756349643
2804.0,2011-10-11 04:27:00,-58.046114,-23.220495,Panthera onca,50886,7,Humid Chaco,Paraguay,-58.046114,-23.220495,3.0166666666666666,False,2,4315,unclassified,1484.6941267350562
2805.0,2011-10-11 07:26:00,-58.043304,-23.22234,Panthera onca,50886,7,Humid Chaco,Paraguay,-58.043304,-23.22234,2.9833333333333334,False,2,4315,unclassified,1278.893557139363
2806.0,2011-10-11 13:26:00,-58.050857,-23.222415,Panthera onca,50886,7,Humid Chaco,Paraguay,-58.050857,-23.222415,6.0,False,2,4315,unclassified,1952.536922537872
2807.0,2011-10-11 19:26:00,-58.040493,-23.221986,Panthera onca,50886,7,Humid Chaco,Paraguay,-58.040493,-23.221986,6.0,False,2,4315,unclassified,989.5814504635414
2808.0,2011-10-11 22:27:00,-58.040771,-23.220956,Panthera onca,50886,7,Humid Chaco,Paraguay,-58.040771,-23.220956,3.0166666666666666,False,2,4315,unclassified,992.6941493651776
2809.0,2011-10-12 01:26:00,-58.0406,-23.221858,Panthera onca,50886,7,Humid Chaco,Paraguay,-58.0406,-23.221858,2.9833333333333334,False,2,4315,unclassified,997.2067020687942
2810.0,2011-10-12 07:26:00,-58.046093,-23.220409,Panthera onca,50886,7,Humid Chaco,Paraguay,-58.046093,-23.220409,6.0,False,2,4315,unclassified,1475.8932989029836
2811.0,2011-10-12 10:27:00,-58.049312,-23.242897,Panthera onca,50886,7,Humid Chaco,Paraguay,-58.049312,-23.242897,3.0166666666666666,False,2,4315,unclassified,2367.3869871534807
2812.0,2011-10-12 13:26:00,-58.05253,-23.245032,Panthera onca,50886,7,Humid Chaco,Paraguay,-58.05253,-23.245032,2.9833333333333334,False,2,4315,unclassified,2739.2379141322535
2813.0,2011-10-12 16:26:00,-58.052509,-23.245139,Panthera onca,50886,7,Humid Chaco,Paraguay,-58.052509,-23.245139,3.0,False,2,4315,unclassified,2739.6484597234785
2814.0,2011-10-13 01:26:00,-58.049376,-23.243165,Panthera onca,50886,7,Humid Chaco,Paraguay,-58.049376,-23.243165,9.0,False,2,4315,unclassified,2380.0742815179956
2815.0,2011-10-13 04:27:00,-58.049462,-23.243208,Panthera onca,50886,7,Humid Chaco,Paraguay,-58.049462,-23.243208,3.0166666666666666,False,2,4315,unclassified,2389.682145987299
2816.0,2011-10-13 07:26:00,-58.04944,-23.243176,Panthera onca,50886,7,Humid Chaco,Paraguay,-58.04944,-23.243176,2.9833333333333334,False,2,4315,unclassified,2386.7316010234063
2817.0,2011-10-13 13:26:00,-58.063216,-23.251576,Panthera onca,50886,7,Humid Chaco,Paraguay,-58.063216,-23.251576,6.0,False,2,4337,track,3070.1784304056973
2818.0,2011-10-13 16:26:00,-58.068903,-23.251619,Panthera onca,50886,7,Humid Chaco,Paraguay,-58.068903,-23.251619,3.0,False,2,4337,track,2549.8114398325706
2819.0,2011-10-13 19:26:00,-58.068881,-23.251641,Panthera onca,50886,7,Humid Chaco,Paraguay,-58.068881,-23.251641,3.0,False,2,4337,track,2550.5542933020865
2820.0,2011-10-13 22:26:00,-58.0724,-23.249903,Panthera onca,50886,7,Humid Chaco,Paraguay,-58.0724,-23.249903,3.0,False,2,4337,track,2358.9970664341954
2821.0,2011-10-14 01:26:00,-58.07431,-23.247124,Panthera onca,50886,7,Humid Chaco,Paraguay,-58.07431,-23.247124,3.0,False,2,4337,track,2422.9083012108326
2822.0,2011-10-14 10:26:00,-58.073001,-23.245472,Panthera onca,50886,7,Humid Chaco,Paraguay,-58.073001,-23.245472,9.0,False,2,4337,track,2648.060637064274
2823.0,2011-10-14 13:26:00,-58.071713,-23.246062,Panthera onca,50886,7,Humid Chaco,Paraguay,-58.071713,-23.246062,3.0,False,2,4337,track,2692.8990981453667
2824.0,2011-10-14 19:26:00,-58.072207,-23.246909,Panthera onca,50886,7,Humid Chaco,Paraguay,-58.072207,-23.246909,6.0,False,2,4337,track,2591.3766634905987
2825.0,2011-10-14 22:26:00,-58.074245,-23.241427,Panthera onca,50886,7,Humid Chaco,Paraguay,-58.074245,-23.241427,3.0,False,2,4337,track,2918.6211883152628
2826.0,2011-10-15 04:26:00,-58.088214,-23.237039,Panthera onca,50886,7,Humid Chaco,Paraguay,-58.088214,-23.237039,6.0,False,2,4337,track,2892.2100063835696
2827.0,2011-10-15 07:26:00,-58.088901,-23.230044,Panthera onca,50886,7,Humid Chaco,Paraguay,-58.088901,-23.230044,3.0,False,2,4337,track,3660.785975202963
2828.0,2011-10-15 10:26:00,-58.083279,-23.236363,Panthera onca,50886,7,Humid Chaco,Paraguay,-58.083279,-23.236363,3.0,False,2,4337,track,3048.885555012084
2829.0,2011-10-15 13:26:00,-58.079717,-23.24736,Panthera onca,50886,7,Humid Chaco,Paraguay,-58.079717,-23.24736,3.0,False,2,4337,track,2061.4494534528426
2830.0,2011-10-15 16:26:00,-58.079267,-23.248004,Panthera onca,50886,7,Humid Chaco,Paraguay,-58.079267,-23.248004,3.0,False,2,4337,track,2027.4312499166256
2831.0,2011-10-15 19:26:00,-58.077915,-23.24928,Panthera onca,50886,7,Humid Chaco,Paraguay,-58.077915,-23.24928,3.0,False,2,4337,track,1999.1831203236084
2832.0,2011-10-15 23:26:00,-58.098021,-23.25487,Panthera onca,50886,7,Humid Chaco,Paraguay,-58.098021,-23.25487,4.0,False,2,4337,track,1188.65015555116
2833.0,2011-10-16 12:26:00,-58.102956,-23.269751,Panthera onca,50886,7,Humid Chaco,Paraguay,-58.102956,-23.269751,13.0,False,2,4337,track,1335.2739478566366
2834.0,2011-10-17 03:26:00,-58.10081,-23.257402,Panthera onca,50886,7,Humid Chaco,Paraguay,-58.10081,-23.257402,15.0,False,2,4337,track,1225.2150875811174
2835.0,2011-10-17 06:26:00,-58.101132,-23.25767,Panthera onca,50886,7,Humid Chaco,Paraguay,-58.101132,-23.25767,3.0,False,2,4337,track,1239.0164955872551
2836.0,2011-10-17 09:26:00,-58.09978,-23.257617,Panthera onca,50886,7,Humid Chaco,Paraguay,-58.09978,-23.257617,3.0,False,2,4337,track,1123.0371528397393
2837.0,2011-10-17 12:26:00,-58.089609,-23.261307,Panthera onca,50886,7,Humid Chaco,Paraguay,-58.089609,-23.261307,3.0,False,2,4337,track,216.8913265110345
2838.0,2011-10-17 15:26:00,-58.091004,-23.263561,Panthera onca,50886,7,Humid Chaco,Paraguay,-58.091004,-23.263561,3.0,False,2,4337,track,59.98043356502912
2839.0,2011-10-17 18:27:00,-58.091111,-23.264161,Panthera onca,50886,7,Humid Chaco,Paraguay,-58.091111,-23.264161,3.0166666666666666,False,2,4337,track,77.08824580541248
2840.0,2011-10-17 21:27:00,-58.096926,-23.256522,Panthera onca,50886,7,Humid Chaco,Paraguay,-58.096926,-23.256522,3.0,False,2,4337,track,977.1581754472937
2841.0,2011-10-18 00:26:00,-58.104029,-23.257295,Panthera onca,50886,7,Humid Chaco,Paraguay,-58.104029,-23.257295,2.9833333333333334,False,2,4337,track,1522.3393198189244
2842.0,2011-10-18 03:26:00,-58.103964,-23.257231,Panthera onca,50886,7,Humid Chaco,Paraguay,-58.103964,-23.257231,3.0,False,2,4337,track,1519.311827313396
2843.0,2011-10-18 06:26:00,-58.103921,-23.257188,Panthera onca,50886,7,Humid Chaco,Paraguay,-58.103921,-23.257188,3.0,False,2,4337,track,1517.3713609193853
2844.0,2011-10-18 09:26:00,-58.103964,-23.257188,Panthera onca,50886,7,Humid Chaco,Paraguay,-58.103964,-23.257188,3.0,False,2,4337,track,1521.3451646255219
2845.0,2011-10-18 12:26:00,-58.102634,-23.268667,Panthera onca,50886,7,Humid Chaco,Paraguay,-58.102634,-23.268667,3.0,False,2,4337,track,1292.3494493582937
2846.0,2011-10-18 15:27:00,-58.1036,-23.272916,Panthera onca,50886,7,Humid Chaco,Paraguay,-58.1036,-23.272916,3.0166666666666666,False,2,4336,track,1096.8567706242584
2847.0,2011-10-18 21:26:00,-58.1036,-23.273281,Panthera onca,50886,7,Humid Chaco,Paraguay,-58.1036,-23.273281,5.983333333333333,False,2,4336,track,1056.443687258313
2848.0,2011-10-19 03:26:00,-58.107655,-23.256758,Panthera onca,50886,7,Humid Chaco,Paraguay,-58.107655,-23.256758,6.0,False,2,4337,track,1886.6790890631937
2849.0,2011-10-19 06:26:00,-58.107612,-23.256726,Panthera onca,50886,7,Humid Chaco,Paraguay,-58.107612,-23.256726,3.0,False,2,4337,track,1883.9131677728433
2850.0,2011-10-19 12:26:00,-58.106453,-23.257273,Panthera onca,50886,7,Humid Chaco,Paraguay,-58.106453,-23.257273,6.0,False,2,4337,track,1751.3504322123244
2851.0,2011-10-19 15:26:00,-58.090811,-23.262917,Panthera onca,50886,7,Humid Chaco,Paraguay,-58.090811,-23.262917,3.0,False,2,4337,track,33.92169344643185
2852.0,2011-10-19 18:27:00,-58.090725,-23.26296,Panthera onca,50886,7,Humid Chaco,Paraguay,-58.090725,-23.26296,3.0166666666666666,False,2,4337,track,23.92943200335716
2853.0,2011-10-20 00:26:00,-58.092163,-23.246952,Panthera onca,50886,7,Humid Chaco,Paraguay,-58.092163,-23.246952,5.983333333333333,False,2,4337,track,1792.7968930019906
2854.0,2011-10-20 03:26:00,-58.094502,-23.245761,Panthera onca,50886,7,Humid Chaco,Paraguay,-58.094502,-23.245761,3.0,False,2,4337,track,1959.511875673473
2855.0,2011-10-20 09:26:00,-58.094845,-23.246598,Panthera onca,50886,7,Humid Chaco,Paraguay,-58.094845,-23.246598,6.0,False,2,4337,track,1876.9066643846857
2856.0,2011-10-20 12:26:00,-58.094823,-23.246577,Panthera onca,50886,7,Humid Chaco,Paraguay,-58.094823,-23.246577,3.0,False,2,4337,track,1878.638560928589
2857.0,2011-10-20 15:26:00,-58.090832,-23.260835,Panthera onca,50886,7,Humid Chaco,Paraguay,-58.090832,-23.260835,3.0,False,2,4337,track,249.79723703460166
2858.0,2011-10-20 18:26:00,-58.091733,-23.261147,Panthera onca,50886,7,Humid Chaco,Paraguay,-58.091733,-23.261147,3.0,False,2,4337,track,246.45402727297522
2859.0,2011-10-20 21:27:00,-58.091755,-23.261522,Panthera onca,50886,7,Humid Chaco,Paraguay,-58.091755,-23.261522,3.0166666666666666,False,2,4337,track,212.86966598955618
2860.0,2011-10-21 00:27:00,-58.094802,-23.246502,Panthera onca,50886,7,Humid Chaco,Paraguay,-58.094802,-23.246502,3.0,False,2,4337,track,1886.2136013944003
2861.0,2011-10-21 03:26:00,-58.094823,-23.246888,Panthera onca,50886,7,Humid Chaco,Paraguay,-58.094823,-23.246888,2.9833333333333334,False,2,4337,track,1845.1781202932616
2862.0,2011-10-21 06:26:00,-58.094845,-23.246856,Panthera onca,50886,7,Humid Chaco,Paraguay,-58.094845,-23.246856,3.0,False,2,4337,track,1849.155878031951
2863.0,2011-10-21 09:26:00,-58.092806,-23.24618,Panthera onca,50886,7,Humid Chaco,Paraguay,-58.092806,-23.24618,3.0,False,2,4337,track,1884.9223971797255
2864.0,2011-10-21 15:26:00,-58.090897,-23.260792,Panthera onca,50886,7,Humid Chaco,Paraguay,-58.090897,-23.260792,6.0,False,2,4337,track,255.4249291094846
2865.0,2011-10-21 21:26:00,-58.094523,-23.251233,Panthera onca,50886,7,Humid Chaco,Paraguay,-58.094523,-23.251233,6.0,False,2,4337,track,1373.2592107536966
2866.0,2011-10-22 00:27:00,-58.092914,-23.24648,Panthera onca,50886,7,Humid Chaco,Paraguay,-58.092914,-23.24648,3.0166666666666666,False,2,4337,track,1853.3903557110168
2867.0,2011-10-22 03:26:00,-58.09448,-23.247671,Panthera onca,50886,7,Humid Chaco,Paraguay,-58.09448,-23.247671,2.9833333333333334,False,2,4337,track,1752.6713642193874
2868.0,2011-10-22 06:26:00,-58.092785,-23.246319,Panthera onca,50886,7,Humid Chaco,Paraguay,-58.092785,-23.246319,3.0,False,2,4337,track,1869.3847117016642
2869.0,2011-10-22 09:27:00,-58.091626,-23.25369,Panthera onca,50886,7,Humid Chaco,Paraguay,-58.091626,-23.25369,3.0166666666666666,False,2,4337,track,1045.0013855635684
2870.0,2011-10-22 12:26:00,-58.091154,-23.263711,Panthera onca,50886,7,Humid Chaco,Paraguay,-58.091154,-23.263711,2.9833333333333334,False,2,4337,track,77.46870406757468
2871.0,2011-10-23 00:26:00,-58.095725,-23.2556,Panthera onca,50886,7,Humid Chaco,Paraguay,-58.095725,-23.2556,12.0,False,2,4337,track,983.6493272125766
2872.0,2011-10-23 03:26:00,-58.095467,-23.247339,Panthera onca,50886,7,Humid Chaco,Paraguay,-58.095467,-23.247339,3.0,False,2,4337,track,1813.966095346927
2873.0,2011-10-23 06:27:00,-58.095467,-23.247296,Panthera onca,50886,7,Humid Chaco,Paraguay,-58.095467,-23.247296,3.0166666666666666,False,2,4337,track,1818.5389735908495
2874.0,2011-10-23 09:26:00,-58.094952,-23.251834,Panthera onca,50886,7,Humid Chaco,Paraguay,-58.094952,-23.251834,2.9833333333333334,False,2,4337,track,1324.2420100322056
2875.0,2011-10-23 13:26:00,-58.103642,-23.27327,Panthera onca,50886,7,Humid Chaco,Paraguay,-58.103642,-23.27327,4.0,False,2,4336,track,1057.6534849529125
2876.0,2011-10-23 23:26:00,-58.11583,-23.278946,Panthera onca,50886,7,Humid Chaco,Paraguay,-58.11583,-23.278946,10.0,False,2,4336,track,852.239526669292
2877.0,2011-10-24 02:26:00,-58.11583,-23.279064,Panthera onca,50886,7,Humid Chaco,Paraguay,-58.11583,-23.279064,3.0,False,2,4336,track,845.3561887111085
2878.0,2011-10-24 05:26:00,-58.117332,-23.279922,Panthera onca,50886,7,Humid Chaco,Paraguay,-58.117332,-23.279922,3.0,False,2,4336,track,940.8501659085678
2879.0,2011-10-24 08:26:00,-58.123426,-23.283076,Panthera onca,50886,7,Humid Chaco,Paraguay,-58.123426,-23.283076,3.0,False,2,4336,track,1408.338130962704
2880.0,2011-10-24 14:26:00,-58.114071,-23.285351,Panthera onca,50886,7,Humid Chaco,Paraguay,-58.114071,-23.285351,6.0,False,2,4336,track,422.2176487056857
2881.0,2011-10-24 17:26:00,-58.115938,-23.288527,Panthera onca,50886,7,Humid Chaco,Paraguay,-58.115938,-23.288527,3.0,False,2,4336,track,484.80829628024355
2882.0,2011-10-24 20:27:00,-58.115852,-23.288301,Panthera onca,50886,7,Humid Chaco,Paraguay,-58.115852,-23.288301,3.0166666666666666,False,2,4336,track,484.91225751917375
2883.0,2011-10-24 23:26:00,-58.120894,-23.274364,Panthera onca,50886,7,Humid Chaco,Paraguay,-58.120894,-23.274364,2.9833333333333334,False,2,4336,track,1568.3584500679005
2884.0,2011-10-25 02:26:00,-58.120787,-23.274332,Panthera onca,50886,7,Humid Chaco,Paraguay,-58.120787,-23.274332,3.0,False,2,4336,track,1561.9093314257864
2885.0,2011-10-25 05:26:00,-58.120766,-23.274311,Panthera onca,50886,7,Humid Chaco,Paraguay,-58.120766,-23.274311,3.0,False,2,4336,track,1561.6590420024809
2886.0,2011-10-25 08:26:00,-58.129499,-23.272862,Panthera onca,50886,7,Humid Chaco,Paraguay,-58.129499,-23.272862,3.0,False,2,4336,track,2400.75796678555
2887.0,2011-10-25 11:26:00,-58.134799,-23.27283,Panthera onca,50886,7,Humid Chaco,Paraguay,-58.134799,-23.27283,3.0,False,2,4336,track,2892.010491679024
2888.0,2011-10-25 14:26:00,-58.134756,-23.272766,Panthera onca,50886,7,Humid Chaco,Paraguay,-58.134756,-23.272766,3.0,False,2,4336,track,2890.7456187971216
2889.0,2011-10-25 17:26:00,-58.115895,-23.285598,Panthera onca,50886,7,Humid Chaco,Paraguay,-58.115895,-23.285598,3.0,False,2,4336,track,589.026796411673
2890.0,2011-10-25 20:26:00,-58.116217,-23.284879,Panthera onca,50886,7,Humid Chaco,Paraguay,-58.116217,-23.284879,3.0,False,2,4336,track,646.5898396442095
2891.0,2011-10-26 02:26:00,-58.117461,-23.277744,Panthera onca,50886,7,Humid Chaco,Paraguay,-58.117461,-23.277744,6.0,False,2,4336,track,1064.5818828314063
2892.0,2011-10-26 05:26:00,-58.117483,-23.277776,Panthera onca,50886,7,Humid Chaco,Paraguay,-58.117483,-23.277776,3.0,False,2,4336,track,1064.5147221847387
2893.0,2011-10-26 08:26:00,-58.117526,-23.277776,Panthera onca,50886,7,Humid Chaco,Paraguay,-58.117526,-23.277776,3.0,False,2,4336,track,1068.1967816195986
2894.0,2011-10-26 11:26:00,-58.117504,-23.277991,Panthera onca,50886,7,Humid Chaco,Paraguay,-58.117504,-23.277991,3.0,False,2,4336,track,1053.479351092916
2895.0,2011-10-26 22:26:00,-58.108385,-23.290833,Panthera onca,50886,7,Humid Chaco,Paraguay,-58.108385,-23.290833,11.0,False,2,4336,track,328.58748755679403
2896.0,2011-10-27 10:26:00,-58.104265,-23.287089,Panthera onca,50886,7,Humid Chaco,Paraguay,-58.104265,-23.287089,12.0,False,2,4336,track,472.51930245042934
2897.0,2011-10-27 13:26:00,-58.089244,-23.275813,Panthera onca,50886,7,Humid Chaco,Paraguay,-58.089244,-23.275813,3.0,False,2,4337,track,5.874971658804212
2898.0,2011-10-27 19:27:00,-58.091948,-23.262316,Panthera onca,50886,7,Humid Chaco,Paraguay,-58.091948,-23.262316,6.016666666666667,False,2,4337,track,167.92069681854252
2899.0,2011-10-27 22:26:00,-58.093944,-23.259205,Panthera onca,50886,7,Humid Chaco,Paraguay,-58.093944,-23.259205,2.9833333333333334,False,2,4337,track,552.9159838612107
2900.0,2011-10-28 01:26:00,-58.095231,-23.257263,Panthera onca,50886,7,Humid Chaco,Paraguay,-58.095231,-23.257263,3.0,False,2,4337,track,803.4605797145463
2901.0,2011-10-28 04:26:00,-58.095253,-23.257284,Panthera onca,50886,7,Humid Chaco,Paraguay,-58.095253,-23.257284,3.0,False,2,4337,track,802.95351867135
2902.0,2011-10-28 10:27:00,-58.08624,-23.254205,Panthera onca,50886,7,Humid Chaco,Paraguay,-58.08624,-23.254205,6.016666666666667,False,2,4337,track,1075.341753878375
2903.0,2011-10-28 16:26:00,-58.079095,-23.264118,Panthera onca,50886,7,Humid Chaco,Paraguay,-58.079095,-23.264118,5.983333333333333,False,2,4337,track,1148.5107468733004
2904.0,2011-10-29 01:27:00,-58.079138,-23.264,Panthera onca,50886,7,Humid Chaco,Paraguay,-58.079138,-23.264,9.016666666666667,False,2,4337,track,1145.1772886524013
2905.0,2011-10-29 07:26:00,-58.079073,-23.264194,Panthera onca,50886,7,Humid Chaco,Paraguay,-58.079073,-23.264194,5.983333333333333,False,2,4337,track,1150.077034928188
2906.0,2011-10-29 11:26:00,-58.070426,-23.258722,Panthera onca,50886,7,Humid Chaco,Paraguay,-58.070426,-23.258722,4.0,False,2,4337,track,2111.8749721761124
2907.0,2011-10-29 22:27:00,-58.077164,-23.255568,Panthera onca,50886,7,Humid Chaco,Paraguay,-58.077164,-23.255568,11.016666666666667,False,2,4337,track,1599.6871870192022
2908.0,2011-10-30 07:26:00,-58.077014,-23.256286,Panthera onca,50886,7,Humid Chaco,Paraguay,-58.077014,-23.256286,8.983333333333333,False,2,4337,track,1573.3316737687833
2909.0,2011-10-30 16:27:00,-58.077078,-23.256437,Panthera onca,50886,7,Humid Chaco,Paraguay,-58.077078,-23.256437,9.016666666666667,False,2,4337,track,1559.6361971054603
2910.0,2011-10-30 19:26:00,-58.077099,-23.25649,Panthera onca,50886,7,Humid Chaco,Paraguay,-58.077099,-23.25649,2.9833333333333334,False,2,4337,track,1554.981989628099
2911.0,2011-10-30 22:26:00,-58.077035,-23.25649,Panthera onca,50886,7,Humid Chaco,Paraguay,-58.077035,-23.25649,3.0,False,2,4337,track,1560.7683171105473
2912.0,2011-10-31 01:26:00,-58.077056,-23.256437,Panthera onca,50886,7,Humid Chaco,Paraguay,-58.077056,-23.256437,3.0,False,2,4337,track,1561.621738159161
2913.0,2011-10-31 04:26:00,-58.077142,-23.256383,Panthera onca,50886,7,Humid Chaco,Paraguay,-58.077142,-23.256383,3.0,False,2,4337,track,1556.7005659195288
2914.0,2011-10-31 07:26:00,-58.077056,-23.256469,Panthera onca,50886,7,Humid Chaco,Paraguay,-58.077056,-23.256469,3.0,False,2,4337,track,1559.9576571218684
2915.0,2011-10-31 10:26:00,-58.077078,-23.256501,Panthera onca,50886,7,Humid Chaco,Paraguay,-58.077078,-23.256501,3.0,False,2,4337,track,1556.310076546431
2916.0,2011-10-31 13:26:00,-58.077078,-23.256469,Panthera onca,50886,7,Humid Chaco,Paraguay,-58.077078,-23.256469,3.0,False,2,4337,track,1557.9699957608823
2917.0,2011-10-31 19:26:00,-58.077056,-23.25649,Panthera onca,50886,7,Humid Chaco,Paraguay,-58.077056,-23.25649,6.0,False,2,4337,track,1558.86901486384
2918.0,2011-10-31 22:26:00,-58.077099,-23.25649,Panthera onca,50886,7,Humid Chaco,Paraguay,-58.077099,-23.25649,3.0,False,2,4337,track,1554.981989628099
2919.0,2011-11-01 01:27:00,-58.077271,-23.256544,Panthera onca,50886,7,Humid Chaco,Paraguay,-58.077271,-23.256544,3.0166666666666666,False,2,4337,track,1536.6393385364654
2920.0,2011-11-01 13:26:00,-58.077056,-23.256501,Panthera onca,50886,7,Humid Chaco,Paraguay,-58.077056,-23.256501,11.983333333333333,False,2,4337,track,1558.2998547247487
2921.0,2011-11-01 16:26:00,-58.077056,-23.25649,Panthera onca,50886,7,Humid Chaco,Paraguay,-58.077056,-23.25649,3.0,False,2,4337,track,1558.86901486384
2922.0,2011-11-01 22:26:00,-58.077121,-23.256522,Panthera onca,50886,7,Humid Chaco,Paraguay,-58.077121,-23.256522,6.0,False,2,4337,track,1551.334403129895
2923.0,2011-11-02 01:26:00,-58.077035,-23.256522,Panthera onca,50886,7,Humid Chaco,Paraguay,-58.077035,-23.256522,3.0,False,2,4337,track,1559.116660016622
2924.0,2011-11-02 04:26:00,-58.077056,-23.256544,Panthera onca,50886,7,Humid Chaco,Paraguay,-58.077056,-23.256544,3.0,False,2,4337,track,1556.0821049823037
2925.0,2011-11-02 07:26:00,-58.077142,-23.256512,Panthera onca,50886,7,Humid Chaco,Paraguay,-58.077142,-23.256512,3.0,False,2,4337,track,1549.9544202716609
2926.0,2011-11-02 13:26:00,-58.077056,-23.25649,Panthera onca,50886,7,Humid Chaco,Paraguay,-58.077056,-23.25649,6.0,False,2,4337,track,1558.86901486384
2927.0,2011-11-02 16:26:00,-58.077078,-23.256522,Panthera onca,50886,7,Humid Chaco,Paraguay,-58.077078,-23.256522,3.0,False,2,4337,track,1555.2241783127172
2928.0,2011-11-02 22:26:00,-58.076842,-23.256544,Panthera onca,50886,7,Humid Chaco,Paraguay,-58.076842,-23.256544,6.0,False,2,4337,track,1575.5010839951728
2929.0,2011-11-03 01:26:00,-58.077056,-23.256533,Panthera onca,50886,7,Humid Chaco,Paraguay,-58.077056,-23.256533,3.0,False,2,4337,track,1556.6483510278663
2930.0,2011-11-03 07:26:00,-58.077056,-23.256447,Panthera onca,50886,7,Humid Chaco,Paraguay,-58.077056,-23.256447,6.0,False,2,4337,track,1561.101039583261
2931.0,2011-11-03 10:26:00,-58.077056,-23.25649,Panthera onca,50886,7,Humid Chaco,Paraguay,-58.077056,-23.25649,3.0,False,2,4337,track,1558.86901486384
2932.0,2011-11-03 16:26:00,-58.077035,-23.256437,Panthera onca,50886,7,Humid Chaco,Paraguay,-58.077035,-23.256437,6.0,False,2,4337,track,1563.51769723835
2933.0,2011-11-04 01:27:00,-58.076992,-23.256437,Panthera onca,50886,7,Humid Chaco,Paraguay,-58.076992,-23.256437,9.016666666666667,False,2,4337,track,1567.401930625034
2934.0,2011-11-04 04:26:00,-58.077035,-23.256512,Panthera onca,50886,7,Humid Chaco,Paraguay,-58.077035,-23.256512,2.9833333333333334,False,2,4337,track,1559.6321261353899
2935.0,2011-11-04 07:27:00,-58.077099,-23.256512,Panthera onca,50886,7,Humid Chaco,Paraguay,-58.077099,-23.256512,3.0166666666666666,False,2,4337,track,1553.841568546803
2936.0,2011-11-04 10:26:00,-58.077121,-23.256458,Panthera onca,50886,7,Humid Chaco,Paraguay,-58.077121,-23.256458,2.9833333333333334,False,2,4337,track,1554.6605692656544
2937.0,2011-11-04 22:27:00,-58.077121,-23.256512,Panthera onca,50886,7,Humid Chaco,Paraguay,-58.077121,-23.256512,12.016666666666667,False,2,4337,track,1551.8524536497578
2938.0,2011-11-05 17:27:00,-58.077035,-23.256501,Panthera onca,50886,7,Humid Chaco,Paraguay,-58.077035,-23.256501,19.0,False,2,4337,track,1560.1998496839528
2939.0,2011-11-05 20:27:00,-58.077056,-23.256522,Panthera onca,50886,7,Humid Chaco,Paraguay,-58.077056,-23.256522,3.0,False,2,4337,track,1557.2153437250356
2940.0,2011-11-06 06:27:00,-58.076606,-23.256522,Panthera onca,50886,7,Humid Chaco,Paraguay,-58.076606,-23.256522,10.0,False,2,4337,track,1598.0948227899048
2941.0,2011-11-08 11:27:00,-58.077078,-23.25648,Panthera onca,50886,7,Humid Chaco,Paraguay,-58.077078,-23.25648,53.0,True,3,4337,track,1557.3986889344524
2942.0,2011-11-10 02:26:00,-58.077121,-23.256426,Panthera onca,50886,7,Humid Chaco,Paraguay,-58.077121,-23.256426,38.98333333333333,True,4,4337,track,1556.3330854049655
2943.0,2011-11-11 01:27:00,-58.077142,-23.25649,Panthera onca,50886,7,Humid Chaco,Paraguay,-58.077142,-23.25649,23.016666666666666,False,4,4337,track,1551.0976986984238
2944.0,2011-11-11 08:27:00,-58.077142,-23.256598,Panthera onca,50886,7,Humid Chaco,Paraguay,-58.077142,-23.256598,7.0,False,4,4337,track,1545.5139623992495
2945.0,2011-11-11 15:26:00,-58.077121,-23.256426,Panthera onca,50886,7,Humid Chaco,Paraguay,-58.077121,-23.256426,6.983333333333333,False,4,4337,track,1556.3330854049655
2946.0,2011-11-11 18:26:00,-58.077078,-23.256522,Panthera onca,50886,7,Humid Chaco,Paraguay,-58.077078,-23.256522,3.0,False,4,4337,track,1555.2241783127172
2947.0,2011-11-11 22:26:00,-58.077035,-23.256533,Panthera onca,50886,7,Humid Chaco,Paraguay,-58.077035,-23.256533,4.0,False,4,4337,track,1558.5503588568831
2948.0,2011-11-12 13:27:00,-58.077056,-23.256469,Panthera onca,50886,7,Humid Chaco,Paraguay,-58.077056,-23.256469,15.016666666666667,False,4,4337,track,1559.9576571218684
2949.0,2011-11-12 17:26:00,-58.077014,-23.256501,Panthera onca,50886,7,Humid Chaco,Paraguay,-58.077014,-23.256501,3.983333333333333,False,4,4337,track,1562.1004881161705
2950.0,2011-11-13 00:26:00,-58.077014,-23.256469,Panthera onca,50886,7,Humid Chaco,Paraguay,-58.077014,-23.256469,7.0,False,4,4337,track,1563.7542621910661
2951.0,2011-11-13 03:26:00,-58.076992,-23.256469,Panthera onca,50886,7,Humid Chaco,Paraguay,-58.076992,-23.256469,3.0,False,4,4337,track,1565.743991469571
2952.0,2011-11-13 06:26:00,-58.077035,-23.256458,Panthera onca,50886,7,Humid Chaco,Paraguay,-58.077035,-23.256458,3.0,False,4,4337,track,1562.426262627523
2953.0,2011-11-13 09:26:00,-58.077099,-23.256469,Panthera onca,50886,7,Humid Chaco,Paraguay,-58.077099,-23.256469,3.0,False,4,4337,track,1556.073350689113
2954.0,2011-11-13 13:26:00,-58.077035,-23.256544,Panthera onca,50886,7,Humid Chaco,Paraguay,-58.077035,-23.256544,4.0,False,4,4337,track,1557.9848039386059
2955.0,2011-11-13 16:26:00,-58.076992,-23.256447,Panthera onca,50886,7,Humid Chaco,Paraguay,-58.076992,-23.256447,3.0,False,4,4337,track,1566.8831524727768
2956.0,2011-11-14 13:26:00,-58.076992,-23.25648,Panthera onca,50886,7,Humid Chaco,Paraguay,-58.076992,-23.25648,21.0,False,4,4337,track,1565.1755216195195
2957.0,2011-11-15 15:27:00,-58.077035,-23.256447,Panthera onca,50886,7,Humid Chaco,Paraguay,-58.077035,-23.256447,26.016666666666666,True,5,4337,track,1562.9976301460003
2958.0,2011-11-15 18:26:00,-58.077056,-23.25649,Panthera onca,50886,7,Humid Chaco,Paraguay,-58.077056,-23.25649,2.9833333333333334,False,5,4337,track,1558.86901486384
2959.0,2011-11-15 21:26:00,-58.077035,-23.256512,Panthera onca,50886,7,Humid Chaco,Paraguay,-58.077035,-23.256512,3.0,False,5,4337,track,1559.6321261353899
2960.0,2011-11-16 12:27:00,-58.077099,-23.256458,Panthera onca,50886,7,Humid Chaco,Paraguay,-58.077099,-23.256458,15.016666666666667,False,5,4337,track,1556.646096679906
2961.0,2011-11-16 19:26:00,-58.077099,-23.256458,Panthera onca,50886,7,Humid Chaco,Paraguay,-58.077099,-23.256458,6.983333333333333,False,5,4337,track,1556.646096679906
2962.0,2011-11-16 22:26:00,-58.077099,-23.256522,Panthera onca,50886,7,Humid Chaco,Paraguay,-58.077099,-23.256522,3.0,False,5,4337,track,1553.3241812729718
2963.0,2011-11-17 01:26:00,-58.077121,-23.256415,Panthera onca,50886,7,Humid Chaco,Paraguay,-58.077121,-23.256415,3.0,False,5,4337,track,1556.9094600427727
2964.0,2011-11-17 04:26:00,-58.077014,-23.256501,Panthera onca,50886,7,Humid Chaco,Paraguay,-58.077014,-23.256501,3.0,False,5,4337,track,1562.1004881161705
2965.0,2011-11-17 07:26:00,-58.077056,-23.25648,Panthera onca,50886,7,Humid Chaco,Paraguay,-58.077056,-23.25648,3.0,False,5,4337,track,1559.387078348261
2966.0,2011-11-17 10:26:00,-58.077035,-23.256458,Panthera onca,50886,7,Humid Chaco,Paraguay,-58.077035,-23.256458,3.0,False,5,4337,track,1562.426262627523
2967.0,2011-11-17 13:27:00,-58.077056,-23.25649,Panthera onca,50886,7,Humid Chaco,Paraguay,-58.077056,-23.25649,3.0166666666666666,False,5,4337,track,1558.86901486384
2968.0,2011-11-17 16:26:00,-58.077078,-23.256512,Panthera onca,50886,7,Humid Chaco,Paraguay,-58.077078,-23.256512,2.9833333333333334,False,5,4337,track,1555.7409338498003
2969.0,2011-11-18 10:27:00,-58.077035,-23.256437,Panthera onca,50886,7,Humid Chaco,Paraguay,-58.077035,-23.256437,18.016666666666666,False,5,4337,track,1563.51769723835
2970.0,2011-11-18 17:26:00,-58.077142,-23.25648,Panthera onca,50886,7,Humid Chaco,Paraguay,-58.077142,-23.25648,6.983333333333333,False,5,4337,track,1551.6183563491688
3511.0,2014-06-29 12:35:00,-58.115685,-23.336396,Panthera onca,670290B,9,Humid Chaco,Paraguay,-58.115685,-23.336396,,True,1,4261,service,555.8109391742306
3512.0,2014-06-29 22:02:00,-58.118119,-23.334191,Panthera onca,670290B,9,Humid Chaco,Paraguay,-58.118119,-23.334191,9.45,False,1,4261,service,223.48297317665904
3513.0,2014-06-30 00:01:00,-58.120614,-23.334976,Panthera onca,670290B,9,Humid Chaco,Paraguay,-58.120614,-23.334976,1.9833333333333332,False,1,4261,service,180.64560514749584
3514.0,2014-06-30 02:01:00,-58.120477,-23.334865,Panthera onca,670290B,9,Humid Chaco,Paraguay,-58.120477,-23.334865,2.0,False,1,4261,service,176.35760332115993
3515.0,2014-06-30 04:01:00,-58.120537,-23.334908,Panthera onca,670290B,9,Humid Chaco,Paraguay,-58.120537,-23.334908,2.0,False,1,4261,service,177.68660496681167
3516.0,2014-06-30 06:01:00,-58.118925,-23.334543,Panthera onca,670290B,9,Humid Chaco,Paraguay,-58.118925,-23.334543,2.0,False,1,4261,service,219.26804584118847
3517.0,2014-06-30 08:01:00,-58.118767,-23.338248,Panthera onca,670290B,9,Humid Chaco,Paraguay,-58.118767,-23.338248,2.0,False,1,4261,service,589.180849918001
3518.0,2014-06-30 10:02:00,-58.121532,-23.335501,Panthera onca,670290B,9,Humid Chaco,Paraguay,-58.121532,-23.335501,2.0166666666666666,False,1,4261,service,187.98257092067539
3519.0,2014-06-30 22:02:00,-58.120999,-23.335402,Panthera onca,670290B,9,Humid Chaco,Paraguay,-58.120999,-23.335402,12.0,False,1,4261,service,203.85134803522826
3520.0,2014-07-01 00:00:00,-58.120397,-23.334867,Panthera onca,670290B,9,Humid Chaco,Paraguay,-58.120397,-23.334867,1.9666666666666663,False,1,4261,service,180.38827218252254
3521.0,2014-07-01 04:03:00,-58.120547,-23.335036,Panthera onca,670290B,9,Humid Chaco,Paraguay,-58.120547,-23.335036,4.05,False,1,4261,service,189.7253370871991
3522.0,2014-07-01 06:03:00,-58.119967,-23.334687,Panthera onca,670290B,9,Humid Chaco,Paraguay,-58.119967,-23.334687,2.0,False,1,4261,service,183.39830001176935
3523.0,2014-07-01 08:03:00,-58.119167,-23.334882,Panthera onca,670290B,9,Humid Chaco,Paraguay,-58.119167,-23.334882,2.0,False,1,4261,service,240.81997577630594
3524.0,2014-07-01 10:03:00,-58.122408,-23.336114,Panthera onca,670290B,9,Humid Chaco,Paraguay,-58.122408,-23.336114,2.0,False,1,4261,service,205.9400467106224
3525.0,2014-07-01 22:03:00,-58.121137,-23.335312,Panthera onca,670290B,9,Humid Chaco,Paraguay,-58.121137,-23.335312,12.0,False,1,4261,service,188.43410673949072
3526.0,2014-07-02 00:02:00,-58.120465,-23.334874,Panthera onca,670290B,9,Humid Chaco,Paraguay,-58.120465,-23.334874,1.9833333333333332,False,1,4261,service,177.81304376933093
3527.0,2014-07-02 06:01:00,-58.120436,-23.334873,Panthera onca,670290B,9,Humid Chaco,Paraguay,-58.120436,-23.334873,5.983333333333333,False,1,4261,service,179.10545981577476
3528.0,2014-07-02 08:00:00,-58.120458,-23.334833,Panthera onca,670290B,9,Humid Chaco,Paraguay,-58.120458,-23.334833,1.9833333333333332,False,1,4261,service,174.1389052492322
3529.0,2014-07-02 10:03:00,-58.122183,-23.336271,Panthera onca,670290B,9,Humid Chaco,Paraguay,-58.122183,-23.336271,2.05,False,1,4261,service,232.08018250506223
3530.0,2014-07-02 22:02:00,-58.120983,-23.33628,Panthera onca,670290B,9,Humid Chaco,Paraguay,-58.120983,-23.33628,11.983333333333333,False,1,4261,service,290.48497246417656
3531.0,2014-07-03 00:03:00,-58.12137,-23.33538,Panthera onca,670290B,9,Humid Chaco,Paraguay,-58.12137,-23.33538,2.0166666666666666,False,1,4261,service,183.91488315365177
3532.0,2014-07-03 02:01:00,-58.12138,-23.335321,Panthera onca,670290B,9,Humid Chaco,Paraguay,-58.12138,-23.335321,1.9666666666666663,False,1,4261,service,177.6654181647044
3533.0,2014-07-03 06:02:00,-58.121357,-23.33524,Panthera onca,670290B,9,Humid Chaco,Paraguay,-58.121357,-23.33524,4.016666666666667,False,1,4261,service,170.8463385438629
3534.0,2014-07-03 08:01:00,-58.121356,-23.335278,Panthera onca,670290B,9,Humid Chaco,Paraguay,-58.121356,-23.335278,1.9833333333333332,False,1,4261,service,174.61060401053092
3535.0,2014-07-03 10:03:00,-58.108813,-23.33502,Panthera onca,670290B,9,Humid Chaco,Paraguay,-58.108813,-23.33502,2.033333333333333,False,1,4261,service,754.053593090019
3536.0,2014-07-03 22:02:00,-58.071559,-23.341135,Panthera onca,670290B,9,Humid Chaco,Paraguay,-58.071559,-23.341135,11.983333333333333,False,1,4261,service,1786.787469064682
3537.0,2014-07-04 00:03:00,-58.072317,-23.341665,Panthera onca,670290B,9,Humid Chaco,Paraguay,-58.072317,-23.341665,2.0166666666666666,False,1,4261,service,1837.7606773850555
3538.0,2014-07-04 00:32:00,-58.072359,-23.341623,Panthera onca,670290B,9,Humid Chaco,Paraguay,-58.072359,-23.341623,0.4833333333333333,False,1,4261,service,1832.8120870590176
3539.0,2014-07-04 01:02:00,-58.072368,-23.341718,Panthera onca,670290B,9,Humid Chaco,Paraguay,-58.072368,-23.341718,0.5,False,1,4261,service,1843.239066384877
3540.0,2014-07-04 02:03:00,-58.078962,-23.339048,Panthera onca,670290B,9,Humid Chaco,Paraguay,-58.078962,-23.339048,1.0166666666666666,False,1,4261,service,1562.122132645584
3541.0,2014-07-04 04:03:00,-58.091651,-23.337769,Panthera onca,670290B,9,Humid Chaco,Paraguay,-58.091651,-23.337769,2.0,False,1,4261,service,1464.464357152668
3542.0,2014-07-04 06:01:00,-58.093558,-23.337816,Panthera onca,670290B,9,Humid Chaco,Paraguay,-58.093558,-23.337816,1.9666666666666663,False,1,4261,service,1456.453898902611
3543.0,2014-07-04 08:02:00,-58.093098,-23.338193,Panthera onca,670290B,9,Humid Chaco,Paraguay,-58.093098,-23.338193,2.0166666666666666,False,1,4261,service,1499.5251502392837
3544.0,2014-07-04 10:00:00,-58.093478,-23.337726,Panthera onca,670290B,9,Humid Chaco,Paraguay,-58.093478,-23.337726,1.9666666666666663,False,1,4261,service,1446.6201084250818
3545.0,2014-07-04 22:01:00,-58.106488,-23.343143,Panthera onca,670290B,9,Humid Chaco,Paraguay,-58.106488,-23.343143,12.016666666666667,False,1,4261,service,1658.6010651741708
3546.0,2014-07-05 00:03:00,-58.122016,-23.333929,Panthera onca,670290B,9,Humid Chaco,Paraguay,-58.122016,-23.333929,2.033333333333333,False,1,4261,service,11.041902252314184
3547.0,2014-07-05 02:02:00,-58.120872,-23.335739,Panthera onca,670290B,9,Humid Chaco,Paraguay,-58.120872,-23.335739,1.9833333333333332,False,1,4261,service,242.8973611448117
3548.0,2014-07-05 04:01:00,-58.12281,-23.339018,Panthera onca,670290B,9,Humid Chaco,Paraguay,-58.12281,-23.339018,1.9833333333333332,False,1,4261,service,370.3836790699292
3549.0,2014-07-05 08:01:00,-58.122737,-23.338891,Panthera onca,670290B,9,Humid Chaco,Paraguay,-58.122737,-23.338891,4.0,False,1,4261,service,370.1063549079617
3550.0,2014-07-05 22:01:00,-58.124071,-23.338986,Panthera onca,670290B,9,Humid Chaco,Paraguay,-58.124071,-23.338986,14.0,False,1,4261,service,256.1184342011329
3551.0,2014-07-06 00:03:00,-58.120916,-23.33383,Panthera onca,670290B,9,Humid Chaco,Paraguay,-58.120916,-23.33383,2.033333333333333,False,1,4261,service,54.09187847091425
3552.0,2014-07-06 00:57:00,-58.121242,-23.3344,Panthera onca,670290B,9,Humid Chaco,Paraguay,-58.121242,-23.3344,0.9,False,1,4261,service,94.20882392708144
3553.0,2014-07-06 02:02:00,-58.121933,-23.333674,Panthera onca,670290B,9,Humid Chaco,Paraguay,-58.121933,-23.333674,1.0833333333333333,False,1,4261,service,9.917818487802903
3554.0,2014-07-06 06:03:00,-58.120472,-23.335132,Panthera onca,670290B,9,Humid Chaco,Paraguay,-58.120472,-23.335132,4.016666666666667,False,1,4261,service,202.7092942756478
3555.0,2014-07-06 08:00:00,-58.120464,-23.334887,Panthera onca,670290B,9,Humid Chaco,Paraguay,-58.120464,-23.334887,1.95,False,1,4261,service,179.1323528204264
3556.0,2014-07-06 10:02:00,-58.121979,-23.333817,Panthera onca,670290B,9,Humid Chaco,Paraguay,-58.121979,-23.333817,2.033333333333333,False,1,4261,service,1.8621922022570991
3557.0,2014-07-06 22:03:00,-58.091572,-23.338247,Panthera onca,670290B,9,Humid Chaco,Paraguay,-58.091572,-23.338247,12.016666666666667,False,1,4261,service,1517.9003108096551
3558.0,2014-07-07 04:03:00,-58.085647,-23.346278,Panthera onca,670290B,9,Humid Chaco,Paraguay,-58.085647,-23.346278,6.0,False,1,4261,service,2397.6432830353783
3559.0,2014-07-07 06:03:00,-58.083374,-23.353098,Panthera onca,670290B,9,Humid Chaco,Paraguay,-58.083374,-23.353098,2.0,False,1,4317,track,2954.7661488131657
3560.0,2014-07-07 08:03:00,-58.083365,-23.352495,Panthera onca,670290B,9,Humid Chaco,Paraguay,-58.083365,-23.352495,2.0,False,1,4317,track,2978.8205967152453
3561.0,2014-07-07 10:02:00,-58.083465,-23.353044,Panthera onca,670290B,9,Humid Chaco,Paraguay,-58.083465,-23.353044,1.9833333333333332,False,1,4317,track,2948.0399307945568
3562.0,2014-07-07 22:02:00,-58.072077,-23.360115,Panthera onca,670290B,9,Humid Chaco,Paraguay,-58.072077,-23.360115,12.0,False,1,4330,track,3180.11017788472
3563.0,2014-07-08 00:02:00,-58.065041,-23.362637,Panthera onca,670290B,9,Humid Chaco,Paraguay,-58.065041,-23.362637,2.0,False,1,4330,track,3260.550239740937
3564.0,2014-07-08 04:00:00,-58.063262,-23.366141,Panthera onca,670290B,9,Humid Chaco,Paraguay,-58.063262,-23.366141,3.966666666666667,False,1,4330,track,3062.7626311703916
3565.0,2014-07-08 08:01:00,-58.062355,-23.365315,Panthera onca,670290B,9,Humid Chaco,Paraguay,-58.062355,-23.365315,4.016666666666667,False,1,4330,track,3192.6075974156784
3566.0,2014-07-08 10:01:00,-58.062908,-23.365136,Panthera onca,670290B,9,Humid Chaco,Paraguay,-58.062908,-23.365136,2.0,False,1,4330,track,3170.8911023794362
3567.0,2014-07-08 22:02:00,-58.057736,-23.367484,Panthera onca,670290B,9,Humid Chaco,Paraguay,-58.057736,-23.367484,12.016666666666667,False,1,4330,track,3361.3063099629157
3568.0,2014-07-09 00:02:00,-58.046373,-23.366935,Panthera onca,670290B,9,Humid Chaco,Paraguay,-58.046373,-23.366935,2.0,False,1,3179,unclassified,4091.2781171604242
3569.0,2014-07-09 02:03:00,-58.045094,-23.366972,Panthera onca,670290B,9,Humid Chaco,Paraguay,-58.045094,-23.366972,2.0166666666666666,False,1,3179,unclassified,3960.5340345587165
3570.0,2014-07-09 04:01:00,-58.04512,-23.366939,Panthera onca,670290B,9,Humid Chaco,Paraguay,-58.04512,-23.366939,1.9666666666666663,False,1,3179,unclassified,3963.1997350736096
3571.0,2014-07-09 06:03:00,-58.057494,-23.370973,Panthera onca,670290B,9,Humid Chaco,Paraguay,-58.057494,-23.370973,2.033333333333333,False,1,4330,track,3146.664737580378
3572.0,2014-07-09 08:03:00,-58.071284,-23.37174,Panthera onca,670290B,9,Humid Chaco,Paraguay,-58.071284,-23.37174,2.0,False,1,4330,track,2068.4144734934503
3573.0,2014-07-09 10:02:00,-58.071697,-23.371948,Panthera onca,670290B,9,Humid Chaco,Paraguay,-58.071697,-23.371948,1.9833333333333332,False,1,4330,track,2025.4628129761488
3574.0,2014-07-09 22:03:00,-58.069265,-23.382388,Panthera onca,670290B,9,Humid Chaco,Paraguay,-58.069265,-23.382388,12.016666666666667,False,1,4330,track,1484.3014890843565
3575.0,2014-07-10 00:03:00,-58.06935,-23.379907,Panthera onca,670290B,9,Humid Chaco,Paraguay,-58.06935,-23.379907,2.0,False,1,4330,track,1593.1350878591968
3576.0,2014-07-10 00:31:00,-58.069006,-23.380042,Panthera onca,670290B,9,Humid Chaco,Paraguay,-58.069006,-23.380042,0.4666666666666667,False,1,4330,track,1616.5228168137637
3577.0,2014-07-10 01:00:00,-58.06934,-23.379951,Panthera onca,670290B,9,Humid Chaco,Paraguay,-58.06934,-23.379951,0.4833333333333333,False,1,4330,track,1591.610994920723
3578.0,2014-07-10 02:00:00,-58.063073,-23.385773,Panthera onca,670290B,9,Humid Chaco,Paraguay,-58.063073,-23.385773,1.0,False,1,4330,track,2029.4368255107822
3579.0,2014-07-10 04:03:00,-58.069334,-23.379869,Panthera onca,670290B,9,Humid Chaco,Paraguay,-58.069334,-23.379869,2.05,False,1,4330,track,1596.6458264147923
3580.0,2014-07-10 08:00:00,-58.069455,-23.37996,Panthera onca,670290B,9,Humid Chaco,Paraguay,-58.069455,-23.37996,3.95,False,1,4330,track,1580.9059133705193
3581.0,2014-07-10 10:03:00,-58.069787,-23.379356,Panthera onca,670290B,9,Humid Chaco,Paraguay,-58.069787,-23.379356,2.05,False,1,4330,track,1586.4269898969264
3582.0,2014-07-10 22:00:00,-58.069668,-23.380174,Panthera onca,670290B,9,Humid Chaco,Paraguay,-58.069668,-23.380174,11.95,False,1,4330,track,1550.274603017726
3583.0,2014-07-11 02:01:00,-58.06993,-23.38061,Panthera onca,670290B,9,Humid Chaco,Paraguay,-58.06993,-23.38061,4.016666666666667,False,1,4330,track,1503.51935332587
3584.0,2014-07-11 04:00:00,-58.0693,-23.380039,Panthera onca,670290B,9,Humid Chaco,Paraguay,-58.0693,-23.380039,1.9833333333333332,False,1,4330,track,1590.3890325453376
3585.0,2014-07-11 08:02:00,-58.069379,-23.379999,Panthera onca,670290B,9,Humid Chaco,Paraguay,-58.069379,-23.379999,4.033333333333333,False,1,4330,track,1585.5225622805444
3586.0,2014-07-11 22:03:00,-58.069398,-23.380129,Panthera onca,670290B,9,Humid Chaco,Paraguay,-58.069398,-23.380129,14.016666666666667,False,1,4330,track,1576.7877140569858
3587.0,2014-07-12 00:01:00,-58.069164,-23.380107,Panthera onca,670290B,9,Humid Chaco,Paraguay,-58.069164,-23.380107,1.9666666666666663,False,1,4330,track,1598.902120708224
3588.0,2014-07-12 04:00:00,-58.069243,-23.380279,Panthera onca,670290B,9,Humid Chaco,Paraguay,-58.069243,-23.380279,3.983333333333333,False,1,4330,track,1582.7181617914657
3589.0,2014-07-12 06:01:00,-58.069216,-23.380207,Panthera onca,670290B,9,Humid Chaco,Paraguay,-58.069216,-23.380207,2.0166666666666666,False,1,4330,track,1588.9347979342933
3590.0,2014-07-12 08:03:00,-58.069188,-23.380061,Panthera onca,670290B,9,Humid Chaco,Paraguay,-58.069188,-23.380061,2.033333333333333,False,1,4330,track,1599.209867165646
3591.0,2014-07-12 10:00:00,-58.069164,-23.380151,Panthera onca,670290B,9,Humid Chaco,Paraguay,-58.069164,-23.380151,1.95,False,1,4330,track,1596.5656343053324
3592.0,2014-07-12 22:03:00,-58.069574,-23.37962,Panthera onca,670290B,9,Humid Chaco,Paraguay,-58.069574,-23.37962,12.05,False,1,4330,track,1589.5124306835237
3593.0,2014-07-13 00:34:00,-58.069185,-23.380111,Panthera onca,670290B,9,Humid Chaco,Paraguay,-58.069185,-23.380111,2.5166666666666666,False,1,4330,track,1596.8073015831776
3594.0,2014-07-13 01:06:00,-58.069081,-23.380131,Panthera onca,670290B,9,Humid Chaco,Paraguay,-58.069081,-23.380131,0.5333333333333333,False,1,4330,track,1605.0758131351743
3595.0,2014-07-13 02:00:00,-58.069228,-23.380083,Panthera onca,670290B,9,Humid Chaco,Paraguay,-58.069228,-23.380083,0.9,False,1,4330,track,1594.4533986635493
3596.0,2014-07-13 04:02:00,-58.069291,-23.380045,Panthera onca,670290B,9,Humid Chaco,Paraguay,-58.069291,-23.380045,2.033333333333333,False,1,4330,track,1590.86797915563
3597.0,2014-07-13 06:03:00,-58.070227,-23.380862,Panthera onca,670290B,9,Humid Chaco,Paraguay,-58.070227,-23.380862,2.0166666666666666,False,1,4330,track,1463.5978860605785
3598.0,2014-07-13 10:03:00,-58.069571,-23.38264,Panthera onca,670290B,9,Humid Chaco,Paraguay,-58.069571,-23.38264,4.0,False,1,4330,track,1445.3566848734724
3599.0,2014-07-13 22:01:00,-58.065623,-23.371886,Panthera onca,670290B,9,Humid Chaco,Paraguay,-58.065623,-23.371886,11.966666666666669,False,1,4330,track,2435.220303969012
3600.0,2014-07-14 00:01:00,-58.065515,-23.372067,Panthera onca,670290B,9,Humid Chaco,Paraguay,-58.065515,-23.372067,2.0,False,1,4330,track,2429.4997171203527
3601.0,2014-07-14 09:07:00,-58.065373,-23.371703,Panthera onca,670290B,9,Humid Chaco,Paraguay,-58.065373,-23.371703,9.1,False,1,4330,track,2467.7008164567756
3602.0,2014-07-14 22:02:00,-58.049398,-23.364418,Panthera onca,670290B,9,Humid Chaco,Paraguay,-58.049398,-23.364418,12.916666666666666,False,1,4314,service,4114.923298338734
3603.0,2014-07-15 00:03:00,-58.053448,-23.355585,Panthera onca,670290B,9,Humid Chaco,Paraguay,-58.053448,-23.355585,2.0166666666666666,False,1,4314,service,3709.482256551839
3604.0,2014-07-15 02:03:00,-58.049362,-23.353513,Panthera onca,670290B,9,Humid Chaco,Paraguay,-58.049362,-23.353513,2.0,False,1,4314,service,3239.966150194104
3605.0,2014-07-15 06:01:00,-58.05314,-23.354922,Panthera onca,670290B,9,Humid Chaco,Paraguay,-58.05314,-23.354922,3.966666666666667,False,1,4314,service,3639.692245750989
3606.0,2014-07-15 08:02:00,-58.053095,-23.35496,Panthera onca,670290B,9,Humid Chaco,Paraguay,-58.053095,-23.35496,2.0166666666666666,False,1,4314,service,3638.5959250311466
3607.0,2014-07-15 10:02:00,-58.053583,-23.355003,Panthera onca,670290B,9,Humid Chaco,Paraguay,-58.053583,-23.355003,2.0,False,1,4314,service,3681.180131278366
3608.0,2014-07-15 22:03:00,-58.041204,-23.342173,Panthera onca,670290B,9,Humid Chaco,Paraguay,-58.041204,-23.342173,12.016666666666667,False,1,4314,service,1845.5292996368426
3609.0,2014-07-16 00:03:00,-58.042187,-23.341643,Panthera onca,670290B,9,Humid Chaco,Paraguay,-58.042187,-23.341643,2.0,False,1,4314,service,1902.2404702836725
3610.0,2014-07-16 00:34:00,-58.04192,-23.341652,Panthera onca,670290B,9,Humid Chaco,Paraguay,-58.04192,-23.341652,0.5166666666666667,False,1,4314,service,1879.2403987603243
3611.0,2014-07-16 02:01:00,-58.041298,-23.342233,Panthera onca,670290B,9,Humid Chaco,Paraguay,-58.041298,-23.342233,1.45,False,1,4314,service,1857.1821782245481
3612.0,2014-07-16 06:03:00,-58.041203,-23.342064,Panthera onca,670290B,9,Humid Chaco,Paraguay,-58.041203,-23.342064,4.033333333333333,False,1,4314,service,1839.306022675094
3613.0,2014-07-16 08:01:00,-58.04144,-23.342103,Panthera onca,670290B,9,Humid Chaco,Paraguay,-58.04144,-23.342103,1.9666666666666663,False,1,4314,service,1862.3665132407045
3614.0,2014-07-16 10:02:00,-58.041291,-23.342138,Panthera onca,670290B,9,Humid Chaco,Paraguay,-58.041291,-23.342138,2.0166666666666666,False,1,4314,service,1851.2186837490162
3615.0,2014-07-16 22:03:00,-58.040258,-23.332919,Panthera onca,670290B,9,Humid Chaco,Paraguay,-58.040258,-23.332919,12.016666666666667,False,1,4314,service,1129.8275726369534
3616.0,2014-07-17 00:03:00,-58.040249,-23.333186,Panthera onca,670290B,9,Humid Chaco,Paraguay,-58.040249,-23.333186,2.0,False,1,4314,service,1146.026137858075
3617.0,2014-07-17 04:32:00,-58.040035,-23.332778,Panthera onca,670290B,9,Humid Chaco,Paraguay,-58.040035,-23.332778,4.483333333333333,False,1,4314,service,1102.194885845767
3618.0,2014-07-17 05:07:00,-58.039776,-23.332653,Panthera onca,670290B,9,Humid Chaco,Paraguay,-58.039776,-23.332653,0.5833333333333334,False,1,4314,service,1072.5296317790446
3619.0,2014-07-17 08:03:00,-58.040392,-23.333355,Panthera onca,670290B,9,Humid Chaco,Paraguay,-58.040392,-23.333355,2.933333333333333,False,1,4314,service,1168.827291331482
3620.0,2014-07-17 10:03:00,-58.035085,-23.324337,Panthera onca,670290B,9,Humid Chaco,Paraguay,-58.035085,-23.324337,2.0,False,1,4314,service,327.06527112562253
3621.0,2014-07-17 22:03:00,-58.026611,-23.338147,Panthera onca,670290B,9,Humid Chaco,Paraguay,-58.026611,-23.338147,12.0,False,1,4314,service,395.72958820033074
3622.0,2014-07-18 00:03:00,-58.026778,-23.337836,Panthera onca,670290B,9,Humid Chaco,Paraguay,-58.026778,-23.337836,2.0,False,1,4314,service,374.10256828404556
3623.0,2014-07-18 00:35:00,-58.026471,-23.337897,Panthera onca,670290B,9,Humid Chaco,Paraguay,-58.026471,-23.337897,0.5333333333333333,False,1,4314,service,364.5683752620181
3624.0,2014-07-18 02:01:00,-58.026733,-23.337769,Panthera onca,670290B,9,Humid Chaco,Paraguay,-58.026733,-23.337769,1.4333333333333331,False,1,4314,service,365.37350148045783
3625.0,2014-07-18 06:03:00,-58.026671,-23.337754,Panthera onca,670290B,9,Humid Chaco,Paraguay,-58.026671,-23.337754,4.033333333333333,False,1,4314,service,360.6514086810641
3626.0,2014-07-18 08:00:00,-58.026724,-23.337588,Panthera onca,670290B,9,Humid Chaco,Paraguay,-58.026724,-23.337588,1.95,False,1,4314,service,347.99074543341925
3627.0,2014-07-18 08:29:00,-58.026587,-23.337644,Panthera onca,670290B,9,Humid Chaco,Paraguay,-58.026587,-23.337644,0.4833333333333333,False,1,4314,service,345.789106414222
3628.0,2014-07-18 22:03:00,-58.036585,-23.341354,Panthera onca,670290B,9,Humid Chaco,Paraguay,-58.036585,-23.341354,13.566666666666666,False,1,4314,service,1392.7791276352048
3629.0,2014-07-19 06:00:00,-58.036516,-23.341473,Panthera onca,670290B,9,Humid Chaco,Paraguay,-58.036516,-23.341473,7.95,False,1,4314,service,1393.4755362447042
3630.0,2014-07-19 08:00:00,-58.036467,-23.341407,Panthera onca,670290B,9,Humid Chaco,Paraguay,-58.036467,-23.341407,2.0,False,1,4314,service,1385.4136004851027
3631.0,2014-07-19 10:03:00,-58.035534,-23.341171,Panthera onca,670290B,9,Humid Chaco,Paraguay,-58.035534,-23.341171,2.05,False,1,4314,service,1290.4657117078805
3632.0,2014-07-19 22:01:00,-58.053839,-23.347352,Panthera onca,670290B,9,Humid Chaco,Paraguay,-58.053839,-23.347352,11.966666666666669,False,1,4261,service,2972.005436987173
3633.0,2014-07-20 02:02:00,-58.053461,-23.347295,Panthera onca,670290B,9,Humid Chaco,Paraguay,-58.053461,-23.347295,4.016666666666667,False,1,4261,service,2985.462434792613
3634.0,2014-07-20 04:03:00,-58.053819,-23.347344,Panthera onca,670290B,9,Humid Chaco,Paraguay,-58.053819,-23.347344,2.0166666666666666,False,1,4261,service,2972.2236870463817
3635.0,2014-07-20 06:01:00,-58.053747,-23.347515,Panthera onca,670290B,9,Humid Chaco,Paraguay,-58.053747,-23.347515,1.9666666666666663,False,1,4261,service,2992.349723504732
3636.0,2014-07-20 08:03:00,-58.053853,-23.347399,Panthera onca,670290B,9,Humid Chaco,Paraguay,-58.053853,-23.347399,2.033333333333333,False,1,4261,service,2975.863874053284
3637.0,2014-07-20 22:02:00,-58.060346,-23.348335,Panthera onca,670290B,9,Humid Chaco,Paraguay,-58.060346,-23.348335,13.983333333333333,False,1,4261,service,2804.1522249609575
3638.0,2014-07-21 00:00:00,-58.059749,-23.355298,Panthera onca,670290B,9,Humid Chaco,Paraguay,-58.059749,-23.355298,1.9666666666666663,False,1,4261,service,3556.3015403354575
3639.0,2014-07-21 08:55:00,-58.059859,-23.355311,Panthera onca,670290B,9,Humid Chaco,Paraguay,-58.059859,-23.355311,8.916666666666666,False,1,4261,service,3554.517035548901
3640.0,2014-07-21 10:03:00,-58.060345,-23.355007,Panthera onca,670290B,9,Humid Chaco,Paraguay,-58.060345,-23.355007,1.1333333333333333,False,1,4261,service,3508.5017821560705
3641.0,2014-07-21 22:01:00,-58.077628,-23.342785,Panthera onca,670290B,9,Humid Chaco,Paraguay,-58.077628,-23.342785,11.966666666666669,False,1,4261,service,1968.1180177390822
3642.0,2014-07-22 00:02:00,-58.081908,-23.334725,Panthera onca,670290B,9,Humid Chaco,Paraguay,-58.081908,-23.334725,2.0166666666666666,False,1,4261,service,1094.627258458331
3643.0,2014-07-22 02:02:00,-58.080739,-23.33489,Panthera onca,670290B,9,Humid Chaco,Paraguay,-58.080739,-23.33489,2.0,False,1,4261,service,1103.6600743591684
3644.0,2014-07-22 04:00:00,-58.079787,-23.334955,Panthera onca,670290B,9,Humid Chaco,Paraguay,-58.079787,-23.334955,1.9666666666666663,False,1,4261,service,1108.060524634603
3645.0,2014-07-22 06:01:00,-58.079899,-23.335267,Panthera onca,670290B,9,Humid Chaco,Paraguay,-58.079899,-23.335267,2.0166666666666666,False,1,4261,service,1142.4884362719613
3646.0,2014-07-23 00:03:00,-58.060032,-23.34263,Panthera onca,670290B,9,Humid Chaco,Paraguay,-58.060032,-23.34263,18.03333333333333,False,1,4261,service,2227.930931403675
3647.0,2014-07-23 00:27:00,-58.06002,-23.342592,Panthera onca,670290B,9,Humid Chaco,Paraguay,-58.06002,-23.342592,0.4,False,1,4261,service,2224.4703047689495
3648.0,2014-07-23 00:54:00,-58.06006,-23.342359,Panthera onca,670290B,9,Humid Chaco,Paraguay,-58.06006,-23.342359,0.45,False,1,4261,service,2198.9779090708626
3649.0,2014-07-23 04:01:00,-58.060028,-23.342629,Panthera onca,670290B,9,Humid Chaco,Paraguay,-58.060028,-23.342629,3.1166666666666667,False,1,4261,service,2227.9784768029795
3650.0,2014-07-23 06:02:00,-58.060091,-23.342598,Panthera onca,670290B,9,Humid Chaco,Paraguay,-58.060091,-23.342598,2.0166666666666666,False,1,4261,service,2222.4167075333035
3651.0,2014-07-23 08:03:00,-58.060666,-23.34365,Panthera onca,670290B,9,Humid Chaco,Paraguay,-58.060666,-23.34365,2.0166666666666666,False,1,4261,service,2308.8103338630926
3652.0,2014-07-23 10:02:00,-58.060116,-23.344228,Panthera onca,670290B,9,Humid Chaco,Paraguay,-58.060116,-23.344228,1.9833333333333332,False,1,4261,service,2389.2776654132886
3653.0,2014-07-23 22:03:00,-58.059938,-23.342735,Panthera onca,670290B,9,Humid Chaco,Paraguay,-58.059938,-23.342735,12.016666666666667,False,1,4261,service,2242.277370857325
3654.0,2014-07-24 00:29:00,-58.059962,-23.342683,Panthera onca,670290B,9,Humid Chaco,Paraguay,-58.059962,-23.342683,2.433333333333333,False,1,4261,service,2236.0209774626373
3655.0,2014-07-24 02:02:00,-58.059872,-23.342756,Panthera onca,670290B,9,Humid Chaco,Paraguay,-58.059872,-23.342756,1.55,False,1,4261,service,2246.922511073189
3656.0,2014-07-24 04:03:00,-58.060005,-23.342635,Panthera onca,670290B,9,Humid Chaco,Paraguay,-58.060005,-23.342635,2.0166666666666666,False,1,4261,service,2229.4615298669546
3657.0,2014-07-24 10:01:00,-58.059958,-23.342701,Panthera onca,670290B,9,Humid Chaco,Paraguay,-58.059958,-23.342701,5.966666666666667,False,1,4261,service,2238.024579658126
3658.0,2014-07-24 22:02:00,-58.063231,-23.35649,Panthera onca,670290B,9,Humid Chaco,Paraguay,-58.063231,-23.35649,12.016666666666667,False,1,4261,service,3602.1114926176538
3659.0,2014-07-25 02:03:00,-58.067465,-23.364286,Panthera onca,670290B,9,Humid Chaco,Paraguay,-58.067465,-23.364286,4.016666666666667,False,1,4330,track,2972.419579007999
3660.0,2014-07-25 04:03:00,-58.067396,-23.363704,Panthera onca,670290B,9,Humid Chaco,Paraguay,-58.067396,-23.363704,2.0,False,1,4330,track,3030.9307563989128
3661.0,2014-07-25 08:03:00,-58.070384,-23.36347,Panthera onca,670290B,9,Humid Chaco,Paraguay,-58.070384,-23.36347,4.0,False,1,4330,track,2906.4796559962256
3662.0,2014-07-25 10:00:00,-58.070354,-23.363448,Panthera onca,670290B,9,Humid Chaco,Paraguay,-58.070354,-23.363448,1.95,False,1,4330,track,2910.015848807661
3663.0,2014-07-25 22:02:00,-58.042839,-23.366664,Panthera onca,670290B,9,Humid Chaco,Paraguay,-58.042839,-23.366664,12.033333333333331,False,1,3179,unclassified,3730.1105425220517
3664.0,2014-07-26 00:02:00,-58.037102,-23.369985,Panthera onca,670290B,9,Humid Chaco,Paraguay,-58.037102,-23.369985,2.0,False,1,3179,unclassified,3142.901692174443
3665.0,2014-07-26 02:03:00,-58.032178,-23.368765,Panthera onca,670290B,9,Humid Chaco,Paraguay,-58.032178,-23.368765,2.0166666666666666,False,1,3179,unclassified,2639.8864039689083
3666.0,2014-07-26 06:02:00,-58.032276,-23.368766,Panthera onca,670290B,9,Humid Chaco,Paraguay,-58.032276,-23.368766,3.983333333333333,False,1,3179,unclassified,2649.903224532328
3667.0,2014-07-26 08:03:00,-58.032016,-23.368992,Panthera onca,670290B,9,Humid Chaco,Paraguay,-58.032016,-23.368992,2.0166666666666666,False,1,3179,unclassified,2623.274353675634
3668.0,2014-07-26 22:02:00,-58.032085,-23.369089,Panthera onca,670290B,9,Humid Chaco,Paraguay,-58.032085,-23.369089,13.983333333333333,False,1,3179,unclassified,2630.3044080680347
3669.0,2014-07-27 00:03:00,-58.032314,-23.36873,Panthera onca,670290B,9,Humid Chaco,Paraguay,-58.032314,-23.36873,2.0166666666666666,False,1,3179,unclassified,2653.7958411098207
3670.0,2014-07-27 04:00:00,-58.032139,-23.368846,Panthera onca,670290B,9,Humid Chaco,Paraguay,-58.032139,-23.368846,3.95,False,1,3179,unclassified,2635.881018075552
3671.0,2014-07-27 06:00:00,-58.032119,-23.368878,Panthera onca,670290B,9,Humid Chaco,Paraguay,-58.032119,-23.368878,2.0,False,1,3179,unclassified,2633.8292139359473
3672.0,2014-07-27 08:02:00,-58.032242,-23.369083,Panthera onca,670290B,9,Humid Chaco,Paraguay,-58.032242,-23.369083,2.033333333333333,False,1,3179,unclassified,2646.353508725877
3673.0,2014-07-27 10:03:00,-58.030873,-23.369371,Panthera onca,670290B,9,Humid Chaco,Paraguay,-58.030873,-23.369371,2.0166666666666666,False,1,3179,unclassified,2506.354432147894
3674.0,2014-07-27 22:00:00,-58.046436,-23.375611,Panthera onca,670290B,9,Humid Chaco,Paraguay,-58.046436,-23.375611,11.95,False,1,4325,track,3378.082667796401
3675.0,2014-07-28 00:02:00,-58.046553,-23.375618,Panthera onca,670290B,9,Humid Chaco,Paraguay,-58.046553,-23.375618,2.033333333333333,False,1,4325,track,3383.347466364565
3676.0,2014-07-28 02:00:00,-58.046408,-23.375629,Panthera onca,670290B,9,Humid Chaco,Paraguay,-58.046408,-23.375629,1.9666666666666663,False,1,4325,track,3374.9344690381918
3677.0,2014-07-28 06:02:00,-58.046466,-23.375677,Panthera onca,670290B,9,Humid Chaco,Paraguay,-58.046466,-23.375677,4.033333333333333,False,1,4325,track,3373.2577675311163
3678.0,2014-07-28 08:57:00,-58.044265,-23.381435,Panthera onca,670290B,9,Humid Chaco,Paraguay,-58.044265,-23.381435,2.9166666666666665,False,1,4325,track,2710.923169999573
3679.0,2014-07-28 10:02:00,-58.046617,-23.375983,Panthera onca,670290B,9,Humid Chaco,Paraguay,-58.046617,-23.375983,1.0833333333333333,False,1,4325,track,3351.6558407426583
3680.0,2014-07-28 22:00:00,-58.048765,-23.376566,Panthera onca,670290B,9,Humid Chaco,Paraguay,-58.048765,-23.376566,11.966666666666669,False,1,4325,track,3413.9284275015307
3681.0,2014-07-29 00:00:00,-58.048171,-23.376519,Panthera onca,670290B,9,Humid Chaco,Paraguay,-58.048171,-23.376519,2.0,False,1,4325,track,3384.6821992800005
3682.0,2014-07-29 02:00:00,-58.048124,-23.376612,Panthera onca,670290B,9,Humid Chaco,Paraguay,-58.048124,-23.376612,2.0,False,1,4325,track,3373.4340255042816
3683.0,2014-07-29 06:02:00,-58.048168,-23.376581,Panthera onca,670290B,9,Humid Chaco,Paraguay,-58.048168,-23.376581,4.033333333333333,False,1,4325,track,3378.767727598884
3684.0,2014-07-29 08:00:00,-58.048106,-23.376547,Panthera onca,670290B,9,Humid Chaco,Paraguay,-58.048106,-23.376547,1.9666666666666663,False,1,4325,track,3378.457196413646
3685.0,2014-07-29 10:03:00,-58.048536,-23.376569,Panthera onca,670290B,9,Humid Chaco,Paraguay,-58.048536,-23.376569,2.05,False,1,4325,track,3400.608419091566
3686.0,2014-07-29 22:00:00,-58.08117,-23.359191,Panthera onca,670290B,9,Humid Chaco,Paraguay,-58.08117,-23.359191,11.95,False,1,4317,track,3023.9715094946732
3687.0,2014-07-30 00:00:00,-58.079983,-23.359443,Panthera onca,670290B,9,Humid Chaco,Paraguay,-58.079983,-23.359443,2.0,False,1,4330,track,3070.9208157180433
3688.0,2014-07-30 06:01:00,-58.079998,-23.359337,Panthera onca,670290B,9,Humid Chaco,Paraguay,-58.079998,-23.359337,6.016666666666667,False,1,4330,track,3082.455771173962
3689.0,2014-07-30 08:01:00,-58.080007,-23.359355,Panthera onca,670290B,9,Humid Chaco,Paraguay,-58.080007,-23.359355,2.0,False,1,4330,track,3080.3840372737545
3690.0,2014-07-30 10:00:00,-58.08009,-23.359354,Panthera onca,670290B,9,Humid Chaco,Paraguay,-58.08009,-23.359354,1.9833333333333332,False,1,4330,track,3079.696627151278
3691.0,2014-07-30 22:01:00,-58.075559,-23.357451,Panthera onca,670290B,9,Humid Chaco,Paraguay,-58.075559,-23.357451,12.016666666666667,False,1,4330,track,3361.538549332353
3692.0,2014-07-31 00:01:00,-58.072887,-23.360722,Panthera onca,670290B,9,Humid Chaco,Paraguay,-58.072887,-23.360722,2.0,False,1,4330,track,3088.8100530336196
3693.0,2014-07-31 02:00:00,-58.073192,-23.361403,Panthera onca,670290B,9,Humid Chaco,Paraguay,-58.073192,-23.361403,1.9833333333333332,False,1,4330,track,3007.344109346901
3694.0,2014-07-31 04:03:00,-58.073278,-23.36117,Panthera onca,670290B,9,Humid Chaco,Paraguay,-58.073278,-23.36117,2.05,False,1,4330,track,3028.8549985005725
3695.0,2014-07-31 06:01:00,-58.072426,-23.360621,Panthera onca,670290B,9,Humid Chaco,Paraguay,-58.072426,-23.360621,1.9666666666666663,False,1,4330,track,3115.214733859121
3696.0,2014-07-31 08:01:00,-58.072649,-23.359534,Panthera onca,670290B,9,Humid Chaco,Paraguay,-58.072649,-23.359534,2.0,False,1,4330,track,3221.0571100761376
3697.0,2014-07-31 10:01:00,-58.072802,-23.360715,Panthera onca,670290B,9,Humid Chaco,Paraguay,-58.072802,-23.360715,2.0,False,1,4330,track,3092.4251440680277
3698.0,2014-07-31 22:01:00,-58.063345,-23.359273,Panthera onca,670290B,9,Humid Chaco,Paraguay,-58.063345,-23.359273,12.0,False,1,4330,track,3666.8512272561557
3699.0,2014-08-01 00:02:00,-58.066816,-23.362666,Panthera onca,670290B,9,Humid Chaco,Paraguay,-58.066816,-23.362666,2.0166666666666666,False,1,4330,track,3159.918939630121
3700.0,2014-08-01 02:01:00,-58.072891,-23.360618,Panthera onca,670290B,9,Humid Chaco,Paraguay,-58.072891,-23.360618,1.9833333333333332,False,1,4330,track,3099.5447820394597
3701.0,2014-08-01 04:01:00,-58.073194,-23.359413,Panthera onca,670290B,9,Humid Chaco,Paraguay,-58.073194,-23.359413,2.0,False,1,4330,track,3216.146071703821
3702.0,2014-08-01 06:00:00,-58.073207,-23.359401,Panthera onca,670290B,9,Humid Chaco,Paraguay,-58.073207,-23.359401,1.9833333333333332,False,1,4330,track,3217.0015253610945
3703.0,2014-08-01 08:03:00,-58.07284,-23.360233,Panthera onca,670290B,9,Humid Chaco,Paraguay,-58.07284,-23.360233,2.05,False,1,4330,track,3141.5236904252747
3704.0,2014-08-01 10:01:00,-58.072761,-23.360959,Panthera onca,670290B,9,Humid Chaco,Paraguay,-58.072761,-23.360959,1.9666666666666663,False,1,4330,track,3068.3757562261353
3705.0,2014-08-01 22:02:00,-58.058081,-23.364161,Panthera onca,670290B,9,Humid Chaco,Paraguay,-58.058081,-23.364161,12.016666666666667,False,1,4330,track,3584.40470742169
3706.0,2014-08-02 00:02:00,-58.055699,-23.371637,Panthera onca,670290B,9,Humid Chaco,Paraguay,-58.055699,-23.371637,2.0,False,1,4330,track,3260.5086081827862
3707.0,2014-08-02 02:03:00,-58.050303,-23.371615,Panthera onca,670290B,9,Humid Chaco,Paraguay,-58.050303,-23.371615,2.0166666666666666,False,1,4330,track,3742.716778221606
3708.0,2014-08-02 08:02:00,-58.050274,-23.371637,Panthera onca,670290B,9,Humid Chaco,Paraguay,-58.050274,-23.371637,5.983333333333333,False,1,4330,track,3744.2430148961344
3709.0,2014-08-02 10:03:00,-58.050533,-23.371591,Panthera onca,670290B,9,Humid Chaco,Paraguay,-58.050533,-23.371591,2.0166666666666666,False,1,4330,track,3723.039110347909
3710.0,2014-08-02 22:01:00,-58.050277,-23.371714,Panthera onca,670290B,9,Humid Chaco,Paraguay,-58.050277,-23.371714,11.966666666666669,False,1,4330,track,3740.0911168726257
3711.0,2014-08-03 00:03:00,-58.051201,-23.370367,Panthera onca,670290B,9,Humid Chaco,Paraguay,-58.051201,-23.370367,2.033333333333333,False,1,4330,track,3727.8113085662853
3712.0,2014-08-03 02:00:00,-58.050482,-23.371631,Panthera onca,670290B,9,Humid Chaco,Paraguay,-58.050482,-23.371631,1.95,False,1,4330,track,3725.637143356908
3713.0,2014-08-03 04:01:00,-58.051533,-23.372468,Panthera onca,670290B,9,Humid Chaco,Paraguay,-58.051533,-23.372468,2.0166666666666666,False,1,4330,track,3587.8378799998763
3714.0,2014-08-03 06:03:00,-58.050589,-23.371605,Panthera onca,670290B,9,Humid Chaco,Paraguay,-58.050589,-23.371605,2.033333333333333,False,1,4330,track,3717.243618381831
3715.0,2014-08-03 08:28:00,-58.050592,-23.371647,Panthera onca,670290B,9,Humid Chaco,Paraguay,-58.050592,-23.371647,2.4166666666666665,False,1,4330,track,3714.8338367971232
3716.0,2014-08-03 10:02:00,-58.050682,-23.371756,Panthera onca,670290B,9,Humid Chaco,Paraguay,-58.050682,-23.371756,1.5666666666666669,False,1,4330,track,3701.125972671183
3717.0,2014-08-03 22:02:00,-58.058801,-23.37215,Panthera onca,670290B,9,Humid Chaco,Paraguay,-58.058801,-23.37215,12.0,False,1,4330,track,2962.951072361206
3718.0,2014-08-04 00:00:00,-58.061422,-23.375112,Panthera onca,670290B,9,Humid Chaco,Paraguay,-58.061422,-23.375112,1.9666666666666663,False,1,4330,track,2560.780710091355
3719.0,2014-08-04 02:01:00,-58.061592,-23.374974,Panthera onca,670290B,9,Humid Chaco,Paraguay,-58.061592,-23.374974,2.0166666666666666,False,1,4330,track,2553.881186574759
3720.0,2014-08-04 06:00:00,-58.061432,-23.375046,Panthera onca,670290B,9,Humid Chaco,Paraguay,-58.061432,-23.375046,3.983333333333333,False,1,4330,track,2563.68642091049
3721.0,2014-08-04 08:02:00,-58.061487,-23.375044,Panthera onca,670290B,9,Humid Chaco,Paraguay,-58.061487,-23.375044,2.033333333333333,False,1,4330,track,2558.9960620400643
3722.0,2014-08-04 10:00:00,-58.061512,-23.37509,Panthera onca,670290B,9,Humid Chaco,Paraguay,-58.061512,-23.37509,1.9666666666666663,False,1,4330,track,2554.1685567634954
3723.0,2014-08-04 22:00:00,-58.070476,-23.370593,Panthera onca,670290B,9,Humid Chaco,Paraguay,-58.070476,-23.370593,12.0,False,1,4330,track,2219.824932452293
3724.0,2014-08-05 00:01:00,-58.073055,-23.362835,Panthera onca,670290B,9,Humid Chaco,Paraguay,-58.073055,-23.362835,2.0166666666666666,False,1,4330,track,2862.993740028379
3725.0,2014-08-05 02:03:00,-58.073438,-23.362949,Panthera onca,670290B,9,Humid Chaco,Paraguay,-58.073438,-23.362949,2.033333333333333,False,1,4330,track,2837.623011323579
3726.0,2014-08-05 04:03:00,-58.072991,-23.362521,Panthera onca,670290B,9,Humid Chaco,Paraguay,-58.072991,-23.362521,2.0,False,1,4330,track,2897.852219628098
3727.0,2014-08-05 08:00:00,-58.073273,-23.362668,Panthera onca,670290B,9,Humid Chaco,Paraguay,-58.073273,-23.362668,3.95,False,1,4330,track,2872.6223442309997
3728.0,2014-08-05 10:01:00,-58.073205,-23.362554,Panthera onca,670290B,9,Humid Chaco,Paraguay,-58.073205,-23.362554,2.0166666666666666,False,1,4330,track,2886.861216858328
3729.0,2014-08-05 22:03:00,-58.101047,-23.375704,Panthera onca,670290B,9,Humid Chaco,Paraguay,-58.101047,-23.375704,12.033333333333331,False,1,4317,track,1794.0219770827566
3730.0,2014-08-06 00:01:00,-58.103493,-23.380896,Panthera onca,670290B,9,Humid Chaco,Paraguay,-58.103493,-23.380896,1.9666666666666663,False,1,4341,track,2016.2853432174609
3731.0,2014-08-06 04:02:00,-58.104163,-23.38092,Panthera onca,670290B,9,Humid Chaco,Paraguay,-58.104163,-23.38092,4.016666666666667,False,1,4341,track,1947.794162608207
3732.0,2014-08-06 06:00:00,-58.104199,-23.380698,Panthera onca,670290B,9,Humid Chaco,Paraguay,-58.104199,-23.380698,1.9666666666666663,False,1,4341,track,1944.232631071785
3733.0,2014-08-06 08:02:00,-58.10407,-23.381217,Panthera onca,670290B,9,Humid Chaco,Paraguay,-58.10407,-23.381217,2.033333333333333,False,1,4341,track,1957.1416107156224
3734.0,2014-08-06 10:03:00,-58.104108,-23.380275,Panthera onca,670290B,9,Humid Chaco,Paraguay,-58.104108,-23.380275,2.0166666666666666,False,1,4341,track,1953.758141720392
3735.0,2014-08-06 22:02:00,-58.1051,-23.362355,Panthera onca,670290B,9,Humid Chaco,Paraguay,-58.1051,-23.362355,11.983333333333333,False,1,4317,track,561.2469785212679
3736.0,2014-08-07 00:02:00,-58.105182,-23.36224,Panthera onca,670290B,9,Humid Chaco,Paraguay,-58.105182,-23.36224,2.0,False,1,4317,track,552.3761144433593
3737.0,2014-08-07 02:03:00,-58.104845,-23.36071,Panthera onca,670290B,9,Humid Chaco,Paraguay,-58.104845,-23.36071,2.0166666666666666,False,1,4317,track,606.5169689280735
3738.0,2014-08-07 04:00:00,-58.10495,-23.360443,Panthera onca,670290B,9,Humid Chaco,Paraguay,-58.10495,-23.360443,1.95,False,1,4317,track,604.4590337062943
3739.0,2014-08-07 06:01:00,-58.104843,-23.360565,Panthera onca,670290B,9,Humid Chaco,Paraguay,-58.104843,-23.360565,2.0166666666666666,False,1,4317,track,610.9899243807745
3740.0,2014-08-07 10:00:00,-58.104966,-23.360434,Panthera onca,670290B,9,Humid Chaco,Paraguay,-58.104966,-23.360434,3.983333333333333,False,1,4317,track,603.2053122942344
3741.0,2014-08-07 22:02:00,-58.104156,-23.359959,Panthera onca,670290B,9,Humid Chaco,Paraguay,-58.104156,-23.359959,12.033333333333331,False,1,4317,track,698.5692205441488
3742.0,2014-08-08 00:02:00,-58.104115,-23.359923,Panthera onca,670290B,9,Humid Chaco,Paraguay,-58.104115,-23.359923,2.0,False,1,4317,track,703.8688948118246
3743.0,2014-08-08 02:01:00,-58.104066,-23.359858,Panthera onca,670290B,9,Humid Chaco,Paraguay,-58.104066,-23.359858,1.9833333333333332,False,1,4317,track,711.0590604693582
3744.0,2014-08-08 04:01:00,-58.103942,-23.35977,Panthera onca,670290B,9,Humid Chaco,Paraguay,-58.103942,-23.35977,2.0,False,1,4317,track,726.3555258700964
3745.0,2014-08-08 08:00:00,-58.104113,-23.359862,Panthera onca,670290B,9,Humid Chaco,Paraguay,-58.104113,-23.359862,3.983333333333333,False,1,4317,track,706.4037299515618
3746.0,2014-08-08 22:03:00,-58.104009,-23.359749,Panthera onca,670290B,9,Humid Chaco,Paraguay,-58.104009,-23.359749,14.05,False,1,4317,track,720.7950245847941
3747.0,2014-08-09 00:34:00,-58.103866,-23.35981,Panthera onca,670290B,9,Humid Chaco,Paraguay,-58.103866,-23.35981,2.5166666666666666,False,1,4317,track,732.0754334716628
3748.0,2014-08-09 02:00:00,-58.102957,-23.358867,Panthera onca,670290B,9,Humid Chaco,Paraguay,-58.102957,-23.358867,1.4333333333333331,False,1,4317,track,857.949910946799
3749.0,2014-08-09 04:02:00,-58.102988,-23.358852,Panthera onca,670290B,9,Humid Chaco,Paraguay,-58.102988,-23.358852,2.033333333333333,False,1,4317,track,855.7683577795669
3750.0,2014-08-09 06:02:00,-58.103837,-23.359771,Panthera onca,670290B,9,Humid Chaco,Paraguay,-58.103837,-23.359771,2.0,False,1,4317,track,736.3591430418322
3751.0,2014-08-09 08:00:00,-58.103933,-23.359634,Panthera onca,670290B,9,Humid Chaco,Paraguay,-58.103933,-23.359634,1.9666666666666663,False,1,4317,track,732.6969736977004
3752.0,2014-08-09 10:02:00,-58.103977,-23.359703,Panthera onca,670290B,9,Humid Chaco,Paraguay,-58.103977,-23.359703,2.033333333333333,False,1,4317,track,725.6946413353298
3753.0,2014-08-09 22:02:00,-58.095608,-23.355814,Panthera onca,670290B,9,Humid Chaco,Paraguay,-58.095608,-23.355814,12.0,False,1,4317,track,1681.741484506279
3754.0,2014-08-10 00:01:00,-58.08826,-23.353627,Panthera onca,670290B,9,Humid Chaco,Paraguay,-58.08826,-23.353627,1.9833333333333332,False,1,4317,track,2467.421417055094
3755.0,2014-08-10 02:01:00,-58.088286,-23.353737,Panthera onca,670290B,9,Humid Chaco,Paraguay,-58.088286,-23.353737,2.0,False,1,4317,track,2460.352044316824
3756.0,2014-08-10 04:02:00,-58.088317,-23.353747,Panthera onca,670290B,9,Humid Chaco,Paraguay,-58.088317,-23.353747,2.0166666666666666,False,1,4317,track,2456.9993020983866
3757.0,2014-08-10 06:03:00,-58.084738,-23.353338,Panthera onca,670290B,9,Humid Chaco,Paraguay,-58.084738,-23.353338,2.0166666666666666,False,1,4317,track,2814.6253890342055
3758.0,2014-08-10 10:00:00,-58.083829,-23.352477,Panthera onca,670290B,9,Humid Chaco,Paraguay,-58.083829,-23.352477,3.95,False,1,4317,track,2935.287123447928
3759.0,2014-08-10 22:03:00,-58.06543,-23.376745,Panthera onca,670290B,9,Humid Chaco,Paraguay,-58.06543,-23.376745,12.05,False,1,4330,track,2117.3430299469987
3760.0,2014-08-11 00:00:00,-58.061582,-23.374069,Panthera onca,670290B,9,Humid Chaco,Paraguay,-58.061582,-23.374069,1.95,False,1,4330,track,2608.5950246299153
3761.0,2014-08-11 02:03:00,-58.061892,-23.374102,Panthera onca,670290B,9,Humid Chaco,Paraguay,-58.061892,-23.374102,2.05,False,1,4330,track,2580.180186785646
3762.0,2014-08-11 04:02:00,-58.061517,-23.374021,Panthera onca,670290B,9,Humid Chaco,Paraguay,-58.061517,-23.374021,1.9833333333333332,False,1,4330,track,2617.0677526901486
3763.0,2014-08-11 06:03:00,-58.061304,-23.373931,Panthera onca,670290B,9,Humid Chaco,Paraguay,-58.061304,-23.373931,2.0166666666666666,False,1,4330,track,2640.72800612946
3764.0,2014-08-11 08:03:00,-58.057655,-23.372629,Panthera onca,670290B,9,Humid Chaco,Paraguay,-58.057655,-23.372629,2.0,False,1,4330,track,3032.6847846283094
3765.0,2014-08-11 10:03:00,-58.057163,-23.370474,Panthera onca,670290B,9,Humid Chaco,Paraguay,-58.057163,-23.370474,2.0,False,1,4330,track,3205.928757361955
3766.0,2014-08-11 22:01:00,-58.048526,-23.338639,Panthera onca,670290B,9,Humid Chaco,Paraguay,-58.048526,-23.338639,11.966666666666669,False,1,4314,service,2185.569760159799
3767.0,2014-08-12 00:00:00,-58.046707,-23.339037,Panthera onca,670290B,9,Humid Chaco,Paraguay,-58.046707,-23.339037,1.9833333333333332,False,1,4314,service,2064.9331261948873
3768.0,2014-08-12 08:00:00,-58.046721,-23.339009,Panthera onca,670290B,9,Humid Chaco,Paraguay,-58.046721,-23.339009,8.0,False,1,4314,service,2064.064901074714
3769.0,2014-08-12 10:01:00,-58.047017,-23.3377,Panthera onca,670290B,9,Humid Chaco,Paraguay,-58.047017,-23.3377,2.0166666666666666,False,1,4314,service,1999.6075150792626
3770.0,2014-08-12 22:01:00,-58.035884,-23.328833,Panthera onca,670290B,9,Humid Chaco,Paraguay,-58.035884,-23.328833,12.0,False,1,4314,service,519.5830345074828
3771.0,2014-08-13 00:54:00,-58.032403,-23.330302,Panthera onca,670290B,9,Humid Chaco,Paraguay,-58.032403,-23.330302,2.8833333333333333,False,1,4314,service,340.9737158437687
3772.0,2014-08-13 04:00:00,-58.028994,-23.332555,Panthera onca,670290B,9,Humid Chaco,Paraguay,-58.028994,-23.332555,3.1,False,1,4314,service,229.15814226768086
3773.0,2014-08-13 10:01:00,-58.029043,-23.33251,Panthera onca,670290B,9,Humid Chaco,Paraguay,-58.029043,-23.33251,6.016666666666667,False,1,4314,service,230.93888067996306
3774.0,2014-08-13 22:02:00,-58.063436,-23.355294,Panthera onca,670290B,9,Humid Chaco,Paraguay,-58.063436,-23.355294,12.016666666666667,False,1,4261,service,3468.0836265575167
3775.0,2014-08-14 00:03:00,-58.062418,-23.355688,Panthera onca,670290B,9,Humid Chaco,Paraguay,-58.062418,-23.355688,2.0166666666666666,False,1,4261,service,3531.1364650332716
3776.0,2014-08-14 02:01:00,-58.063204,-23.359463,Panthera onca,670290B,9,Humid Chaco,Paraguay,-58.063204,-23.359463,1.9666666666666663,False,1,4330,track,3657.1308388966886
3777.0,2014-08-14 04:03:00,-58.076225,-23.371015,Panthera onca,670290B,9,Humid Chaco,Paraguay,-58.076225,-23.371015,2.033333333333333,False,1,4330,track,1901.2337945130575
3778.0,2014-08-14 06:02:00,-58.077121,-23.372365,Panthera onca,670290B,9,Humid Chaco,Paraguay,-58.077121,-23.372365,1.9833333333333332,False,1,4330,track,1729.1817586313202
3779.0,2014-08-14 10:02:00,-58.076508,-23.372454,Panthera onca,670290B,9,Humid Chaco,Paraguay,-58.076508,-23.372454,4.0,False,1,4330,track,1742.3630912743208
3780.0,2014-08-14 22:01:00,-58.097667,-23.381946,Panthera onca,670290B,9,Humid Chaco,Paraguay,-58.097667,-23.381946,11.983333333333333,False,1,4330,track,1613.2966189940032
3781.0,2014-08-15 00:03:00,-58.097984,-23.380001,Panthera onca,670290B,9,Humid Chaco,Paraguay,-58.097984,-23.380001,2.033333333333333,False,1,4330,track,1729.5857249802002
3782.0,2014-08-15 06:03:00,-58.098001,-23.380297,Panthera onca,670290B,9,Humid Chaco,Paraguay,-58.098001,-23.380297,6.0,False,1,4330,track,1716.6101501455
3783.0,2014-08-15 08:01:00,-58.100136,-23.375484,Panthera onca,670290B,9,Humid Chaco,Paraguay,-58.100136,-23.375484,1.9666666666666663,False,1,4317,track,1826.4595107058847
3784.0,2014-08-15 10:00:00,-58.100167,-23.375647,Panthera onca,670290B,9,Humid Chaco,Paraguay,-58.100167,-23.375647,1.9833333333333332,False,1,4317,track,1839.2945034426727
3785.0,2014-08-15 22:00:00,-58.063443,-23.362062,Panthera onca,670290B,9,Humid Chaco,Paraguay,-58.063443,-23.362062,12.0,False,1,4330,track,3406.1395621098886
3786.0,2014-08-16 00:02:00,-58.062723,-23.360825,Panthera onca,670290B,9,Humid Chaco,Paraguay,-58.062723,-23.360825,2.033333333333333,False,1,4330,track,3560.3760110990606
3787.0,2014-08-16 04:01:00,-58.062528,-23.360787,Panthera onca,670290B,9,Humid Chaco,Paraguay,-58.062528,-23.360787,3.983333333333333,False,1,4330,track,3575.368811202599
3788.0,2014-08-16 06:00:00,-58.062789,-23.360697,Panthera onca,670290B,9,Humid Chaco,Paraguay,-58.062789,-23.360697,1.9833333333333332,False,1,4330,track,3568.0567017374296
3789.0,2014-08-16 08:02:00,-58.062707,-23.361006,Panthera onca,670290B,9,Humid Chaco,Paraguay,-58.062707,-23.361006,2.033333333333333,False,1,4330,track,3545.0016895146564
3790.0,2014-08-16 10:01:00,-58.058728,-23.365177,Panthera onca,670290B,9,Humid Chaco,Paraguay,-58.058728,-23.365177,1.9833333333333332,False,1,4330,track,3458.2527724833985
3791.0,2014-08-16 22:03:00,-58.039716,-23.36534,Panthera onca,670290B,9,Humid Chaco,Paraguay,-58.039716,-23.36534,12.033333333333331,False,1,3179,unclassified,3411.206055936435
3792.0,2014-08-17 00:01:00,-58.034608,-23.35235,Panthera onca,670290B,9,Humid Chaco,Paraguay,-58.034608,-23.35235,1.9666666666666663,False,1,4314,service,2168.0985546365955
3793.0,2014-08-17 02:00:00,-58.034459,-23.351796,Panthera onca,670290B,9,Humid Chaco,Paraguay,-58.034459,-23.351796,1.9833333333333332,False,1,4314,service,2106.6812155659773
3794.0,2014-08-17 04:00:00,-58.034475,-23.351807,Panthera onca,670290B,9,Humid Chaco,Paraguay,-58.034475,-23.351807,2.0,False,1,4314,service,2108.5215113899008
3795.0,2014-08-17 06:03:00,-58.033968,-23.351288,Panthera onca,670290B,9,Humid Chaco,Paraguay,-58.033968,-23.351288,2.05,False,1,4314,service,2033.6003856364912
3796.0,2014-08-17 08:02:00,-58.034374,-23.351739,Panthera onca,670290B,9,Humid Chaco,Paraguay,-58.034374,-23.351739,1.9833333333333332,False,1,4314,service,2097.0517808816553
3797.0,2014-08-17 10:00:00,-58.034605,-23.351882,Panthera onca,670290B,9,Humid Chaco,Paraguay,-58.034605,-23.351882,1.9666666666666663,False,1,4314,service,2122.082372207791
3798.0,2014-08-17 22:02:00,-58.035277,-23.349369,Panthera onca,670290B,9,Humid Chaco,Paraguay,-58.035277,-23.349369,12.033333333333331,False,1,4314,service,1918.3407086343361
3799.0,2014-08-18 00:03:00,-58.03527,-23.349492,Panthera onca,670290B,9,Humid Chaco,Paraguay,-58.03527,-23.349492,2.0166666666666666,False,1,4314,service,1929.2827193493358
3800.0,2014-08-18 02:03:00,-58.036122,-23.348624,Panthera onca,670290B,9,Humid Chaco,Paraguay,-58.036122,-23.348624,2.0,False,1,4314,service,1901.4083619675037
3801.0,2014-08-18 08:02:00,-58.03506,-23.349631,Panthera onca,670290B,9,Humid Chaco,Paraguay,-58.03506,-23.349631,5.983333333333333,False,1,4314,service,1930.4406005113826
3802.0,2014-08-18 10:00:00,-58.035004,-23.349703,Panthera onca,670290B,9,Humid Chaco,Paraguay,-58.035004,-23.349703,1.9666666666666663,False,1,4314,service,1934.0726610369843
3803.0,2014-08-18 22:02:00,-58.02416,-23.339003,Panthera onca,670290B,9,Humid Chaco,Paraguay,-58.02416,-23.339003,12.033333333333331,False,1,4314,service,422.40500574402245
3804.0,2014-08-19 02:01:00,-58.032024,-23.331581,Panthera onca,670290B,9,Humid Chaco,Paraguay,-58.032024,-23.331581,3.983333333333333,False,1,4314,service,416.50474634026034
3805.0,2014-08-19 04:29:00,-58.032595,-23.331368,Panthera onca,670290B,9,Humid Chaco,Paraguay,-58.032595,-23.331368,2.466666666666667,False,1,4314,service,439.8249357743946
3806.0,2014-08-19 08:02:00,-58.031592,-23.3294,Panthera onca,670290B,9,Humid Chaco,Paraguay,-58.031592,-23.3294,3.55,False,1,4314,service,211.4887961215436
3807.0,2014-08-19 10:01:00,-58.03829,-23.330355,Panthera onca,670290B,9,Humid Chaco,Paraguay,-58.03829,-23.330355,1.9833333333333332,False,1,4314,service,812.509514131454
3808.0,2014-08-19 22:02:00,-58.041858,-23.321019,Panthera onca,670290B,9,Humid Chaco,Paraguay,-58.041858,-23.321019,12.016666666666667,False,1,4314,service,555.61653548887
3809.0,2014-08-20 00:02:00,-58.032241,-23.309156,Panthera onca,670290B,9,Humid Chaco,Paraguay,-58.032241,-23.309156,2.0,False,1,4314,service,846.2539485444565
3810.0,2014-08-20 02:02:00,-58.032305,-23.309433,Panthera onca,670290B,9,Humid Chaco,Paraguay,-58.032305,-23.309433,2.0,False,1,4314,service,814.894510272149
3811.0,2014-08-20 04:01:00,-58.03245,-23.309356,Panthera onca,670290B,9,Humid Chaco,Paraguay,-58.03245,-23.309356,1.9833333333333332,False,1,4314,service,820.2228916469534
3812.0,2014-08-20 08:02:00,-58.032473,-23.30917,Panthera onca,670290B,9,Humid Chaco,Paraguay,-58.032473,-23.30917,4.016666666666667,False,1,4314,service,839.9937647975486
3813.0,2014-08-20 10:03:00,-58.031498,-23.309297,Panthera onca,670290B,9,Humid Chaco,Paraguay,-58.031498,-23.309297,2.0166666666666666,False,1,4314,service,850.7379873745585
3814.0,2014-08-20 22:02:00,-58.023949,-23.309858,Panthera onca,670290B,9,Humid Chaco,Paraguay,-58.023949,-23.309858,11.983333333333333,False,1,4340,track,887.3048583396364
3815.0,2014-08-21 02:02:00,-58.026636,-23.311086,Panthera onca,670290B,9,Humid Chaco,Paraguay,-58.026636,-23.311086,4.0,False,1,4338,track,948.4596455793389
3816.0,2014-08-21 04:02:00,-58.026978,-23.312358,Panthera onca,670290B,9,Humid Chaco,Paraguay,-58.026978,-23.312358,2.0,False,1,4338,track,807.4348760079686
3817.0,2014-08-21 06:01:00,-58.026671,-23.311038,Panthera onca,670290B,9,Humid Chaco,Paraguay,-58.026671,-23.311038,1.9833333333333332,False,1,4338,track,953.7544287661889
3818.0,2014-08-21 08:01:00,-58.026519,-23.31107,Panthera onca,670290B,9,Humid Chaco,Paraguay,-58.026519,-23.31107,2.0,False,1,4338,track,950.2968267233284
3819.0,2014-08-21 10:03:00,-58.025287,-23.308305,Panthera onca,670290B,9,Humid Chaco,Paraguay,-58.025287,-23.308305,2.033333333333333,False,1,4340,track,1088.554311596836
3820.0,2014-08-21 22:02:00,-58.015198,-23.30863,Panthera onca,670290B,9,Humid Chaco,Paraguay,-58.015198,-23.30863,11.983333333333333,False,1,4340,track,520.5725357046716
3821.0,2014-08-22 00:02:00,-58.018692,-23.322875,Panthera onca,670290B,9,Humid Chaco,Paraguay,-58.018692,-23.322875,2.0,False,1,4339,track,260.00820714639457
3822.0,2014-08-22 02:02:00,-58.019415,-23.328405,Panthera onca,670290B,9,Humid Chaco,Paraguay,-58.019415,-23.328405,2.0,False,1,4339,track,322.18767587252387
3823.0,2014-08-22 04:03:00,-58.020017,-23.328227,Panthera onca,670290B,9,Humid Chaco,Paraguay,-58.020017,-23.328227,2.0166666666666666,False,1,4339,track,333.79300368202524
3824.0,2014-08-22 08:02:00,-58.019424,-23.328391,Panthera onca,670290B,9,Humid Chaco,Paraguay,-58.019424,-23.328391,3.983333333333333,False,1,4339,track,323.6061261749277
3825.0,2014-08-22 10:03:00,-58.019841,-23.328604,Panthera onca,670290B,9,Humid Chaco,Paraguay,-58.019841,-23.328604,2.0166666666666666,False,1,4339,track,294.7212537640005
3826.0,2014-08-22 22:01:00,-58.019561,-23.328524,Panthera onca,670290B,9,Humid Chaco,Paraguay,-58.019561,-23.328524,11.966666666666669,False,1,4339,track,307.19695526406247
3827.0,2014-08-23 04:03:00,-58.019544,-23.328371,Panthera onca,670290B,9,Humid Chaco,Paraguay,-58.019544,-23.328371,6.033333333333333,False,1,4339,track,324.2196913042321
3828.0,2014-08-23 04:30:00,-58.019641,-23.328493,Panthera onca,670290B,9,Humid Chaco,Paraguay,-58.019641,-23.328493,0.45,False,1,4339,track,309.5456970933692
3829.0,2014-08-23 06:03:00,-58.0238,-23.325469,Panthera onca,670290B,9,Humid Chaco,Paraguay,-58.0238,-23.325469,1.55,False,1,4339,track,586.7162715168903
3830.0,2014-08-23 08:00:00,-58.024377,-23.324795,Panthera onca,670290B,9,Humid Chaco,Paraguay,-58.024377,-23.324795,1.95,False,1,4338,track,568.1000425451606
3831.0,2014-08-23 10:03:00,-58.023353,-23.325038,Panthera onca,670290B,9,Humid Chaco,Paraguay,-58.023353,-23.325038,2.05,False,1,4338,track,594.4310001086437
3832.0,2014-08-23 22:03:00,-58.028894,-23.319876,Panthera onca,670290B,9,Humid Chaco,Paraguay,-58.028894,-23.319876,12.0,False,1,4338,track,26.01795922271699
3833.0,2014-08-24 00:00:00,-58.023172,-23.324609,Panthera onca,670290B,9,Humid Chaco,Paraguay,-58.023172,-23.324609,1.95,False,1,4338,track,546.831875200395
3834.0,2014-08-24 02:02:00,-58.023172,-23.324628,Panthera onca,670290B,9,Humid Chaco,Paraguay,-58.023172,-23.324628,2.033333333333333,False,1,4338,track,548.9355093019385
3835.0,2014-08-24 06:01:00,-58.023163,-23.324619,Panthera onca,670290B,9,Humid Chaco,Paraguay,-58.023163,-23.324619,3.983333333333333,False,1,4338,track,547.9340157168915
3836.0,2014-08-24 08:03:00,-58.022966,-23.324012,Panthera onca,670290B,9,Humid Chaco,Paraguay,-58.022966,-23.324012,2.033333333333333,False,1,4338,track,480.61824438445274
3837.0,2014-08-24 10:00:00,-58.023183,-23.324612,Panthera onca,670290B,9,Humid Chaco,Paraguay,-58.023183,-23.324612,1.95,False,1,4338,track,547.1701823153488
3838.0,2014-08-24 22:00:00,-58.022187,-23.325368,Panthera onca,670290B,9,Humid Chaco,Paraguay,-58.022187,-23.325368,12.0,False,1,4339,track,615.6914738466897
3839.0,2014-08-25 00:02:00,-58.034608,-23.316497,Panthera onca,670290B,9,Humid Chaco,Paraguay,-58.034608,-23.316497,2.033333333333333,False,1,4314,service,3.301289208611414
3840.0,2014-08-25 02:02:00,-58.036334,-23.3142,Panthera onca,670290B,9,Humid Chaco,Paraguay,-58.036334,-23.3142,2.0,False,1,4314,service,272.86830384614194
3841.0,2014-08-25 08:31:00,-58.036392,-23.314114,Panthera onca,670290B,9,Humid Chaco,Paraguay,-58.036392,-23.314114,6.483333333333333,False,1,4314,service,282.390187108323
3842.0,2014-08-25 08:59:00,-58.036278,-23.313716,Panthera onca,670290B,9,Humid Chaco,Paraguay,-58.036278,-23.313716,0.4666666666666667,False,1,4314,service,326.45652256697116
3843.0,2014-08-25 10:03:00,-58.03625,-23.314099,Panthera onca,670290B,9,Humid Chaco,Paraguay,-58.03625,-23.314099,1.0666666666666669,False,1,4314,service,284.05095644153806
3844.0,2014-08-25 22:02:00,-58.040442,-23.324138,Panthera onca,670290B,9,Humid Chaco,Paraguay,-58.040442,-23.324138,11.983333333333333,False,1,4314,service,857.179461354281
3845.0,2014-08-26 00:02:00,-58.052701,-23.331056,Panthera onca,670290B,9,Humid Chaco,Paraguay,-58.052701,-23.331056,2.0,False,1,4261,service,1602.818629037258
3846.0,2014-08-26 02:01:00,-58.061753,-23.32811,Panthera onca,670290B,9,Humid Chaco,Paraguay,-58.061753,-23.32811,1.9833333333333332,False,1,4261,service,769.3530253297932
3847.0,2014-08-26 08:33:00,-58.062104,-23.327951,Panthera onca,670290B,9,Humid Chaco,Paraguay,-58.062104,-23.327951,6.533333333333333,False,1,4261,service,730.9576751668762
3848.0,2014-08-26 22:02:00,-58.08071,-23.341952,Panthera onca,670290B,9,Humid Chaco,Paraguay,-58.08071,-23.341952,13.483333333333333,False,1,4261,service,1884.2345777543117
3849.0,2014-08-27 00:02:00,-58.08169,-23.345046,Panthera onca,670290B,9,Humid Chaco,Paraguay,-58.08169,-23.345046,2.0,False,1,4261,service,2232.2823235811825
3850.0,2014-08-27 02:01:00,-58.08088,-23.344584,Panthera onca,670290B,9,Humid Chaco,Paraguay,-58.08088,-23.344584,1.9833333333333332,False,1,4261,service,2176.127441763663
3851.0,2014-08-27 04:02:00,-58.078722,-23.344827,Panthera onca,670290B,9,Humid Chaco,Paraguay,-58.078722,-23.344827,2.0166666666666666,False,1,4261,service,2198.2971510178663
3852.0,2014-08-27 06:03:00,-58.080127,-23.344369,Panthera onca,670290B,9,Humid Chaco,Paraguay,-58.080127,-23.344369,2.0166666666666666,False,1,4261,service,2150.332215531504
3853.0,2014-08-27 08:03:00,-58.075606,-23.34357,Panthera onca,670290B,9,Humid Chaco,Paraguay,-58.075606,-23.34357,2.0,False,1,4261,service,2048.828272382125
3854.0,2014-08-27 22:03:00,-58.057529,-23.360377,Panthera onca,670290B,9,Humid Chaco,Paraguay,-58.057529,-23.360377,14.0,False,1,4330,track,3928.9195538740046
3855.0,2014-08-28 02:01:00,-58.06205,-23.370383,Panthera onca,670290B,9,Humid Chaco,Paraguay,-58.06205,-23.370383,3.966666666666667,False,1,4330,track,2817.54454829428
3856.0,2014-08-28 08:02:00,-58.063819,-23.374928,Panthera onca,670290B,9,Humid Chaco,Paraguay,-58.063819,-23.374928,6.016666666666667,False,1,4330,track,2365.8414505363926
3857.0,2014-08-28 22:02:00,-58.045886,-23.383921,Panthera onca,670290B,9,Humid Chaco,Paraguay,-58.045886,-23.383921,14.0,False,1,4325,track,2583.079138374256
3858.0,2014-08-29 00:02:00,-58.045203,-23.383935,Panthera onca,670290B,9,Humid Chaco,Paraguay,-58.045203,-23.383935,2.0,False,1,4325,track,2538.7524290421748
3859.0,2014-08-29 02:01:00,-58.045854,-23.383841,Panthera onca,670290B,9,Humid Chaco,Paraguay,-58.045854,-23.383841,1.9833333333333332,False,1,4325,track,2587.9544158772983
3860.0,2014-08-29 04:03:00,-58.0459,-23.38376,Panthera onca,670290B,9,Humid Chaco,Paraguay,-58.0459,-23.38376,2.033333333333333,False,1,4325,track,2597.898583992659
3861.0,2014-08-29 06:02:00,-58.046153,-23.383707,Panthera onca,670290B,9,Humid Chaco,Paraguay,-58.046153,-23.383707,1.9833333333333332,False,1,4325,track,2618.644935240988
3862.0,2014-08-29 08:03:00,-58.046164,-23.383748,Panthera onca,670290B,9,Humid Chaco,Paraguay,-58.046164,-23.383748,2.0166666666666666,False,1,4325,track,2615.819311317256
3863.0,2014-08-29 10:01:00,-58.045921,-23.383772,Panthera onca,670290B,9,Humid Chaco,Paraguay,-58.045921,-23.383772,1.9666666666666663,False,1,4325,track,2598.1967776894135
3864.0,2014-08-29 22:00:00,-58.052896,-23.371477,Panthera onca,670290B,9,Humid Chaco,Paraguay,-58.052896,-23.371477,11.983333333333333,False,1,4330,track,3516.4859371503635
3865.0,2014-08-30 00:00:00,-58.057271,-23.371316,Panthera onca,670290B,9,Humid Chaco,Paraguay,-58.057271,-23.371316,2.0,False,1,4330,track,3144.2854505408764
3866.0,2014-08-30 02:00:00,-58.057346,-23.371532,Panthera onca,670290B,9,Humid Chaco,Paraguay,-58.057346,-23.371532,2.0,False,1,4330,track,3124.691531985421
3867.0,2014-08-30 04:02:00,-58.057457,-23.3716,Panthera onca,670290B,9,Humid Chaco,Paraguay,-58.057457,-23.3716,2.033333333333333,False,1,4330,track,3111.0750371831564
3868.0,2014-08-30 06:00:00,-58.057359,-23.371554,Panthera onca,670290B,9,Humid Chaco,Paraguay,-58.057359,-23.371554,1.9666666666666663,False,1,4330,track,3122.2424674019567
3869.0,2014-08-30 10:02:00,-58.056123,-23.369584,Panthera onca,670290B,9,Humid Chaco,Paraguay,-58.056123,-23.369584,4.033333333333333,False,1,4330,track,3349.5623155496937
3870.0,2014-08-30 22:03:00,-58.047344,-23.333223,Panthera onca,670290B,9,Humid Chaco,Paraguay,-58.047344,-23.333223,12.016666666666667,False,1,4314,service,1787.968673981156
3871.0,2014-08-31 00:02:00,-58.044799,-23.326901,Panthera onca,670290B,9,Humid Chaco,Paraguay,-58.044799,-23.326901,1.9833333333333332,False,1,4314,service,1251.1981190300096
3872.0,2014-08-31 02:01:00,-58.041626,-23.31989,Panthera onca,670290B,9,Humid Chaco,Paraguay,-58.041626,-23.31989,1.9833333333333332,False,1,4314,service,428.3830954374528
3873.0,2014-08-31 04:01:00,-58.04157,-23.319911,Panthera onca,670290B,9,Humid Chaco,Paraguay,-58.04157,-23.319911,2.0,False,1,4314,service,429.61100692217235
3874.0,2014-08-31 06:02:00,-58.041446,-23.319885,Panthera onca,670290B,9,Humid Chaco,Paraguay,-58.041446,-23.319885,2.0166666666666666,False,1,4314,service,424.4407863686918
3875.0,2014-08-31 10:02:00,-58.041932,-23.320277,Panthera onca,670290B,9,Humid Chaco,Paraguay,-58.041932,-23.320277,4.0,False,1,4314,service,476.27199272103957
3876.0,2014-08-31 22:01:00,-58.028903,-23.309821,Panthera onca,670290B,9,Humid Chaco,Paraguay,-58.028903,-23.309821,11.983333333333333,False,1,4314,service,916.2195773032321
3877.0,2014-09-01 00:01:00,-58.029461,-23.305309,Panthera onca,670290B,9,Humid Chaco,Paraguay,-58.029461,-23.305309,2.0,False,1,4314,service,1336.1416356790676
3878.0,2014-09-01 02:03:00,-58.03066,-23.307084,Panthera onca,670290B,9,Humid Chaco,Paraguay,-58.03066,-23.307084,2.033333333333333,False,1,4314,service,1110.2214128691928
3879.0,2014-09-01 04:34:00,-58.030098,-23.306787,Panthera onca,670290B,9,Humid Chaco,Paraguay,-58.030098,-23.306787,2.5166666666666666,False,1,4314,service,1160.066627333606
3880.0,2014-09-01 06:02:00,-58.030106,-23.306842,Panthera onca,670290B,9,Humid Chaco,Paraguay,-58.030106,-23.306842,1.4666666666666666,False,1,4314,service,1154.0685892922072
3881.0,2014-09-01 08:02:00,-58.029226,-23.306599,Panthera onca,670290B,9,Humid Chaco,Paraguay,-58.029226,-23.306599,2.0,False,1,4314,service,1212.7357688215054
3882.0,2014-09-01 10:02:00,-58.027174,-23.313931,Panthera onca,670290B,9,Humid Chaco,Paraguay,-58.027174,-23.313931,2.0,False,1,4338,track,633.1660661166023
3883.0,2014-09-01 22:02:00,-58.026701,-23.310359,Panthera onca,670290B,9,Humid Chaco,Paraguay,-58.026701,-23.310359,12.0,False,1,4314,service,1013.2811323129081
3884.0,2014-09-02 00:01:00,-58.025038,-23.311531,Panthera onca,670290B,9,Humid Chaco,Paraguay,-58.025038,-23.311531,1.9833333333333332,False,1,4338,track,900.0869027386505
3885.0,2014-09-02 02:03:00,-58.025874,-23.311153,Panthera onca,670290B,9,Humid Chaco,Paraguay,-58.025874,-23.311153,2.033333333333333,False,1,4338,track,941.469303219453
3886.0,2014-09-02 04:02:00,-58.024546,-23.310001,Panthera onca,670290B,9,Humid Chaco,Paraguay,-58.024546,-23.310001,1.9833333333333332,False,1,4340,track,936.7301300334942
3887.0,2014-09-02 06:01:00,-58.025096,-23.30995,Panthera onca,670290B,9,Humid Chaco,Paraguay,-58.025096,-23.30995,1.9833333333333332,False,1,4340,track,990.9467195460375
3888.0,2014-09-02 08:01:00,-58.024996,-23.309927,Panthera onca,670290B,9,Humid Chaco,Paraguay,-58.024996,-23.309927,2.0,False,1,4340,track,982.4059832076216
3889.0,2014-09-02 10:01:00,-58.025059,-23.309784,Panthera onca,670290B,9,Humid Chaco,Paraguay,-58.025059,-23.309784,2.0,False,1,4340,track,994.3978951418185
3890.0,2014-09-02 22:03:00,-58.025037,-23.30924,Panthera onca,670290B,9,Humid Chaco,Paraguay,-58.025037,-23.30924,12.033333333333331,False,1,4340,track,1017.1928585518496
3891.0,2014-09-03 00:01:00,-58.025085,-23.309908,Panthera onca,670290B,9,Humid Chaco,Paraguay,-58.025085,-23.309908,1.9666666666666663,False,1,4340,track,991.6321041170319
3892.0,2014-09-03 02:00:00,-58.025092,-23.309873,Panthera onca,670290B,9,Humid Chaco,Paraguay,-58.025092,-23.309873,1.9833333333333332,False,1,4340,track,993.7513746913686
3893.0,2014-09-03 04:03:00,-58.024856,-23.309856,Panthera onca,670290B,9,Humid Chaco,Paraguay,-58.024856,-23.309856,2.05,False,1,4340,track,972.1717363547211
3894.0,2014-09-03 08:02:00,-58.024994,-23.309973,Panthera onca,670290B,9,Humid Chaco,Paraguay,-58.024994,-23.309973,3.983333333333333,False,1,4340,track,980.3148920980477
3895.0,2014-09-03 10:03:00,-58.025026,-23.309617,Panthera onca,670290B,9,Humid Chaco,Paraguay,-58.025026,-23.309617,2.0166666666666666,False,1,4340,track,998.6088586582939
3896.0,2014-09-03 22:02:00,-58.024845,-23.309906,Panthera onca,670290B,9,Humid Chaco,Paraguay,-58.024845,-23.309906,11.983333333333333,False,1,4340,track,969.0005414636939
3897.0,2014-09-04 00:02:00,-58.024663,-23.309853,Panthera onca,670290B,9,Humid Chaco,Paraguay,-58.024663,-23.309853,2.0,False,1,4340,track,954.139896062806
3898.0,2014-09-04 02:03:00,-58.024995,-23.310062,Panthera onca,670290B,9,Humid Chaco,Paraguay,-58.024995,-23.310062,2.0166666666666666,False,1,4340,track,976.7960231736411
3899.0,2014-09-04 08:31:00,-58.02476,-23.310031,Panthera onca,670290B,9,Humid Chaco,Paraguay,-58.02476,-23.310031,6.466666666666667,False,1,4340,track,955.7161926480571
3900.0,2014-09-04 09:00:00,-58.024959,-23.309967,Panthera onca,670290B,9,Humid Chaco,Paraguay,-58.024959,-23.309967,0.4833333333333333,False,1,4340,track,977.2398781569053
3901.0,2014-09-04 22:01:00,-58.027961,-23.309536,Panthera onca,670290B,9,Humid Chaco,Paraguay,-58.027961,-23.309536,13.016666666666667,False,1,4314,service,998.8870482151397
3902.0,2014-09-05 00:03:00,-58.027937,-23.310073,Panthera onca,670290B,9,Humid Chaco,Paraguay,-58.027937,-23.310073,2.033333333333333,False,1,4314,service,954.3632387753104
3903.0,2014-09-05 02:02:00,-58.030147,-23.307417,Panthera onca,670290B,9,Humid Chaco,Paraguay,-58.030147,-23.307417,1.9833333333333332,False,1,4314,service,1093.02528564253
3904.0,2014-09-05 04:00:00,-58.030944,-23.307569,Panthera onca,670290B,9,Humid Chaco,Paraguay,-58.030944,-23.307569,1.9666666666666663,False,1,4314,service,1050.2456470563698
3905.0,2014-09-05 06:01:00,-58.030927,-23.307581,Panthera onca,670290B,9,Humid Chaco,Paraguay,-58.030927,-23.307581,2.0166666666666666,False,1,4314,service,1049.4974895207847
3906.0,2014-09-05 08:01:00,-58.030944,-23.30744,Panthera onca,670290B,9,Humid Chaco,Paraguay,-58.030944,-23.30744,2.0,False,1,4314,service,1063.8879414357211
3907.0,2014-09-05 10:00:00,-58.030967,-23.307566,Panthera onca,670290B,9,Humid Chaco,Paraguay,-58.030967,-23.307566,1.9833333333333332,False,1,4314,service,1049.864385344952
3908.0,2014-09-05 22:02:00,-58.033789,-23.313726,Panthera onca,670290B,9,Humid Chaco,Paraguay,-58.033789,-23.313726,12.033333333333331,False,1,4314,service,319.8894902698421
3909.0,2014-09-06 00:03:00,-58.034193,-23.320794,Panthera onca,670290B,9,Humid Chaco,Paraguay,-58.034193,-23.320794,2.0166666666666666,False,1,4314,service,153.41141952059715
3910.0,2014-09-06 02:00:00,-58.034993,-23.320107,Panthera onca,670290B,9,Humid Chaco,Paraguay,-58.034993,-23.320107,1.95,False,1,4314,service,216.88571529749026
3911.0,2014-09-06 04:02:00,-58.03545,-23.323879,Panthera onca,670290B,9,Humid Chaco,Paraguay,-58.03545,-23.323879,2.033333333333333,False,1,4314,service,352.57332716261624
3912.0,2014-09-06 06:01:00,-58.035681,-23.327637,Panthera onca,670290B,9,Humid Chaco,Paraguay,-58.035681,-23.327637,1.9833333333333332,False,1,4314,service,465.15906171077916
3913.0,2014-09-06 08:02:00,-58.035716,-23.327637,Panthera onca,670290B,9,Humid Chaco,Paraguay,-58.035716,-23.327637,2.0166666666666666,False,1,4314,service,468.6541264234599
3914.0,2014-09-06 10:01:00,-58.035659,-23.32761,Panthera onca,670290B,9,Humid Chaco,Paraguay,-58.035659,-23.32761,1.9833333333333332,False,1,4314,service,462.3198934708371
3915.0,2014-09-06 22:03:00,-58.037891,-23.329668,Panthera onca,670290B,9,Humid Chaco,Paraguay,-58.037891,-23.329668,12.033333333333331,False,1,4314,service,744.3856142272595
3916.0,2014-09-07 00:03:00,-58.038113,-23.328584,Panthera onca,670290B,9,Humid Chaco,Paraguay,-58.038113,-23.328584,2.0,False,1,4314,service,730.5424895350164
3917.0,2014-09-07 02:02:00,-58.039723,-23.331349,Panthera onca,670290B,9,Humid Chaco,Paraguay,-58.039723,-23.331349,1.9833333333333332,False,1,4314,service,992.958508503806
3918.0,2014-09-07 04:02:00,-58.044462,-23.341321,Panthera onca,670290B,9,Humid Chaco,Paraguay,-58.044462,-23.341321,2.0,False,1,4314,service,2074.842282152485
3919.0,2014-09-07 06:01:00,-58.044296,-23.340618,Panthera onca,670290B,9,Humid Chaco,Paraguay,-58.044296,-23.340618,1.9833333333333332,False,1,4314,service,2006.8729564661392
3920.0,2014-09-07 08:00:00,-58.044361,-23.340667,Panthera onca,670290B,9,Humid Chaco,Paraguay,-58.044361,-23.340667,1.9833333333333332,False,1,4314,service,2015.3871824337225
3921.0,2014-09-07 10:00:00,-58.044342,-23.340643,Panthera onca,670290B,9,Humid Chaco,Paraguay,-58.044342,-23.340643,2.0,False,1,4314,service,2012.1243149098268
3922.0,2014-09-07 22:00:00,-58.048,-23.342976,Panthera onca,670290B,9,Humid Chaco,Paraguay,-58.048,-23.342976,12.0,False,1,4314,service,2457.563007771176
3923.0,2014-09-08 02:03:00,-58.051977,-23.340677,Panthera onca,670290B,9,Humid Chaco,Paraguay,-58.051977,-23.340677,4.05,False,1,4261,service,2466.2558096066464
3924.0,2014-09-08 04:02:00,-58.057559,-23.343478,Panthera onca,670290B,9,Humid Chaco,Paraguay,-58.057559,-23.343478,1.9833333333333332,False,1,4261,service,2415.6376703029437
3925.0,2014-09-08 04:32:00,-58.056602,-23.342683,Panthera onca,670290B,9,Humid Chaco,Paraguay,-58.056602,-23.342683,0.5,False,1,4261,service,2382.926496977644
3926.0,2014-09-08 10:02:00,-58.05729,-23.343189,Panthera onca,670290B,9,Humid Chaco,Paraguay,-58.05729,-23.343189,5.5,False,1,4261,service,2399.292534503856
3927.0,2014-09-08 22:02:00,-58.052963,-23.336701,Panthera onca,670290B,9,Humid Chaco,Paraguay,-58.052963,-23.336701,12.0,False,1,4261,service,2075.248000106756
3928.0,2014-09-09 00:35:00,-58.052237,-23.336511,Panthera onca,670290B,9,Humid Chaco,Paraguay,-58.052237,-23.336511,2.55,False,1,4261,service,2114.9786668125867
3929.0,2014-09-09 04:03:00,-58.051565,-23.336623,Panthera onca,670290B,9,Humid Chaco,Paraguay,-58.051565,-23.336623,3.466666666666667,False,1,4261,service,2171.0011882389226
3930.0,2014-09-09 06:01:00,-58.051665,-23.336665,Panthera onca,670290B,9,Humid Chaco,Paraguay,-58.051665,-23.336665,1.9666666666666663,False,1,4261,service,2169.5624847872537
3931.0,2014-09-09 08:01:00,-58.048371,-23.332446,Panthera onca,670290B,9,Humid Chaco,Paraguay,-58.048371,-23.332446,2.0,False,1,4314,service,1856.8142256484648
3932.0,2014-09-09 10:02:00,-58.046484,-23.330958,Panthera onca,670290B,9,Humid Chaco,Paraguay,-58.046484,-23.330958,2.0166666666666666,False,1,4314,service,1624.5932838004221
3933.0,2014-09-10 00:02:00,-58.038082,-23.328631,Panthera onca,670290B,9,Humid Chaco,Paraguay,-58.038082,-23.328631,14.0,False,1,4314,service,728.5945703655121
3934.0,2014-09-10 02:00:00,-58.03804,-23.328724,Panthera onca,670290B,9,Humid Chaco,Paraguay,-58.03804,-23.328724,1.9666666666666663,False,1,4314,service,726.7959959115436
3935.0,2014-09-10 04:03:00,-58.037363,-23.329027,Panthera onca,670290B,9,Humid Chaco,Paraguay,-58.037363,-23.329027,2.05,False,1,4314,service,669.3740528426358
3936.0,2014-09-10 06:02:00,-58.037977,-23.328545,Panthera onca,670290B,9,Humid Chaco,Paraguay,-58.037977,-23.328545,1.9833333333333332,False,1,4314,service,716.0335185170316
3937.0,2014-09-10 08:02:00,-58.037977,-23.328701,Panthera onca,670290B,9,Humid Chaco,Paraguay,-58.037977,-23.328701,2.0,False,1,4314,service,719.9336944444547
3938.0,2014-09-10 10:01:00,-58.038063,-23.328762,Panthera onca,670290B,9,Humid Chaco,Paraguay,-58.038063,-23.328762,1.9833333333333332,False,1,4314,service,730.0915656856815
3939.0,2014-09-10 22:02:00,-58.040436,-23.310106,Panthera onca,670290B,9,Humid Chaco,Paraguay,-58.040436,-23.310106,12.016666666666667,False,1,4314,service,658.7412091393508
3940.0,2014-09-11 02:03:00,-58.041156,-23.301959,Panthera onca,670290B,9,Humid Chaco,Paraguay,-58.041156,-23.301959,4.016666666666667,False,1,4345,service,1243.4620205145661
3941.0,2014-09-11 04:01:00,-58.041494,-23.302538,Panthera onca,670290B,9,Humid Chaco,Paraguay,-58.041494,-23.302538,1.9666666666666663,False,1,4345,service,1171.301884560904
3942.0,2014-09-11 06:00:00,-58.041498,-23.302491,Panthera onca,670290B,9,Humid Chaco,Paraguay,-58.041498,-23.302491,1.9833333333333332,False,1,4345,service,1175.2551163713258
3943.0,2014-09-11 10:00:00,-58.041209,-23.300636,Panthera onca,670290B,9,Humid Chaco,Paraguay,-58.041209,-23.300636,4.0,False,1,4334,track,1245.8833745274871
3944.0,2014-09-11 22:00:00,-58.041243,-23.302393,Panthera onca,670290B,9,Humid Chaco,Paraguay,-58.041243,-23.302393,12.0,False,1,4345,service,1199.4999534759986
3945.0,2014-09-12 00:01:00,-58.040996,-23.302397,Panthera onca,670290B,9,Humid Chaco,Paraguay,-58.040996,-23.302397,2.0166666666666666,False,1,4345,service,1214.4814276168474
3946.0,2014-09-12 02:00:00,-58.041237,-23.302398,Panthera onca,670290B,9,Humid Chaco,Paraguay,-58.041237,-23.302398,1.9833333333333332,False,1,4345,service,1199.4258160759518
3947.0,2014-09-12 04:00:00,-58.041308,-23.302368,Panthera onca,670290B,9,Humid Chaco,Paraguay,-58.041308,-23.302368,2.0,False,1,4345,service,1197.7437447207087
3948.0,2014-09-12 06:00:00,-58.041239,-23.30234,Panthera onca,670290B,9,Humid Chaco,Paraguay,-58.041239,-23.30234,2.0,False,1,4345,service,1204.442972245902
3949.0,2014-09-12 08:01:00,-58.041155,-23.302475,Panthera onca,670290B,9,Humid Chaco,Paraguay,-58.041155,-23.302475,2.0166666666666666,False,1,4345,service,1197.7077932668008
3950.0,2014-09-12 10:03:00,-58.038704,-23.297502,Panthera onca,670290B,9,Humid Chaco,Paraguay,-58.038704,-23.297502,2.033333333333333,False,1,4334,track,1495.364540622707
3951.0,2014-09-13 00:35:00,-58.016306,-23.290612,Panthera onca,670290B,9,Humid Chaco,Paraguay,-58.016306,-23.290612,14.533333333333331,False,1,4346,unclassified,1024.3540010911797
3952.0,2014-09-13 02:03:00,-58.015881,-23.291048,Panthera onca,670290B,9,Humid Chaco,Paraguay,-58.015881,-23.291048,1.4666666666666666,False,1,4346,unclassified,980.7914670514282
3953.0,2014-09-13 09:01:00,-58.016046,-23.29099,Panthera onca,670290B,9,Humid Chaco,Paraguay,-58.016046,-23.29099,6.966666666666667,False,1,4346,unclassified,997.6794398803135
3954.0,2014-09-13 10:00:00,-58.015447,-23.292813,Panthera onca,670290B,9,Humid Chaco,Paraguay,-58.015447,-23.292813,0.9833333333333332,False,1,4346,unclassified,936.0166032208953
3955.0,2014-09-13 22:03:00,-58.018734,-23.293029,Panthera onca,670290B,9,Humid Chaco,Paraguay,-58.018734,-23.293029,12.05,False,1,4346,unclassified,1272.1386394830126
3956.0,2014-09-14 00:00:00,-58.01768,-23.293163,Panthera onca,670290B,9,Humid Chaco,Paraguay,-58.01768,-23.293163,1.95,False,1,4346,unclassified,1164.313763853292
3957.0,2014-09-14 00:35:00,-58.017255,-23.292838,Panthera onca,670290B,9,Humid Chaco,Paraguay,-58.017255,-23.292838,0.5833333333333334,False,1,4346,unclassified,1120.919916019432
3958.0,2014-09-14 02:00:00,-58.01788,-23.293208,Panthera onca,670290B,9,Humid Chaco,Paraguay,-58.01788,-23.293208,1.4166666666666667,False,1,4346,unclassified,1184.758258362933
3959.0,2014-09-14 06:01:00,-58.017812,-23.293271,Panthera onca,670290B,9,Humid Chaco,Paraguay,-58.017812,-23.293271,4.016666666666667,False,1,4346,unclassified,1177.7897750289499
3960.0,2014-09-14 08:02:00,-58.017751,-23.293238,Panthera onca,670290B,9,Humid Chaco,Paraguay,-58.017751,-23.293238,2.0166666666666666,False,1,4346,unclassified,1171.558479686017
3961.0,2014-09-14 10:00:00,-58.017856,-23.29322,Panthera onca,670290B,9,Humid Chaco,Paraguay,-58.017856,-23.29322,1.9666666666666663,False,1,4346,unclassified,1182.3010620937364
3962.0,2014-09-14 22:02:00,-58.020085,-23.295458,Panthera onca,670290B,9,Humid Chaco,Paraguay,-58.020085,-23.295458,12.033333333333331,False,1,4346,unclassified,1409.7660607285159
3963.0,2014-09-15 00:02:00,-58.02013,-23.295608,Panthera onca,670290B,9,Humid Chaco,Paraguay,-58.02013,-23.295608,2.0,False,1,4346,unclassified,1414.3347136545908
3964.0,2014-09-15 02:03:00,-58.020695,-23.295586,Panthera onca,670290B,9,Humid Chaco,Paraguay,-58.020695,-23.295586,2.0166666666666666,False,1,4346,unclassified,1472.1225054347663
3965.0,2014-09-15 04:03:00,-58.023956,-23.297258,Panthera onca,670290B,9,Humid Chaco,Paraguay,-58.023956,-23.297258,2.0,False,1,4346,unclassified,1805.2483559693223
3966.0,2014-09-15 06:03:00,-58.026472,-23.300673,Panthera onca,670290B,9,Humid Chaco,Paraguay,-58.026472,-23.300673,2.0,False,1,4340,track,1751.7238713853753
3967.0,2014-09-15 08:03:00,-58.026449,-23.300934,Panthera onca,670290B,9,Humid Chaco,Paraguay,-58.026449,-23.300934,2.0,False,1,4340,track,1727.3810689473858
3968.0,2014-09-15 10:01:00,-58.026349,-23.300864,Panthera onca,670290B,9,Humid Chaco,Paraguay,-58.026349,-23.300864,1.9666666666666663,False,1,4340,track,1727.2812203605504
3969.0,2014-09-15 22:02:00,-58.032592,-23.311057,Panthera onca,670290B,9,Humid Chaco,Paraguay,-58.032592,-23.311057,12.016666666666667,False,1,4314,service,633.0383731136561
3970.0,2014-09-16 02:03:00,-58.03488,-23.311573,Panthera onca,670290B,9,Humid Chaco,Paraguay,-58.03488,-23.311573,4.016666666666667,False,1,4314,service,547.1090586607992
3971.0,2014-09-16 04:00:00,-58.034981,-23.31143,Panthera onca,670290B,9,Humid Chaco,Paraguay,-58.034981,-23.31143,1.95,False,1,4314,service,562.9419488961674
3972.0,2014-09-16 08:01:00,-58.034833,-23.311387,Panthera onca,670290B,9,Humid Chaco,Paraguay,-58.034833,-23.311387,4.016666666666667,False,1,4314,service,567.7028580903005
3973.0,2014-09-16 22:03:00,-58.0346,-23.311208,Panthera onca,670290B,9,Humid Chaco,Paraguay,-58.0346,-23.311208,14.033333333333331,False,1,4314,service,587.5912772725218
3974.0,2014-09-17 00:03:00,-58.034649,-23.31099,Panthera onca,670290B,9,Humid Chaco,Paraguay,-58.034649,-23.31099,2.0,False,1,4314,service,611.6717511780023
3975.0,2014-09-17 02:02:00,-58.034412,-23.311094,Panthera onca,670290B,9,Humid Chaco,Paraguay,-58.034412,-23.311094,1.9833333333333332,False,1,4314,service,600.8092389656678
3976.0,2014-09-17 06:02:00,-58.036501,-23.310079,Panthera onca,670290B,9,Humid Chaco,Paraguay,-58.036501,-23.310079,4.0,False,1,4314,service,725.2365781930932
3977.0,2014-09-17 22:03:00,-58.035025,-23.310509,Panthera onca,670290B,9,Humid Chaco,Paraguay,-58.035025,-23.310509,16.016666666666666,False,1,4314,service,664.9145217962539
3978.0,2014-09-18 00:00:00,-58.034582,-23.311019,Panthera onca,670290B,9,Humid Chaco,Paraguay,-58.034582,-23.311019,1.95,False,1,4314,service,608.5450009721071
3979.0,2014-09-18 02:01:00,-58.035073,-23.310881,Panthera onca,670290B,9,Humid Chaco,Paraguay,-58.035073,-23.310881,2.0166666666666666,False,1,4314,service,623.7269100947723
3980.0,2014-09-18 04:03:00,-58.034607,-23.310948,Panthera onca,670290B,9,Humid Chaco,Paraguay,-58.034607,-23.310948,2.033333333333333,False,1,4314,service,616.3649707533871
3981.0,2014-09-18 06:03:00,-58.03503,-23.311499,Panthera onca,670290B,9,Humid Chaco,Paraguay,-58.03503,-23.311499,2.0,False,1,4314,service,555.3023146254884
3982.0,2014-09-18 10:00:00,-58.035032,-23.306451,Panthera onca,670290B,9,Humid Chaco,Paraguay,-58.035032,-23.306451,3.95,False,1,4314,service,1114.213712866372
3983.0,2014-09-18 22:03:00,-58.034337,-23.311529,Panthera onca,670290B,9,Humid Chaco,Paraguay,-58.034337,-23.311529,12.05,False,1,4314,service,553.1496631759803
3984.0,2014-09-19 00:03:00,-58.037183,-23.314217,Panthera onca,670290B,9,Humid Chaco,Paraguay,-58.037183,-23.314217,2.0,False,1,4314,service,267.7414111094623
3985.0,2014-09-19 02:03:00,-58.036721,-23.314631,Panthera onca,670290B,9,Humid Chaco,Paraguay,-58.036721,-23.314631,2.0,False,1,4314,service,225.14820458989422
3986.0,2014-09-19 04:02:00,-58.036855,-23.314434,Panthera onca,670290B,9,Humid Chaco,Paraguay,-58.036855,-23.314434,1.9833333333333332,False,1,4314,service,246.91649673692908
3987.0,2014-09-19 10:01:00,-58.037311,-23.314589,Panthera onca,670290B,9,Humid Chaco,Paraguay,-58.037311,-23.314589,5.983333333333333,False,1,4314,service,225.5207045796445
3988.0,2014-09-20 00:01:00,-58.037511,-23.31821,Panthera onca,670290B,9,Humid Chaco,Paraguay,-58.037511,-23.31821,14.0,False,1,4314,service,175.56959192781042
3989.0,2014-09-20 02:00:00,-58.036596,-23.318519,Panthera onca,670290B,9,Humid Chaco,Paraguay,-58.036596,-23.318519,1.9833333333333332,False,1,4314,service,205.32929904773277
3990.0,2014-09-20 06:01:00,-58.036436,-23.318463,Panthera onca,670290B,9,Humid Chaco,Paraguay,-58.036436,-23.318463,4.016666666666667,False,1,4314,service,199.12898723593472
3991.0,2014-09-20 10:01:00,-58.036898,-23.318456,Panthera onca,670290B,9,Humid Chaco,Paraguay,-58.036898,-23.318456,4.0,False,1,4314,service,198.3540483861419
3992.0,2014-09-21 00:00:00,-58.036401,-23.323257,Panthera onca,670290B,9,Humid Chaco,Paraguay,-58.036401,-23.323257,13.983333333333333,False,1,4314,service,432.6750633690597
3993.0,2014-09-21 02:01:00,-58.036328,-23.323371,Panthera onca,670290B,9,Humid Chaco,Paraguay,-58.036328,-23.323371,2.0166666666666666,False,1,4314,service,428.10811331135363
3994.0,2014-09-21 06:02:00,-58.036137,-23.323356,Panthera onca,670290B,9,Humid Chaco,Paraguay,-58.036137,-23.323356,4.016666666666667,False,1,4314,service,408.67969224632105
3995.0,2014-09-21 08:03:00,-58.036975,-23.32262,Panthera onca,670290B,9,Humid Chaco,Paraguay,-58.036975,-23.32262,2.0166666666666666,False,1,4314,service,474.7780694231559
3996.0,2014-09-21 08:31:00,-58.036623,-23.323516,Panthera onca,670290B,9,Humid Chaco,Paraguay,-58.036623,-23.323516,0.4666666666666667,False,1,4314,service,461.0240412900882
3997.0,2014-09-21 09:00:00,-58.036261,-23.322754,Panthera onca,670290B,9,Humid Chaco,Paraguay,-58.036261,-23.322754,0.4833333333333333,False,1,4314,service,406.68785689482564
3998.0,2014-09-21 10:02:00,-58.036338,-23.323077,Panthera onca,670290B,9,Humid Chaco,Paraguay,-58.036338,-23.323077,1.0333333333333334,False,1,4314,service,422.08742234749815
3999.0,2014-09-21 22:00:00,-58.037312,-23.323417,Panthera onca,670290B,9,Humid Chaco,Paraguay,-58.037312,-23.323417,11.966666666666669,False,1,4314,service,527.4534046623445
4000.0,2014-09-22 00:00:00,-58.026007,-23.337235,Panthera onca,670290B,9,Humid Chaco,Paraguay,-58.026007,-23.337235,2.0,False,1,4314,service,277.8645953482884
4001.0,2014-09-22 04:01:00,-58.026394,-23.337727,Panthera onca,670290B,9,Humid Chaco,Paraguay,-58.026394,-23.337727,4.016666666666667,False,1,4314,service,344.22768782371753
4002.0,2014-09-22 08:01:00,-58.026495,-23.337702,Panthera onca,670290B,9,Humid Chaco,Paraguay,-58.026495,-23.337702,4.0,False,1,4314,service,346.658031163584
4003.0,2014-09-22 10:00:00,-58.026362,-23.337749,Panthera onca,670290B,9,Humid Chaco,Paraguay,-58.026362,-23.337749,1.9833333333333332,False,1,4314,service,344.91648778492885
4004.0,2014-09-22 22:02:00,-58.036064,-23.335104,Panthera onca,670290B,9,Humid Chaco,Paraguay,-58.036064,-23.335104,12.033333333333331,False,1,4314,service,983.9022869618229
4005.0,2014-09-23 02:01:00,-58.036032,-23.335223,Panthera onca,670290B,9,Humid Chaco,Paraguay,-58.036032,-23.335223,3.983333333333333,False,1,4314,service,991.1601881481379
4006.0,2014-09-23 04:03:00,-58.035061,-23.335204,Panthera onca,670290B,9,Humid Chaco,Paraguay,-58.035061,-23.335204,2.033333333333333,False,1,4314,service,912.4223874613213
4007.0,2014-09-23 08:01:00,-58.036128,-23.334506,Panthera onca,670290B,9,Humid Chaco,Paraguay,-58.036128,-23.334506,3.966666666666667,False,1,4314,service,940.5871998146172
4008.0,2014-09-23 10:02:00,-58.035638,-23.334857,Panthera onca,670290B,9,Humid Chaco,Paraguay,-58.035638,-23.334857,2.0166666666666666,False,1,4314,service,934.0315857144313
4009.0,2014-09-23 22:01:00,-58.040089,-23.334947,Panthera onca,670290B,9,Humid Chaco,Paraguay,-58.040089,-23.334947,11.983333333333333,False,1,4314,service,1257.5384480093987
4010.0,2014-09-24 00:03:00,-58.040437,-23.334534,Panthera onca,670290B,9,Humid Chaco,Paraguay,-58.040437,-23.334534,2.033333333333333,False,1,4314,service,1253.4089882855585
4011.0,2014-09-24 04:03:00,-58.039893,-23.334853,Panthera onca,670290B,9,Humid Chaco,Paraguay,-58.039893,-23.334853,4.0,False,1,4314,service,1235.831054015311
4012.0,2014-09-24 06:03:00,-58.039822,-23.334845,Panthera onca,670290B,9,Humid Chaco,Paraguay,-58.039822,-23.334845,2.0,False,1,4314,service,1229.9693423863139
4013.0,2014-09-24 08:01:00,-58.040114,-23.334884,Panthera onca,670290B,9,Humid Chaco,Paraguay,-58.040114,-23.334884,1.9666666666666663,False,1,4314,service,1254.6344906029565
4014.0,2014-09-24 22:01:00,-58.048593,-23.331882,Panthera onca,670290B,9,Humid Chaco,Paraguay,-58.048593,-23.331882,14.0,False,1,4314,service,1859.8568676381183
4015.0,2014-09-25 00:01:00,-58.054104,-23.328201,Panthera onca,670290B,9,Humid Chaco,Paraguay,-58.054104,-23.328201,2.0,False,1,4261,service,1268.054974486605
4016.0,2014-09-25 00:31:00,-58.054451,-23.327768,Panthera onca,670290B,9,Humid Chaco,Paraguay,-58.054451,-23.327768,0.5,False,1,4261,service,1208.5081585504981
4017.0,2014-09-25 04:02:00,-58.054288,-23.327891,Panthera onca,670290B,9,Humid Chaco,Paraguay,-58.054288,-23.327891,3.5166666666666666,False,1,4261,service,1229.635732204884
4018.0,2014-09-25 08:01:00,-58.05433,-23.327859,Panthera onca,670290B,9,Humid Chaco,Paraguay,-58.05433,-23.327859,3.983333333333333,False,1,4261,service,1224.1657055937042
4019.0,2014-09-25 10:01:00,-58.054308,-23.327976,Panthera onca,670290B,9,Humid Chaco,Paraguay,-58.054308,-23.327976,2.0,False,1,4261,service,1235.5639038855506
4020.0,2014-09-26 00:03:00,-58.03929,-23.32775,Panthera onca,670290B,9,Humid Chaco,Paraguay,-58.03929,-23.32775,14.033333333333331,False,1,4314,service,828.2390317792037
4021.0,2014-09-26 04:00:00,-58.039143,-23.328409,Panthera onca,670290B,9,Humid Chaco,Paraguay,-58.039143,-23.328409,3.95,False,1,4314,service,829.2341282053521
4022.0,2014-09-26 06:03:00,-58.03925,-23.328407,Panthera onca,670290B,9,Humid Chaco,Paraguay,-58.03925,-23.328407,2.05,False,1,4314,service,839.871475730446
4023.0,2014-09-26 08:00:00,-58.039133,-23.32844,Panthera onca,670290B,9,Humid Chaco,Paraguay,-58.039133,-23.32844,1.95,False,1,4314,service,828.9728790609161
4024.0,2014-09-26 10:00:00,-58.039152,-23.328413,Panthera onca,670290B,9,Humid Chaco,Paraguay,-58.039152,-23.328413,2.0,False,1,4314,service,830.228000272159
4025.0,2014-09-27 00:01:00,-58.039377,-23.328635,Panthera onca,670290B,9,Humid Chaco,Paraguay,-58.039377,-23.328635,14.016666666666667,False,1,4314,service,857.9765609184516
4026.0,2014-09-27 02:03:00,-58.039136,-23.328507,Panthera onca,670290B,9,Humid Chaco,Paraguay,-58.039136,-23.328507,2.033333333333333,False,1,4314,service,830.8660642391822
4027.0,2014-09-27 04:00:00,-58.039196,-23.328516,Panthera onca,670290B,9,Humid Chaco,Paraguay,-58.039196,-23.328516,1.95,False,1,4314,service,837.0716685743892
4028.0,2014-09-27 06:00:00,-58.039189,-23.328523,Panthera onca,670290B,9,Humid Chaco,Paraguay,-58.039189,-23.328523,2.0,False,1,4314,service,836.5391519140684
4029.0,2014-09-27 08:00:00,-58.039224,-23.328522,Panthera onca,670290B,9,Humid Chaco,Paraguay,-58.039224,-23.328522,2.0,False,1,4314,service,840.010430443905
4030.0,2014-09-27 10:00:00,-58.039162,-23.328474,Panthera onca,670290B,9,Humid Chaco,Paraguay,-58.039162,-23.328474,2.0,False,1,4314,service,832.6774864613831
4031.0,2014-09-27 22:03:00,-58.039407,-23.327746,Panthera onca,670290B,9,Humid Chaco,Paraguay,-58.039407,-23.327746,12.05,False,1,4314,service,839.827460235625
4032.0,2014-09-28 00:30:00,-58.038785,-23.327465,Panthera onca,670290B,9,Humid Chaco,Paraguay,-58.038785,-23.327465,2.45,False,1,4314,service,771.0311199410556
4033.0,2014-09-28 02:02:00,-58.039104,-23.327715,Panthera onca,670290B,9,Humid Chaco,Paraguay,-58.039104,-23.327715,1.5333333333333334,False,1,4314,service,808.8326752144889
4034.0,2014-09-28 08:02:00,-58.038956,-23.327787,Panthera onca,670290B,9,Humid Chaco,Paraguay,-58.038956,-23.327787,6.0,False,1,4314,service,795.7660101291835
4035.0,2014-09-28 10:00:00,-58.039019,-23.327488,Panthera onca,670290B,9,Humid Chaco,Paraguay,-58.039019,-23.327488,1.9666666666666663,False,1,4314,service,794.9453499078852
4036.0,2014-09-28 22:00:00,-58.043404,-23.331006,Panthera onca,670290B,9,Humid Chaco,Paraguay,-58.043404,-23.331006,12.0,False,1,4314,service,1324.631417616265
4037.0,2014-09-29 00:03:00,-58.044081,-23.330999,Panthera onca,670290B,9,Humid Chaco,Paraguay,-58.044081,-23.330999,2.05,False,1,4314,service,1390.1158494075546
4038.0,2014-09-29 02:02:00,-58.042756,-23.332181,Panthera onca,670290B,9,Humid Chaco,Paraguay,-58.042756,-23.332181,1.9833333333333332,False,1,4314,service,1311.7103605892132
4039.0,2014-09-29 04:00:00,-58.043556,-23.33132,Panthera onca,670290B,9,Humid Chaco,Paraguay,-58.043556,-23.33132,1.9666666666666663,False,1,4314,service,1350.814686428499
4040.0,2014-09-29 06:03:00,-58.043781,-23.331193,Panthera onca,670290B,9,Humid Chaco,Paraguay,-58.043781,-23.331193,2.05,False,1,4314,service,1367.8069527314653
4041.0,2014-09-29 08:00:00,-58.043703,-23.331249,Panthera onca,670290B,9,Humid Chaco,Paraguay,-58.043703,-23.331249,1.95,False,1,4314,service,1362.319936742154
4042.0,2014-09-29 22:00:00,-58.043415,-23.331006,Panthera onca,670290B,9,Humid Chaco,Paraguay,-58.043415,-23.331006,14.0,False,1,4314,service,1325.696426940105
4043.0,2014-09-30 00:00:00,-58.043593,-23.331237,Panthera onca,670290B,9,Humid Chaco,Paraguay,-58.043593,-23.331237,2.0,False,1,4314,service,1351.2732339736965
4044.0,2014-09-30 02:00:00,-58.043666,-23.331287,Panthera onca,670290B,9,Humid Chaco,Paraguay,-58.043666,-23.331287,2.0,False,1,4314,service,1360.160562325165
4045.0,2014-09-30 04:01:00,-58.043626,-23.331238,Panthera onca,670290B,9,Humid Chaco,Paraguay,-58.043626,-23.331238,2.0166666666666666,False,1,4314,service,1354.4907525721846
4046.0,2014-09-30 08:01:00,-58.043609,-23.331259,Panthera onca,670290B,9,Humid Chaco,Paraguay,-58.043609,-23.331259,4.0,False,1,4314,service,1353.6301404167402
4047.0,2014-09-30 10:03:00,-58.046042,-23.330165,Panthera onca,670290B,9,Humid Chaco,Paraguay,-58.046042,-23.330165,2.033333333333333,False,1,4314,service,1559.9236378351486
4048.0,2014-09-30 22:00:00,-58.04561,-23.337298,Panthera onca,670290B,9,Humid Chaco,Paraguay,-58.04561,-23.337298,11.95,False,1,4314,service,1857.437061743723
4049.0,2014-10-01 00:02:00,-58.04606,-23.342666,Panthera onca,670290B,9,Humid Chaco,Paraguay,-58.04606,-23.342666,2.033333333333333,False,1,4314,service,2295.387725598609
4050.0,2014-10-01 02:01:00,-58.046073,-23.342684,Panthera onca,670290B,9,Humid Chaco,Paraguay,-58.046073,-23.342684,1.9833333333333332,False,1,4314,service,2297.7465022508895
4051.0,2014-10-01 04:00:00,-58.046014,-23.342679,Panthera onca,670290B,9,Humid Chaco,Paraguay,-58.046014,-23.342679,1.9833333333333332,False,1,4314,service,2293.1761262980667
4052.0,2014-10-01 06:03:00,-58.045993,-23.342549,Panthera onca,670290B,9,Humid Chaco,Paraguay,-58.045993,-23.342549,2.05,False,1,4314,service,2281.292660699801
4053.0,2014-10-01 08:02:00,-58.046039,-23.342694,Panthera onca,670290B,9,Humid Chaco,Paraguay,-58.046039,-23.342694,1.9833333333333332,False,1,4314,service,2296.1431433196844
4054.0,2014-10-01 10:00:00,-58.046078,-23.342638,Panthera onca,670290B,9,Humid Chaco,Paraguay,-58.046078,-23.342638,1.9666666666666663,False,1,4314,service,2294.420253759676
4055.0,2014-10-02 00:01:00,-58.063103,-23.349183,Panthera onca,670290B,9,Humid Chaco,Paraguay,-58.063103,-23.349183,14.016666666666667,False,1,4261,service,2813.2350678069893
4056.0,2014-10-02 02:03:00,-58.068809,-23.356191,Panthera onca,670290B,9,Humid Chaco,Paraguay,-58.068809,-23.356191,2.033333333333333,False,1,4261,service,3476.344761217056
4057.0,2014-10-02 04:00:00,-58.06914,-23.355729,Panthera onca,670290B,9,Humid Chaco,Paraguay,-58.06914,-23.355729,1.95,False,1,4261,service,3421.0065946248246
4058.0,2014-10-02 06:03:00,-58.071875,-23.358584,Panthera onca,670290B,9,Humid Chaco,Paraguay,-58.071875,-23.358584,2.05,False,1,4330,track,3346.4798290504223
4059.0,2014-10-02 08:03:00,-58.072043,-23.35993,Panthera onca,670290B,9,Humid Chaco,Paraguay,-58.072043,-23.35993,2.0,False,1,4330,track,3200.5282225387987
4060.0,2014-10-02 10:00:00,-58.071575,-23.357858,Panthera onca,670290B,9,Humid Chaco,Paraguay,-58.071575,-23.357858,1.95,False,1,4330,track,3432.49505127858
4061.0,2014-10-03 00:02:00,-58.075635,-23.352184,Panthera onca,670290B,9,Humid Chaco,Paraguay,-58.075635,-23.352184,14.033333333333331,False,1,4261,service,3002.2442299591407
4062.0,2014-10-03 06:01:00,-58.075697,-23.350897,Panthera onca,670290B,9,Humid Chaco,Paraguay,-58.075697,-23.350897,5.983333333333333,False,1,4261,service,2859.9985294531944
4063.0,2014-10-03 08:00:00,-58.075698,-23.351003,Panthera onca,670290B,9,Humid Chaco,Paraguay,-58.075698,-23.351003,1.9833333333333332,False,1,4261,service,2871.732801830253
4064.0,2014-10-03 10:00:00,-58.075702,-23.351038,Panthera onca,670290B,9,Humid Chaco,Paraguay,-58.075702,-23.351038,2.0,False,1,4261,service,2875.618516578346
4065.0,2014-10-03 22:03:00,-58.075707,-23.351375,Panthera onca,670290B,9,Humid Chaco,Paraguay,-58.075707,-23.351375,12.05,False,1,4261,service,2912.930200103369
4066.0,2014-10-04 00:03:00,-58.065024,-23.345691,Panthera onca,670290B,9,Humid Chaco,Paraguay,-58.065024,-23.345691,2.0,False,1,4261,service,2393.259470387314
4067.0,2014-10-04 02:03:00,-58.076608,-23.351884,Panthera onca,670290B,9,Humid Chaco,Paraguay,-58.076608,-23.351884,2.0,False,1,4261,service,2972.0100394959527
4068.0,2014-10-04 04:03:00,-58.08028,-23.351171,Panthera onca,670290B,9,Humid Chaco,Paraguay,-58.08028,-23.351171,2.0,False,1,4261,service,2903.5771367035563
4069.0,2014-10-04 04:34:00,-58.080318,-23.351175,Panthera onca,670290B,9,Humid Chaco,Paraguay,-58.080318,-23.351175,0.5166666666666667,False,1,4261,service,2904.067279162948
4070.0,2014-10-04 06:02:00,-58.080157,-23.350871,Panthera onca,670290B,9,Humid Chaco,Paraguay,-58.080157,-23.350871,1.4666666666666666,False,1,4261,service,2870.2441647511023
4071.0,2014-10-04 10:00:00,-58.080352,-23.351107,Panthera onca,670290B,9,Humid Chaco,Paraguay,-58.080352,-23.351107,3.966666666666667,False,1,4261,service,2896.5856864761695
4072.0,2014-10-04 22:02:00,-58.070164,-23.346705,Panthera onca,670290B,9,Humid Chaco,Paraguay,-58.070164,-23.346705,12.033333333333331,False,1,4261,service,2417.0477531123224
4073.0,2014-10-05 02:03:00,-58.065995,-23.342593,Panthera onca,670290B,9,Humid Chaco,Paraguay,-58.065995,-23.342593,4.016666666666667,False,1,4261,service,2037.6940320257163
4074.0,2014-10-05 04:02:00,-58.065359,-23.341767,Panthera onca,670290B,9,Humid Chaco,Paraguay,-58.065359,-23.341767,1.9833333333333332,False,1,4261,service,1961.1329045691596
4075.0,2014-10-05 06:02:00,-58.065414,-23.341949,Panthera onca,670290B,9,Humid Chaco,Paraguay,-58.065414,-23.341949,2.0,False,1,4261,service,1979.5705400482798
4076.0,2014-10-05 08:00:00,-58.06542,-23.341938,Panthera onca,670290B,9,Humid Chaco,Paraguay,-58.06542,-23.341938,1.9666666666666663,False,1,4261,service,1978.2489415928846
4077.0,2014-10-05 10:00:00,-58.065338,-23.341725,Panthera onca,670290B,9,Humid Chaco,Paraguay,-58.065338,-23.341725,2.0,False,1,4261,service,1957.0738045777464
4078.0,2014-10-05 22:01:00,-58.065035,-23.340525,Panthera onca,670290B,9,Humid Chaco,Paraguay,-58.065035,-23.340525,12.016666666666667,False,1,4261,service,1835.3930579027685
4079.0,2014-10-06 00:03:00,-58.065141,-23.33839,Panthera onca,670290B,9,Humid Chaco,Paraguay,-58.065141,-23.33839,2.033333333333333,False,1,4261,service,1604.7656316040852
4080.0,2014-10-06 04:01:00,-58.064889,-23.338502,Panthera onca,670290B,9,Humid Chaco,Paraguay,-58.064889,-23.338502,3.966666666666667,False,1,4261,service,1624.1037414031052
4081.0,2014-10-06 06:03:00,-58.064442,-23.337584,Panthera onca,670290B,9,Humid Chaco,Paraguay,-58.064442,-23.337584,2.033333333333333,False,1,4261,service,1542.3211736999144
4082.0,2014-10-06 08:02:00,-58.065233,-23.338306,Panthera onca,670290B,9,Humid Chaco,Paraguay,-58.065233,-23.338306,1.9833333333333332,False,1,4261,service,1593.1917190568756
4083.0,2014-10-06 10:01:00,-58.065213,-23.338328,Panthera onca,670290B,9,Humid Chaco,Paraguay,-58.065213,-23.338328,1.9833333333333332,False,1,4261,service,1596.1029629118057
4084.0,2014-10-06 22:03:00,-58.065276,-23.338203,Panthera onca,670290B,9,Humid Chaco,Paraguay,-58.065276,-23.338203,12.033333333333331,False,1,4261,service,1581.013216740826
4085.0,2014-10-07 00:03:00,-58.064884,-23.341146,Panthera onca,670290B,9,Humid Chaco,Paraguay,-58.064884,-23.341146,2.0,False,1,4261,service,1905.8187350255118
4086.0,2014-10-07 04:03:00,-58.064766,-23.338712,Panthera onca,670290B,9,Humid Chaco,Paraguay,-58.064766,-23.338712,4.0,False,1,4261,service,1650.0442726406404
4087.0,2014-10-07 06:00:00,-58.065133,-23.338445,Panthera onca,670290B,9,Humid Chaco,Paraguay,-58.065133,-23.338445,1.95,False,1,4261,service,1610.837412718838
4088.0,2014-10-07 08:03:00,-58.065077,-23.338251,Panthera onca,670290B,9,Humid Chaco,Paraguay,-58.065077,-23.338251,2.05,False,1,4261,service,1591.899360183924
4089.0,2014-10-07 10:03:00,-58.06447,-23.338183,Panthera onca,670290B,9,Humid Chaco,Paraguay,-58.06447,-23.338183,2.0,False,1,4261,service,1603.878372366279
4090.0,2014-10-07 22:03:00,-58.065418,-23.339423,Panthera onca,670290B,9,Humid Chaco,Paraguay,-58.065418,-23.339423,12.0,False,1,4261,service,1707.4488748210329
4091.0,2014-10-08 02:00:00,-58.065145,-23.338494,Panthera onca,670290B,9,Humid Chaco,Paraguay,-58.065145,-23.338494,3.95,False,1,4261,service,1615.6957050008623
4092.0,2014-10-08 06:03:00,-58.065871,-23.338172,Panthera onca,670290B,9,Humid Chaco,Paraguay,-58.065871,-23.338172,4.05,False,1,4261,service,1561.790196603176
4093.0,2014-10-08 08:01:00,-58.065362,-23.338748,Panthera onca,670290B,9,Humid Chaco,Paraguay,-58.065362,-23.338748,1.9666666666666663,False,1,4261,service,1636.696852866268
4094.0,2014-10-08 08:33:00,-58.065797,-23.338615,Panthera onca,670290B,9,Humid Chaco,Paraguay,-58.065797,-23.338615,0.5333333333333333,False,1,4261,service,1611.2111192669975
4095.0,2014-10-08 10:01:00,-58.06493,-23.338587,Panthera onca,670290B,9,Humid Chaco,Paraguay,-58.06493,-23.338587,1.4666666666666666,False,1,4261,service,1631.865497529248
4096.0,2014-10-09 00:03:00,-58.065343,-23.338724,Panthera onca,670290B,9,Humid Chaco,Paraguay,-58.065343,-23.338724,14.033333333333331,False,1,4261,service,1634.649569062561
4097.0,2014-10-09 10:01:00,-58.065163,-23.338541,Panthera onca,670290B,9,Humid Chaco,Paraguay,-58.065163,-23.338541,9.966666666666669,False,1,4261,service,1620.1743219965588
4098.0,2014-10-09 22:02:00,-58.065543,-23.338788,Panthera onca,670290B,9,Humid Chaco,Paraguay,-58.065543,-23.338788,12.016666666666667,False,1,4261,service,1636.1872215602218
4099.0,2014-10-10 00:00:00,-58.065141,-23.338635,Panthera onca,670290B,9,Humid Chaco,Paraguay,-58.065141,-23.338635,1.9666666666666663,False,1,4261,service,1630.7960488377075
4100.0,2014-10-10 02:00:00,-58.070542,-23.338341,Panthera onca,670290B,9,Humid Chaco,Paraguay,-58.070542,-23.338341,2.0,False,1,4261,service,1498.538673751783
4101.0,2014-10-10 08:00:00,-58.070733,-23.338222,Panthera onca,670290B,9,Humid Chaco,Paraguay,-58.070733,-23.338222,6.0,False,1,4261,service,1481.627188071345
4102.0,2014-10-10 10:02:00,-58.070608,-23.338121,Panthera onca,670290B,9,Humid Chaco,Paraguay,-58.070608,-23.338121,2.033333333333333,False,1,4261,service,1473.3052694107407
4103.0,2014-10-10 22:01:00,-58.070739,-23.341944,Panthera onca,670290B,9,Humid Chaco,Paraguay,-58.070739,-23.341944,11.983333333333333,False,1,4261,service,1887.0864832228108
4104.0,2014-10-11 01:01:00,-58.071152,-23.341574,Panthera onca,670290B,9,Humid Chaco,Paraguay,-58.071152,-23.341574,3.0,False,1,4261,service,1840.3380406107885
4105.0,2014-10-11 02:01:00,-58.071445,-23.340461,Panthera onca,670290B,9,Humid Chaco,Paraguay,-58.071445,-23.340461,1.0,False,1,4261,service,1714.1975904362785
4106.0,2014-10-11 06:03:00,-58.07329,-23.342992,Panthera onca,670290B,9,Humid Chaco,Paraguay,-58.07329,-23.342992,4.033333333333333,False,1,4261,service,1980.0494960729493
4107.0,2014-10-11 10:01:00,-58.072595,-23.341736,Panthera onca,670290B,9,Humid Chaco,Paraguay,-58.072595,-23.341736,3.966666666666667,False,1,4261,service,1843.7419994811885
4108.0,2014-10-11 22:00:00,-58.065933,-23.342649,Panthera onca,670290B,9,Humid Chaco,Paraguay,-58.065933,-23.342649,11.983333333333333,False,1,4261,service,2044.9433220784856
4109.0,2014-10-12 00:01:00,-58.065211,-23.338454,Panthera onca,670290B,9,Humid Chaco,Paraguay,-58.065211,-23.338454,2.0166666666666666,False,1,4261,service,1609.5549758482518
4110.0,2014-10-12 02:03:00,-58.061884,-23.332005,Panthera onca,670290B,9,Humid Chaco,Paraguay,-58.061884,-23.332005,2.033333333333333,False,1,4261,service,1090.121543066746
4111.0,2014-10-12 04:03:00,-58.05569,-23.326347,Panthera onca,670290B,9,Humid Chaco,Paraguay,-58.05569,-23.326347,2.0,False,1,4261,service,1006.536359003238
4112.0,2014-10-12 06:02:00,-58.054587,-23.327984,Panthera onca,670290B,9,Humid Chaco,Paraguay,-58.054587,-23.327984,1.9833333333333332,False,1,4261,service,1218.0038695363203
4113.0,2014-10-12 08:02:00,-58.054564,-23.328185,Panthera onca,670290B,9,Humid Chaco,Paraguay,-58.054564,-23.328185,2.0,False,1,4261,service,1236.6181203605295
4114.0,2014-10-12 10:02:00,-58.054412,-23.32795,Panthera onca,670290B,9,Humid Chaco,Paraguay,-58.054412,-23.32795,2.0,False,1,4261,service,1226.5510703388277
4115.0,2014-10-12 22:02:00,-58.054235,-23.327418,Panthera onca,670290B,9,Humid Chaco,Paraguay,-58.054235,-23.327418,12.0,False,1,4261,service,1192.8359405111428
4116.0,2014-10-13 02:03:00,-58.055165,-23.328568,Panthera onca,670290B,9,Humid Chaco,Paraguay,-58.055165,-23.328568,4.016666666666667,False,1,4261,service,1229.9476291682302
4117.0,2014-10-13 04:01:00,-58.050777,-23.32896,Panthera onca,670290B,9,Humid Chaco,Paraguay,-58.050777,-23.32896,1.9666666666666663,False,1,4261,service,1551.0060200659766
4118.0,2014-10-13 06:00:00,-58.04642,-23.331144,Panthera onca,670290B,9,Humid Chaco,Paraguay,-58.04642,-23.331144,1.9833333333333332,False,1,4314,service,1623.747701439974
4119.0,2014-10-13 08:00:00,-58.046423,-23.33112,Panthera onca,670290B,9,Humid Chaco,Paraguay,-58.046423,-23.33112,2.0,False,1,4314,service,1623.3230487999247
4120.0,2014-10-13 10:00:00,-58.046539,-23.331168,Panthera onca,670290B,9,Humid Chaco,Paraguay,-58.046539,-23.331168,2.0,False,1,4314,service,1636.1792217840296
4121.0,2014-10-13 22:01:00,-58.046704,-23.331258,Panthera onca,670290B,9,Humid Chaco,Paraguay,-58.046704,-23.331258,12.016666666666667,False,1,4314,service,1655.127651913858
4122.0,2014-10-14 02:03:00,-58.046395,-23.331224,Panthera onca,670290B,9,Humid Chaco,Paraguay,-58.046395,-23.331224,4.033333333333333,False,1,4314,service,1623.7205728754577
4123.0,2014-10-14 04:03:00,-58.046189,-23.331135,Panthera onca,670290B,9,Humid Chaco,Paraguay,-58.046189,-23.331135,2.0,False,1,4314,service,1600.7563385586661
4124.0,2014-10-14 06:00:00,-58.046444,-23.331132,Panthera onca,670290B,9,Humid Chaco,Paraguay,-58.046444,-23.331132,1.95,False,1,4314,service,1625.7494191561989
4125.0,2014-10-14 08:00:00,-58.046437,-23.331115,Panthera onca,670290B,9,Humid Chaco,Paraguay,-58.046437,-23.331115,2.0,False,1,4314,service,1624.5519629071998
4126.0,2014-10-14 10:02:00,-58.046465,-23.331199,Panthera onca,670290B,9,Humid Chaco,Paraguay,-58.046465,-23.331199,2.033333333333333,False,1,4314,service,1629.8366984368427
4127.0,2014-10-14 22:03:00,-58.047765,-23.330374,Panthera onca,670290B,9,Humid Chaco,Paraguay,-58.047765,-23.330374,12.016666666666667,False,1,4314,service,1698.9509401127088
4128.0,2014-10-15 02:00:00,-58.046564,-23.331537,Panthera onca,670290B,9,Humid Chaco,Paraguay,-58.046564,-23.331537,3.95,False,1,4314,service,1650.174350438721
4129.0,2014-10-15 06:00:00,-58.046593,-23.331487,Panthera onca,670290B,9,Humid Chaco,Paraguay,-58.046593,-23.331487,4.0,False,1,4314,service,1651.3941028377235
4130.0,2014-10-15 10:02:00,-58.046169,-23.331205,Panthera onca,670290B,9,Humid Chaco,Paraguay,-58.046169,-23.331205,4.033333333333333,False,1,4314,service,1600.9415948502458
4131.0,2014-10-15 22:01:00,-58.045998,-23.331224,Panthera onca,670290B,9,Humid Chaco,Paraguay,-58.045998,-23.331224,11.983333333333333,False,1,4314,service,1584.759813133757
4132.0,2014-10-16 00:03:00,-58.046259,-23.330375,Panthera onca,670290B,9,Humid Chaco,Paraguay,-58.046259,-23.330375,2.033333333333333,False,1,4314,service,1586.663931254657
4133.0,2014-10-16 02:00:00,-58.046222,-23.331025,Panthera onca,670290B,9,Humid Chaco,Paraguay,-58.046222,-23.331025,1.95,False,1,4314,service,1600.7011080338104
4134.0,2014-10-16 04:00:00,-58.046218,-23.33106,Panthera onca,670290B,9,Humid Chaco,Paraguay,-58.046218,-23.33106,2.0,False,1,4314,service,1601.3478097446425
4135.0,2014-10-16 06:03:00,-58.046666,-23.331941,Panthera onca,670290B,9,Humid Chaco,Paraguay,-58.046666,-23.331941,2.05,False,1,4314,service,1673.75235593803
4136.0,2014-10-16 08:00:00,-58.046198,-23.33129,Panthera onca,670290B,9,Humid Chaco,Paraguay,-58.046198,-23.33129,1.95,False,1,4314,service,1606.4424155191143
4137.0,2014-10-17 01:07:00,-58.046621,-23.331499,Panthera onca,670290B,9,Humid Chaco,Paraguay,-58.046621,-23.331499,17.116666666666667,False,1,4314,service,1654.5193442282866
4138.0,2014-10-17 02:01:00,-58.046497,-23.331657,Panthera onca,670290B,9,Humid Chaco,Paraguay,-58.046497,-23.331657,0.9,False,1,4314,service,1647.5943500556102
4139.0,2014-10-17 04:00:00,-58.047224,-23.33178,Panthera onca,670290B,9,Humid Chaco,Paraguay,-58.047224,-23.33178,1.9833333333333332,False,1,4314,service,1722.5914617665944
4140.0,2014-10-17 06:01:00,-58.047562,-23.331587,Panthera onca,670290B,9,Humid Chaco,Paraguay,-58.047562,-23.331587,2.0166666666666666,False,1,4314,service,1749.5132169774881
4141.0,2014-10-17 08:03:00,-58.048277,-23.331684,Panthera onca,670290B,9,Humid Chaco,Paraguay,-58.048277,-23.331684,2.033333333333333,False,1,4314,service,1822.7269198186816
4142.0,2014-10-17 10:02:00,-58.046839,-23.332557,Panthera onca,670290B,9,Humid Chaco,Paraguay,-58.046839,-23.332557,1.9833333333333332,False,1,4314,service,1713.1255095348622
4143.0,2014-10-17 22:03:00,-58.047215,-23.334401,Panthera onca,670290B,9,Humid Chaco,Paraguay,-58.047215,-23.334401,12.016666666666667,False,1,4314,service,1829.0522058760466
4144.0,2014-10-18 00:00:00,-58.045279,-23.335928,Panthera onca,670290B,9,Humid Chaco,Paraguay,-58.045279,-23.335928,1.95,False,1,4314,service,1741.6981838560016
4145.0,2014-10-18 02:01:00,-58.046009,-23.33568,Panthera onca,670290B,9,Humid Chaco,Paraguay,-58.046009,-23.33568,2.0166666666666666,False,1,4314,service,1789.5157226830022
4146.0,2014-10-18 04:00:00,-58.046587,-23.335709,Panthera onca,670290B,9,Humid Chaco,Paraguay,-58.046587,-23.335709,1.9833333333333332,False,1,4314,service,1841.6440282647895
4147.0,2014-10-18 06:00:00,-58.046563,-23.335695,Panthera onca,670290B,9,Humid Chaco,Paraguay,-58.046563,-23.335695,2.0,False,1,4314,service,1838.7424596196133
4148.0,2014-10-18 08:01:00,-58.046749,-23.335115,Panthera onca,670290B,9,Humid Chaco,Paraguay,-58.046749,-23.335115,2.0166666666666666,False,1,4314,service,1823.2032533039476
4149.0,2014-10-18 10:00:00,-58.046708,-23.335158,Panthera onca,670290B,9,Humid Chaco,Paraguay,-58.046708,-23.335158,1.9833333333333332,False,1,4314,service,1821.843737742477
4150.0,2014-10-18 22:03:00,-58.046438,-23.334689,Panthera onca,670290B,9,Humid Chaco,Paraguay,-58.046438,-23.334689,12.05,False,1,4314,service,1772.765394126396
4151.0,2014-10-19 00:01:00,-58.046437,-23.334946,Panthera onca,670290B,9,Humid Chaco,Paraguay,-58.046437,-23.334946,1.9666666666666663,False,1,4314,service,1786.2339551377588
4152.0,2014-10-19 02:01:00,-58.046434,-23.334825,Panthera onca,670290B,9,Humid Chaco,Paraguay,-58.046434,-23.334825,2.0,False,1,4314,service,1779.5368432544794
4153.0,2014-10-19 04:01:00,-58.046481,-23.334801,Panthera onca,670290B,9,Humid Chaco,Paraguay,-58.046481,-23.334801,2.0,False,1,4314,service,1782.4990646829813
4154.0,2014-10-19 08:00:00,-58.046134,-23.334983,Panthera onca,670290B,9,Humid Chaco,Paraguay,-58.046134,-23.334983,3.983333333333333,False,1,4314,service,1761.1769777576014
4155.0,2014-10-19 10:03:00,-58.046427,-23.335571,Panthera onca,670290B,9,Humid Chaco,Paraguay,-58.046427,-23.335571,2.05,False,1,4314,service,1819.7642797559029
4156.0,2014-10-19 22:03:00,-58.047136,-23.334372,Panthera onca,670290B,9,Humid Chaco,Paraguay,-58.047136,-23.334372,12.0,False,1,4314,service,1820.3851041558507
4157.0,2014-10-20 00:01:00,-58.047098,-23.334371,Panthera onca,670290B,9,Humid Chaco,Paraguay,-58.047098,-23.334371,1.9666666666666663,False,1,4314,service,1816.845849746772
4158.0,2014-10-20 02:01:00,-58.047144,-23.334423,Panthera onca,670290B,9,Humid Chaco,Paraguay,-58.047144,-23.334423,2.0,False,1,4314,service,1823.6033588897346
4159.0,2014-10-20 06:01:00,-58.047746,-23.333872,Panthera onca,670290B,9,Humid Chaco,Paraguay,-58.047746,-23.333872,4.0,False,1,4314,service,1853.7502263416416
4160.0,2014-10-20 08:35:00,-58.030735,-23.334374,Panthera onca,670290B,9,Humid Chaco,Paraguay,-58.030735,-23.334374,2.566666666666667,False,1,4314,service,484.83552203069274
4161.0,2014-10-20 22:01:00,-58.046139,-23.338142,Panthera onca,670290B,9,Humid Chaco,Paraguay,-58.046139,-23.338142,13.433333333333334,False,1,4314,service,1957.4483274441259
4162.0,2014-10-21 00:00:00,-58.045788,-23.338189,Panthera onca,670290B,9,Humid Chaco,Paraguay,-58.045788,-23.338189,1.9833333333333332,False,1,4314,service,1932.7394107203638
4163.0,2014-10-21 02:03:00,-58.045773,-23.338158,Panthera onca,670290B,9,Humid Chaco,Paraguay,-58.045773,-23.338158,2.05,False,1,4314,service,1929.3827678741513
4164.0,2014-10-21 04:00:00,-58.045835,-23.338226,Panthera onca,670290B,9,Humid Chaco,Paraguay,-58.045835,-23.338226,1.95,False,1,4314,service,1939.0523668980447
4165.0,2014-10-21 06:03:00,-58.044684,-23.337939,Panthera onca,670290B,9,Humid Chaco,Paraguay,-58.044684,-23.337939,2.05,False,1,4314,service,1828.444285295624
4166.0,2014-10-21 08:03:00,-58.04573,-23.338121,Panthera onca,670290B,9,Humid Chaco,Paraguay,-58.04573,-23.338121,2.0,False,1,4314,service,1923.3871847138528
4167.0,2014-10-21 10:03:00,-58.045983,-23.337667,Panthera onca,670290B,9,Humid Chaco,Paraguay,-58.045983,-23.337667,2.0,False,1,4314,service,1912.5350177294174
4168.0,2014-10-21 22:01:00,-58.046247,-23.337913,Panthera onca,670290B,9,Humid Chaco,Paraguay,-58.046247,-23.337913,11.966666666666669,False,1,4314,service,1950.5334094389218
4169.0,2014-10-22 00:02:00,-58.046028,-23.33816,Panthera onca,670290B,9,Humid Chaco,Paraguay,-58.046028,-23.33816,2.0166666666666666,False,1,4314,service,1949.8122593326623
4170.0,2014-10-22 02:03:00,-58.045521,-23.338318,Panthera onca,670290B,9,Humid Chaco,Paraguay,-58.045521,-23.338318,2.0166666666666666,False,1,4314,service,1920.814676662851
4171.0,2014-10-22 06:01:00,-58.046724,-23.338281,Panthera onca,670290B,9,Humid Chaco,Paraguay,-58.046724,-23.338281,3.966666666666667,False,1,4314,service,2014.0345701384822
4172.0,2014-10-22 08:02:00,-58.048344,-23.339543,Panthera onca,670290B,9,Humid Chaco,Paraguay,-58.048344,-23.339543,2.0166666666666666,False,1,4314,service,2230.547737976059
4173.0,2014-10-22 10:01:00,-58.048349,-23.339582,Panthera onca,670290B,9,Humid Chaco,Paraguay,-58.048349,-23.339582,1.9833333333333332,False,1,4314,service,2233.607365735913
4174.0,2014-10-22 22:01:00,-58.049015,-23.3333,Panthera onca,670290B,9,Humid Chaco,Paraguay,-58.049015,-23.3333,12.0,False,1,4314,service,1950.327878465887
4175.0,2014-10-23 00:02:00,-58.047621,-23.329613,Panthera onca,670290B,9,Humid Chaco,Paraguay,-58.047621,-23.329613,2.0166666666666666,False,1,4314,service,1614.1774581806699
4176.0,2014-10-23 02:03:00,-58.047266,-23.330591,Panthera onca,670290B,9,Humid Chaco,Paraguay,-58.047266,-23.330591,2.0166666666666666,False,1,4314,service,1692.3653163396102
4177.0,2014-10-23 06:01:00,-58.047129,-23.330516,Panthera onca,670290B,9,Humid Chaco,Paraguay,-58.047129,-23.330516,3.966666666666667,False,1,4314,service,1676.8583683163542
4178.0,2014-10-23 10:03:00,-58.045501,-23.330418,Panthera onca,670290B,9,Humid Chaco,Paraguay,-58.045501,-23.330418,4.033333333333333,False,1,4314,service,1512.3675933762606
4179.0,2014-10-23 22:02:00,-58.0417,-23.331681,Panthera onca,670290B,9,Humid Chaco,Paraguay,-58.0417,-23.331681,11.983333333333333,False,1,4314,service,1190.4626134817843
4180.0,2014-10-24 00:03:00,-58.040891,-23.331771,Panthera onca,670290B,9,Humid Chaco,Paraguay,-58.040891,-23.331771,2.0166666666666666,False,1,4314,service,1120.4672404508551
4181.0,2014-10-24 04:00:00,-58.040952,-23.33177,Panthera onca,670290B,9,Humid Chaco,Paraguay,-58.040952,-23.33177,3.95,False,1,4314,service,1125.9721132354698
4182.0,2014-10-24 08:02:00,-58.040714,-23.331776,Panthera onca,670290B,9,Humid Chaco,Paraguay,-58.040714,-23.331776,4.033333333333333,False,1,4314,service,1104.645701425995
4183.0,2014-10-24 10:01:00,-58.041015,-23.331795,Panthera onca,670290B,9,Humid Chaco,Paraguay,-58.041015,-23.331795,1.9833333333333332,False,1,4314,service,1132.9684251880983
4184.0,2014-10-24 22:01:00,-58.038474,-23.323916,Panthera onca,670290B,9,Humid Chaco,Paraguay,-58.038474,-23.323916,12.0,False,1,4314,service,655.3856567357825
4185.0,2014-10-25 00:02:00,-58.039298,-23.318566,Panthera onca,670290B,9,Humid Chaco,Paraguay,-58.039298,-23.318566,2.0166666666666666,False,1,4314,service,240.36143893453436
4186.0,2014-10-25 02:01:00,-58.038054,-23.32109,Panthera onca,670290B,9,Humid Chaco,Paraguay,-58.038054,-23.32109,1.9833333333333332,False,1,4314,service,498.20793487031716
4187.0,2014-10-25 04:01:00,-58.038211,-23.321116,Panthera onca,670290B,9,Humid Chaco,Paraguay,-58.038211,-23.321116,2.0,False,1,4314,service,502.55752477208205
4188.0,2014-10-25 06:02:00,-58.038215,-23.320961,Panthera onca,670290B,9,Humid Chaco,Paraguay,-58.038215,-23.320961,2.0166666666666666,False,1,4314,service,485.50717306646857
4189.0,2014-10-26 00:34:00,-58.035965,-23.319474,Panthera onca,670290B,9,Humid Chaco,Paraguay,-58.035965,-23.319474,18.53333333333333,False,1,4314,service,298.82281454356564
4190.0,2014-10-26 04:01:00,-58.035977,-23.319451,Panthera onca,670290B,9,Humid Chaco,Paraguay,-58.035977,-23.319451,3.45,False,1,4314,service,299.4718215919022
4191.0,2014-10-26 10:01:00,-58.036311,-23.319401,Panthera onca,670290B,9,Humid Chaco,Paraguay,-58.036311,-23.319401,6.0,False,1,4314,service,302.9839243438563
4192.0,2014-10-26 22:02:00,-58.03535,-23.318818,Panthera onca,670290B,9,Humid Chaco,Paraguay,-58.03535,-23.318818,12.016666666666667,False,1,4314,service,221.75367438413846
4193.0,2014-10-27 00:02:00,-58.032084,-23.317046,Panthera onca,670290B,9,Humid Chaco,Paraguay,-58.032084,-23.317046,2.0,False,1,4314,service,146.10384635703454
4194.0,2014-10-27 02:02:00,-58.030626,-23.31427,Panthera onca,670290B,9,Humid Chaco,Paraguay,-58.030626,-23.31427,2.0,False,1,4314,service,423.0584848768071
4195.0,2014-10-27 08:59:00,-58.028421,-23.311101,Panthera onca,670290B,9,Humid Chaco,Paraguay,-58.028421,-23.311101,6.95,False,1,4314,service,835.1437662813456
4196.0,2014-10-27 10:01:00,-58.028369,-23.311038,Panthera onca,670290B,9,Humid Chaco,Paraguay,-58.028369,-23.311038,1.0333333333333334,False,1,4314,service,843.9075324228186
4197.0,2014-10-27 22:00:00,-58.027991,-23.31021,Panthera onca,670290B,9,Humid Chaco,Paraguay,-58.027991,-23.31021,11.983333333333333,False,1,4314,service,939.1602443684864
4198.0,2014-10-28 00:02:00,-58.026507,-23.305821,Panthera onca,670290B,9,Humid Chaco,Paraguay,-58.026507,-23.305821,2.033333333333333,False,1,4340,track,1346.2814762009712
4199.0,2014-10-28 02:03:00,-58.031101,-23.307427,Panthera onca,670290B,9,Humid Chaco,Paraguay,-58.031101,-23.307427,2.0166666666666666,False,1,4314,service,1060.65744912908
4200.0,2014-10-28 04:00:00,-58.03151,-23.309184,Panthera onca,670290B,9,Humid Chaco,Paraguay,-58.03151,-23.309184,1.95,False,1,4314,service,862.3121840384058
4201.0,2014-10-28 06:02:00,-58.031457,-23.309172,Panthera onca,670290B,9,Humid Chaco,Paraguay,-58.031457,-23.309172,2.033333333333333,False,1,4314,service,865.1980179507219
4202.0,2014-10-28 10:00:00,-58.033741,-23.31112,Panthera onca,670290B,9,Humid Chaco,Paraguay,-58.033741,-23.31112,3.966666666666667,False,1,4314,service,605.072466233604
4203.0,2014-10-29 00:03:00,-58.033681,-23.311567,Panthera onca,670290B,9,Humid Chaco,Paraguay,-58.033681,-23.311567,14.05,False,1,4314,service,557.3176136656632
4204.0,2014-10-29 00:57:00,-58.033165,-23.311413,Panthera onca,670290B,9,Humid Chaco,Paraguay,-58.033165,-23.311413,0.9,False,1,4314,service,583.1116407611252
4205.0,2014-10-29 02:02:00,-58.03467,-23.317629,Panthera onca,670290B,9,Humid Chaco,Paraguay,-58.03467,-23.317629,1.0833333333333333,False,1,4314,service,121.27987018830486
4206.0,2014-10-29 04:00:00,-58.034388,-23.317707,Panthera onca,670290B,9,Humid Chaco,Paraguay,-58.034388,-23.317707,1.9666666666666663,False,1,4314,service,99.29447827075157
4207.0,2014-10-29 08:01:00,-58.034394,-23.317666,Panthera onca,670290B,9,Humid Chaco,Paraguay,-58.034394,-23.317666,4.016666666666667,False,1,4314,service,99.00113948303135
4208.0,2014-10-29 22:03:00,-58.035748,-23.320005,Panthera onca,670290B,9,Humid Chaco,Paraguay,-58.035748,-23.320005,14.033333333333331,False,1,4314,service,289.83447156147736
4209.0,2014-10-30 02:00:00,-58.036046,-23.320288,Panthera onca,670290B,9,Humid Chaco,Paraguay,-58.036046,-23.320288,3.95,False,1,4314,service,326.34574632559594
4210.0,2014-10-30 04:00:00,-58.036065,-23.320305,Panthera onca,670290B,9,Humid Chaco,Paraguay,-58.036065,-23.320305,2.0,False,1,4314,service,328.6487079061679
4211.0,2014-10-30 06:01:00,-58.033374,-23.322802,Panthera onca,670290B,9,Humid Chaco,Paraguay,-58.033374,-23.322802,2.0166666666666666,False,1,4314,service,119.58228174618111
4212.0,2014-10-30 08:03:00,-58.035372,-23.323543,Panthera onca,670290B,9,Humid Chaco,Paraguay,-58.035372,-23.323543,2.033333333333333,False,1,4314,service,336.7633911810522
4213.0,2014-10-30 10:00:00,-58.036347,-23.323505,Panthera onca,670290B,9,Humid Chaco,Paraguay,-58.036347,-23.323505,1.95,False,1,4314,service,433.2043555929771
4214.0,2014-10-30 22:01:00,-58.038747,-23.328513,Panthera onca,670290B,9,Humid Chaco,Paraguay,-58.038747,-23.328513,12.016666666666667,False,1,4314,service,792.1636548435217
4215.0,2014-10-31 00:03:00,-58.038229,-23.328264,Panthera onca,670290B,9,Humid Chaco,Paraguay,-58.038229,-23.328264,2.033333333333333,False,1,4314,service,734.5140934771186
4216.0,2014-10-31 02:02:00,-58.038729,-23.328356,Panthera onca,670290B,9,Humid Chaco,Paraguay,-58.038729,-23.328356,1.9833333333333332,False,1,4314,service,786.6318715623103
4217.0,2014-10-31 04:01:00,-58.038518,-23.328037,Panthera onca,670290B,9,Humid Chaco,Paraguay,-58.038518,-23.328037,1.9833333333333332,False,1,4314,service,757.9740002716702
4218.0,2014-10-31 06:02:00,-58.038814,-23.328321,Panthera onca,670290B,9,Humid Chaco,Paraguay,-58.038814,-23.328321,2.0166666666666666,False,1,4314,service,794.2873968670685
4219.0,2014-10-31 08:01:00,-58.038702,-23.328326,Panthera onca,670290B,9,Humid Chaco,Paraguay,-58.038702,-23.328326,1.9833333333333332,False,1,4314,service,783.2221129719574
4220.0,2014-10-31 10:01:00,-58.038921,-23.328325,Panthera onca,670290B,9,Humid Chaco,Paraguay,-58.038921,-23.328325,2.0,False,1,4314,service,805.0674567473608
4221.0,2014-10-31 22:01:00,-58.03876,-23.328425,Panthera onca,670290B,9,Humid Chaco,Paraguay,-58.03876,-23.328425,12.0,False,1,4314,service,791.3686985867664
4222.0,2014-11-01 00:01:00,-58.038668,-23.328205,Panthera onca,670290B,9,Humid Chaco,Paraguay,-58.038668,-23.328205,2.0,False,1,4314,service,776.9488550454793
4223.0,2014-11-01 01:09:00,-58.038858,-23.328116,Panthera onca,670290B,9,Humid Chaco,Paraguay,-58.038858,-23.328116,1.1333333333333333,False,1,4314,service,793.80518590182
4224.0,2014-11-01 02:00:00,-58.038792,-23.328214,Panthera onca,670290B,9,Humid Chaco,Paraguay,-58.038792,-23.328214,0.85,False,1,4314,service,789.5454540950462
4225.0,2014-11-01 04:00:00,-58.038673,-23.328333,Panthera onca,670290B,9,Humid Chaco,Paraguay,-58.038673,-23.328333,2.0,False,1,4314,service,780.492700342837
4226.0,2014-11-01 06:02:00,-58.038671,-23.328283,Panthera onca,670290B,9,Humid Chaco,Paraguay,-58.038671,-23.328283,2.033333333333333,False,1,4314,service,779.1037050480442
4227.0,2014-11-01 08:01:00,-58.039106,-23.328249,Panthera onca,670290B,9,Humid Chaco,Paraguay,-58.039106,-23.328249,1.9833333333333332,False,1,4314,service,821.7337084256067
4228.0,2014-11-01 10:03:00,-58.038939,-23.327965,Panthera onca,670290B,9,Humid Chaco,Paraguay,-58.038939,-23.327965,2.033333333333333,False,1,4314,service,798.3021932388821
4229.0,2014-11-01 22:00:00,-58.039322,-23.331898,Panthera onca,670290B,9,Humid Chaco,Paraguay,-58.039322,-23.331898,11.95,False,1,4314,service,987.8029403709731
4230.0,2014-11-02 02:00:00,-58.039403,-23.331718,Panthera onca,670290B,9,Humid Chaco,Paraguay,-58.039403,-23.331718,4.0,False,1,4314,service,984.4631536894165
4231.0,2014-11-02 06:02:00,-58.040269,-23.332614,Panthera onca,670290B,9,Humid Chaco,Paraguay,-58.040269,-23.332614,4.033333333333333,False,1,4314,service,1112.0593754259983
4232.0,2014-11-02 08:01:00,-58.045675,-23.334948,Panthera onca,670290B,9,Humid Chaco,Paraguay,-58.045675,-23.334948,1.9833333333333332,False,1,4314,service,1718.524047885086
4233.0,2014-11-02 10:03:00,-58.051171,-23.335852,Panthera onca,670290B,9,Humid Chaco,Paraguay,-58.051171,-23.335852,2.033333333333333,False,1,4261,service,2121.389409854577
4234.0,2014-11-02 22:02:00,-58.067481,-23.342699,Panthera onca,670290B,9,Humid Chaco,Paraguay,-58.067481,-23.342699,11.983333333333333,False,1,4261,service,2026.5686206629061
4235.0,2014-11-03 00:03:00,-58.066716,-23.345923,Panthera onca,670290B,9,Humid Chaco,Paraguay,-58.066716,-23.345923,2.0166666666666666,False,1,4261,service,2390.860927523503
4236.0,2014-11-03 02:03:00,-58.067951,-23.338952,Panthera onca,670290B,9,Humid Chaco,Paraguay,-58.067951,-23.338952,2.0,False,1,4261,service,1609.0199722658087
4237.0,2014-11-03 04:03:00,-58.050503,-23.331449,Panthera onca,670290B,9,Humid Chaco,Paraguay,-58.050503,-23.331449,2.0,False,1,4261,service,1779.9780197324799
4238.0,2014-11-03 06:03:00,-58.045815,-23.33638,Panthera onca,670290B,9,Humid Chaco,Paraguay,-58.045815,-23.33638,2.0,False,1,4314,service,1815.1253345355387
4239.0,2014-11-03 08:02:00,-58.042226,-23.337953,Panthera onca,670290B,9,Humid Chaco,Paraguay,-58.042226,-23.337953,1.9833333333333332,False,1,4314,service,1647.369620912205
4240.0,2014-11-03 08:29:00,-58.042035,-23.337839,Panthera onca,670290B,9,Humid Chaco,Paraguay,-58.042035,-23.337839,0.45,False,1,4314,service,1624.7493039486576
4241.0,2014-11-03 08:54:00,-58.04217,-23.33797,Panthera onca,670290B,9,Humid Chaco,Paraguay,-58.04217,-23.33797,0.4166666666666667,False,1,4314,service,1644.7711579591617
4242.0,2014-11-03 10:03:00,-58.040888,-23.337709,Panthera onca,670290B,9,Humid Chaco,Paraguay,-58.040888,-23.337709,1.15,False,1,4314,service,1533.2742162818413
4243.0,2014-11-03 22:01:00,-58.040201,-23.334236,Panthera onca,670290B,9,Humid Chaco,Paraguay,-58.040201,-23.334236,11.966666666666669,False,1,4314,service,1213.6435692968557
4244.0,2014-11-04 00:01:00,-58.032917,-23.328916,Panthera onca,670290B,9,Humid Chaco,Paraguay,-58.032917,-23.328916,2.0,False,1,4314,service,266.42572045987123
4245.0,2014-11-04 02:01:00,-58.032829,-23.329009,Panthera onca,670290B,9,Humid Chaco,Paraguay,-58.032829,-23.329009,2.0,False,1,4314,service,267.64542547837755
4246.0,2014-11-04 04:03:00,-58.031709,-23.326185,Panthera onca,670290B,9,Humid Chaco,Paraguay,-58.031709,-23.326185,2.033333333333333,False,1,4314,service,33.97640495613586
4247.0,2014-11-04 06:01:00,-58.03411,-23.324622,Panthera onca,670290B,9,Humid Chaco,Paraguay,-58.03411,-23.324622,1.9666666666666663,False,1,4314,service,236.52259095578918
4248.0,2014-11-04 08:03:00,-58.030596,-23.31339,Panthera onca,670290B,9,Humid Chaco,Paraguay,-58.030596,-23.31339,2.033333333333333,False,1,4314,service,498.08904660590326
4249.0,2014-11-04 10:01:00,-58.030623,-23.313475,Panthera onca,670290B,9,Humid Chaco,Paraguay,-58.030623,-23.313475,1.9666666666666663,False,1,4314,service,489.08098606197063
4250.0,2014-11-04 22:03:00,-58.022496,-23.302095,Panthera onca,670290B,9,Humid Chaco,Paraguay,-58.022496,-23.302095,12.033333333333331,False,1,4340,track,1398.807027305059
4251.0,2014-11-05 00:03:00,-58.014889,-23.294467,Panthera onca,670290B,9,Humid Chaco,Paraguay,-58.014889,-23.294467,2.0,False,1,4346,unclassified,878.5855493534931
4252.0,2014-11-05 00:37:00,-58.015705,-23.293408,Panthera onca,670290B,9,Humid Chaco,Paraguay,-58.015705,-23.293408,0.5666666666666667,False,1,4346,unclassified,962.2719943370608
4253.0,2014-11-05 01:11:00,-58.015797,-23.29362,Panthera onca,670290B,9,Humid Chaco,Paraguay,-58.015797,-23.29362,0.5666666666666667,False,1,4346,unclassified,971.6343603597577
4254.0,2014-11-05 02:00:00,-58.015874,-23.293751,Panthera onca,670290B,9,Humid Chaco,Paraguay,-58.015874,-23.293751,0.8166666666666667,False,1,4346,unclassified,979.480454944792
4255.0,2014-11-05 06:03:00,-58.015656,-23.29357,Panthera onca,670290B,9,Humid Chaco,Paraguay,-58.015656,-23.29357,4.05,False,1,4346,unclassified,957.225015916896
4256.0,2014-11-05 08:03:00,-58.015822,-23.293662,Panthera onca,670290B,9,Humid Chaco,Paraguay,-58.015822,-23.293662,2.0,False,1,4346,unclassified,974.1819126281163
4257.0,2014-11-05 10:02:00,-58.015718,-23.293593,Panthera onca,670290B,9,Humid Chaco,Paraguay,-58.015718,-23.293593,1.9833333333333332,False,1,4346,unclassified,963.5608177891714
4258.0,2014-11-05 22:02:00,-58.017994,-23.293468,Panthera onca,670290B,9,Humid Chaco,Paraguay,-58.017994,-23.293468,12.0,False,1,4346,unclassified,1196.359633025874
4259.0,2014-11-06 00:00:00,-58.017971,-23.293416,Panthera onca,670290B,9,Humid Chaco,Paraguay,-58.017971,-23.293416,1.9666666666666663,False,1,4346,unclassified,1194.0189074296547
4260.0,2014-11-06 04:03:00,-58.016681,-23.293615,Panthera onca,670290B,9,Humid Chaco,Paraguay,-58.016681,-23.293615,4.05,False,1,4346,unclassified,1062.0438865619224
4261.0,2014-11-06 06:03:00,-58.018282,-23.293193,Panthera onca,670290B,9,Humid Chaco,Paraguay,-58.018282,-23.293193,2.0,False,1,4346,unclassified,1225.875066466703
4262.0,2014-11-06 08:02:00,-58.017941,-23.293374,Panthera onca,670290B,9,Humid Chaco,Paraguay,-58.017941,-23.293374,1.9833333333333332,False,1,4346,unclassified,1190.9600567489026
4263.0,2014-11-06 22:00:00,-58.022368,-23.295023,Panthera onca,670290B,9,Humid Chaco,Paraguay,-58.022368,-23.295023,13.966666666666669,False,1,4346,unclassified,1643.3480210388896
4264.0,2014-11-07 00:03:00,-58.0262,-23.303015,Panthera onca,670290B,9,Humid Chaco,Paraguay,-58.0262,-23.303015,2.05,False,1,4340,track,1534.5396626222414
4265.0,2014-11-07 02:02:00,-58.029734,-23.306,Panthera onca,670290B,9,Humid Chaco,Paraguay,-58.029734,-23.306,1.9833333333333332,False,1,4314,service,1254.7013211680173
4266.0,2014-11-07 04:03:00,-58.030091,-23.306964,Panthera onca,670290B,9,Humid Chaco,Paraguay,-58.030091,-23.306964,2.0166666666666666,False,1,4314,service,1141.9386862374847
4267.0,2014-11-07 06:03:00,-58.031288,-23.307773,Panthera onca,670290B,9,Humid Chaco,Paraguay,-58.031288,-23.307773,2.0,False,1,4314,service,1018.5554657617943
4268.0,2014-11-07 08:02:00,-58.031309,-23.308517,Panthera onca,670290B,9,Humid Chaco,Paraguay,-58.031309,-23.308517,1.9833333333333332,False,1,4314,service,938.9396515648544
4269.0,2014-11-07 10:02:00,-58.03151,-23.308353,Panthera onca,670290B,9,Humid Chaco,Paraguay,-58.03151,-23.308353,2.0,False,1,4314,service,950.5909278518833
4270.0,2014-11-07 22:03:00,-58.028042,-23.310184,Panthera onca,670290B,9,Humid Chaco,Paraguay,-58.028042,-23.310184,12.016666666666667,False,1,4314,service,938.0492048797324
4271.0,2014-11-08 00:03:00,-58.027675,-23.309994,Panthera onca,670290B,9,Humid Chaco,Paraguay,-58.027675,-23.309994,2.0,False,1,4314,service,978.193003749914
4272.0,2014-11-08 04:00:00,-58.028004,-23.310112,Panthera onca,670290B,9,Humid Chaco,Paraguay,-58.028004,-23.310112,3.95,False,1,4314,service,946.6668065778464
4273.0,2014-11-08 06:01:00,-58.028336,-23.310491,Panthera onca,670290B,9,Humid Chaco,Paraguay,-58.028336,-23.310491,2.0166666666666666,False,1,4314,service,892.6938955330743
4274.0,2014-11-08 08:02:00,-58.031079,-23.311853,Panthera onca,670290B,9,Humid Chaco,Paraguay,-58.031079,-23.311853,2.0166666666666666,False,1,4314,service,607.0499136254112
4275.0,2014-11-08 10:02:00,-58.031189,-23.311918,Panthera onca,670290B,9,Humid Chaco,Paraguay,-58.031189,-23.311918,2.0,False,1,4314,service,595.2767900236346
4276.0,2014-11-08 22:01:00,-58.03075,-23.312462,Panthera onca,670290B,9,Humid Chaco,Paraguay,-58.03075,-23.312462,11.983333333333333,False,1,4314,service,568.4082329370866
4277.0,2014-11-09 00:03:00,-58.03048,-23.313558,Panthera onca,670290B,9,Humid Chaco,Paraguay,-58.03048,-23.313558,2.033333333333333,False,1,4314,service,491.3385645075407
4278.0,2014-11-09 04:00:00,-58.030486,-23.312541,Panthera onca,670290B,9,Humid Chaco,Paraguay,-58.030486,-23.312541,3.95,False,1,4314,service,577.7567040377845
4279.0,2014-11-09 06:03:00,-58.030699,-23.311404,Panthera onca,670290B,9,Humid Chaco,Paraguay,-58.030699,-23.311404,2.05,False,1,4314,service,669.5219781539497
4280.0,2014-11-09 08:03:00,-58.030571,-23.312423,Panthera onca,670290B,9,Humid Chaco,Paraguay,-58.030571,-23.312423,2.0,False,1,4314,service,582.7566019112601
4281.0,2014-11-09 10:01:00,-58.030689,-23.312641,Panthera onca,670290B,9,Humid Chaco,Paraguay,-58.030689,-23.312641,1.9666666666666663,False,1,4314,service,556.24445958836
4282.0,2014-11-09 22:03:00,-58.030976,-23.312906,Panthera onca,670290B,9,Humid Chaco,Paraguay,-58.030976,-23.312906,12.033333333333331,False,1,4314,service,515.1236586480364
4283.0,2014-11-10 00:03:00,-58.029932,-23.314022,Panthera onca,670290B,9,Humid Chaco,Paraguay,-58.029932,-23.314022,2.0,False,1,4314,service,493.68305969234626
4284.0,2014-11-10 02:03:00,-58.031303,-23.314106,Panthera onca,670290B,9,Humid Chaco,Paraguay,-58.031303,-23.314106,2.0,False,1,4314,service,390.91918495033406
4285.0,2014-11-10 04:03:00,-58.040552,-23.325892,Panthera onca,670290B,9,Humid Chaco,Paraguay,-58.040552,-23.325892,2.0,False,1,4314,service,910.032883168667
4286.0,2014-11-10 04:33:00,-58.041204,-23.329667,Panthera onca,670290B,9,Humid Chaco,Paraguay,-58.041204,-23.329667,0.5,False,1,4314,service,1066.1415398012127
4287.0,2014-11-10 05:04:00,-58.037197,-23.33425,Panthera onca,670290B,9,Humid Chaco,Paraguay,-58.037197,-23.33425,0.5166666666666667,False,1,4314,service,995.6691618541128
4288.0,2014-11-10 06:02:00,-58.032707,-23.335739,Panthera onca,670290B,9,Humid Chaco,Paraguay,-58.032707,-23.335739,0.9666666666666668,False,1,4314,service,735.290446609554
4289.0,2014-11-10 08:02:00,-58.037667,-23.339515,Panthera onca,670290B,9,Humid Chaco,Paraguay,-58.037667,-23.339515,2.0,False,1,4314,service,1384.5211475567055
4290.0,2014-11-10 10:03:00,-58.045646,-23.342274,Panthera onca,670290B,9,Humid Chaco,Paraguay,-58.045646,-23.342274,2.0166666666666666,False,1,4314,service,2234.766896943171
4291.0,2014-11-10 22:02:00,-58.045666,-23.338495,Panthera onca,670290B,9,Humid Chaco,Paraguay,-58.045666,-23.338495,11.983333333333333,False,1,4314,service,1944.7787164968865
4292.0,2014-11-11 00:00:00,-58.045768,-23.33571,Panthera onca,670290B,9,Humid Chaco,Paraguay,-58.045768,-23.33571,1.9666666666666663,False,1,4314,service,1770.3995888303175
4293.0,2014-11-11 02:03:00,-58.045539,-23.336815,Panthera onca,670290B,9,Humid Chaco,Paraguay,-58.045539,-23.336815,2.05,False,1,4314,service,1819.735382140357
4294.0,2014-11-11 04:03:00,-58.049635,-23.341891,Panthera onca,670290B,9,Humid Chaco,Paraguay,-58.049635,-23.341891,2.0,False,1,4314,service,2497.5330211686205
4295.0,2014-11-11 06:00:00,-58.058911,-23.344461,Panthera onca,670290B,9,Humid Chaco,Paraguay,-58.058911,-23.344461,1.95,False,1,4261,service,2458.6893848934737
4296.0,2014-11-11 08:02:00,-58.061459,-23.351643,Panthera onca,670290B,9,Humid Chaco,Paraguay,-58.061459,-23.351643,2.033333333333333,False,1,4261,service,3119.140745348948
4297.0,2014-11-11 08:35:00,-58.066291,-23.354493,Panthera onca,670290B,9,Humid Chaco,Paraguay,-58.066291,-23.354493,0.55,False,1,4261,service,3336.960257354772
4298.0,2014-11-11 09:07:00,-58.06956,-23.355701,Panthera onca,670290B,9,Humid Chaco,Paraguay,-58.06956,-23.355701,0.5333333333333333,False,1,4261,service,3412.425379610976
4299.0,2014-11-11 22:02:00,-58.080292,-23.351146,Panthera onca,670290B,9,Humid Chaco,Paraguay,-58.080292,-23.351146,12.916666666666666,False,1,4261,service,2900.823673912379
4300.0,2014-11-12 00:03:00,-58.083622,-23.352487,Panthera onca,670290B,9,Humid Chaco,Paraguay,-58.083622,-23.352487,2.0166666666666666,False,1,4317,track,2954.614702583016
4301.0,2014-11-12 00:33:00,-58.083633,-23.352495,Panthera onca,670290B,9,Humid Chaco,Paraguay,-58.083633,-23.352495,0.5,False,1,4317,track,2953.2465553467673
4302.0,2014-11-12 01:01:00,-58.085471,-23.354585,Panthera onca,670290B,9,Humid Chaco,Paraguay,-58.085471,-23.354585,0.4666666666666667,False,1,4317,track,2698.6733078127268
4303.0,2014-11-12 04:02:00,-58.083897,-23.354079,Panthera onca,670290B,9,Humid Chaco,Paraguay,-58.083897,-23.354079,3.0166666666666666,False,1,4317,track,2869.017269367569
4304.0,2014-11-12 06:03:00,-58.074372,-23.361895,Panthera onca,670290B,9,Humid Chaco,Paraguay,-58.074372,-23.361895,2.0166666666666666,False,1,4330,track,2917.76502788433
4305.0,2014-11-12 08:01:00,-58.074919,-23.361982,Panthera onca,670290B,9,Humid Chaco,Paraguay,-58.074919,-23.361982,1.9666666666666663,False,1,4330,track,2892.344113756098
4306.0,2014-11-12 10:01:00,-58.073835,-23.361143,Panthera onca,670290B,9,Humid Chaco,Paraguay,-58.073835,-23.361143,2.0,False,1,4330,track,3013.7309150504234
4307.0,2014-11-13 00:03:00,-58.074067,-23.362957,Panthera onca,670290B,9,Humid Chaco,Paraguay,-58.074067,-23.362957,14.033333333333331,False,1,4330,track,2815.5632971563346
4308.0,2014-11-13 02:03:00,-58.075338,-23.362827,Panthera onca,670290B,9,Humid Chaco,Paraguay,-58.075338,-23.362827,2.0,False,1,4330,track,2790.552356425402
4309.0,2014-11-13 06:02:00,-58.074849,-23.362322,Panthera onca,670290B,9,Humid Chaco,Paraguay,-58.074849,-23.362322,3.983333333333333,False,1,4330,track,2858.286337863001
4310.0,2014-11-13 08:03:00,-58.07471,-23.361831,Panthera onca,670290B,9,Humid Chaco,Paraguay,-58.07471,-23.361831,2.0166666666666666,False,1,4330,track,2914.4415791213873
4311.0,2014-11-13 10:03:00,-58.074606,-23.362128,Panthera onca,670290B,9,Humid Chaco,Paraguay,-58.074606,-23.362128,2.0,False,1,4330,track,2886.0495057859107
4312.0,2014-11-13 22:01:00,-58.073772,-23.361145,Panthera onca,670290B,9,Humid Chaco,Paraguay,-58.073772,-23.361145,11.966666666666669,False,1,4330,track,3015.502265481867
4313.0,2014-11-14 00:02:00,-58.068178,-23.362462,Panthera onca,670290B,9,Humid Chaco,Paraguay,-58.068178,-23.362462,2.0166666666666666,False,1,4330,track,3109.620530605552
4314.0,2014-11-14 02:03:00,-58.07301,-23.358214,Panthera onca,670290B,9,Humid Chaco,Paraguay,-58.07301,-23.358214,2.0166666666666666,False,1,4330,track,3348.3227057246845
4315.0,2014-11-14 04:03:00,-58.072688,-23.359448,Panthera onca,670290B,9,Humid Chaco,Paraguay,-58.072688,-23.359448,2.0,False,1,4330,track,3228.7761764004804
4316.0,2014-11-14 04:32:00,-58.072289,-23.358992,Panthera onca,670290B,9,Humid Chaco,Paraguay,-58.072289,-23.358992,0.4833333333333333,False,1,4330,track,3289.8008334865767
4317.0,2014-11-14 06:02:00,-58.074601,-23.361993,Panthera onca,670290B,9,Humid Chaco,Paraguay,-58.074601,-23.361993,1.5,False,1,4330,track,2900.492984989624
4318.0,2014-11-14 08:02:00,-58.07465,-23.361827,Panthera onca,670290B,9,Humid Chaco,Paraguay,-58.07465,-23.361827,2.0,False,1,4330,track,2916.62912144814
4319.0,2014-11-14 10:02:00,-58.074633,-23.361927,Panthera onca,670290B,9,Humid Chaco,Paraguay,-58.074633,-23.361927,2.0,False,1,4330,track,2906.532925063779
4320.0,2014-11-14 22:02:00,-58.04644,-23.333967,Panthera onca,670290B,9,Humid Chaco,Paraguay,-58.04644,-23.333967,12.0,False,1,4314,service,1736.7898070070466
4321.0,2014-11-15 00:02:00,-58.040592,-23.333276,Panthera onca,670290B,9,Humid Chaco,Paraguay,-58.040592,-23.333276,2.0,False,1,4314,service,1180.4033964835123
4322.0,2014-11-15 00:32:00,-58.038606,-23.332266,Panthera onca,670290B,9,Humid Chaco,Paraguay,-58.038606,-23.332266,0.5,False,1,4314,service,950.2626822459833
4323.0,2014-11-15 01:01:00,-58.038404,-23.331785,Panthera onca,670290B,9,Humid Chaco,Paraguay,-58.038404,-23.331785,0.4833333333333333,False,1,4314,service,902.4890996468758
4324.0,2014-11-15 02:01:00,-58.037291,-23.330659,Panthera onca,670290B,9,Humid Chaco,Paraguay,-58.037291,-23.330659,1.0,False,1,4314,service,739.0185396202306
4325.0,2014-11-15 06:02:00,-58.034446,-23.325631,Panthera onca,670290B,9,Humid Chaco,Paraguay,-58.034446,-23.325631,4.016666666666667,False,1,4314,service,294.11316536265366
4326.0,2014-11-15 08:01:00,-58.034518,-23.32524,Panthera onca,670290B,9,Humid Chaco,Paraguay,-58.034518,-23.32524,1.9833333333333332,False,1,4314,service,292.00172046622293
4327.0,2014-11-15 22:02:00,-58.035633,-23.322912,Panthera onca,670290B,9,Humid Chaco,Paraguay,-58.035633,-23.322912,14.016666666666667,False,1,4314,service,347.75752837502836
4328.0,2014-11-16 05:08:00,-58.034763,-23.321299,Panthera onca,670290B,9,Humid Chaco,Paraguay,-58.034763,-23.321299,7.1,False,1,4314,service,222.38099411434786
4329.0,2014-11-16 06:03:00,-58.033535,-23.321059,Panthera onca,670290B,9,Humid Chaco,Paraguay,-58.033535,-23.321059,0.9166666666666666,False,1,4314,service,94.04010061881738
4330.0,2014-11-16 08:03:00,-58.033305,-23.320078,Panthera onca,670290B,9,Humid Chaco,Paraguay,-58.033305,-23.320078,2.0,False,1,4314,service,47.652314058677355
4331.0,2014-11-17 00:02:00,-58.03334,-23.3137,Panthera onca,670290B,9,Humid Chaco,Paraguay,-58.03334,-23.3137,15.983333333333333,False,1,4314,service,330.7625897986757
4332.0,2014-11-17 02:03:00,-58.033818,-23.311967,Panthera onca,670290B,9,Humid Chaco,Paraguay,-58.033818,-23.311967,2.0166666666666666,False,1,4314,service,511.29017607609245
4333.0,2014-11-17 04:01:00,-58.034167,-23.311767,Panthera onca,670290B,9,Humid Chaco,Paraguay,-58.034167,-23.311767,1.9666666666666663,False,1,4314,service,528.3275943029752
4334.0,2014-11-17 06:02:00,-58.034426,-23.311547,Panthera onca,670290B,9,Humid Chaco,Paraguay,-58.034426,-23.311547,2.0166666666666666,False,1,4314,service,550.6423375328212
4335.0,2014-11-17 08:03:00,-58.026213,-23.302279,Panthera onca,670290B,9,Humid Chaco,Paraguay,-58.026213,-23.302279,2.0166666666666666,False,1,4340,track,1596.5756103669835
4336.0,2014-11-17 22:03:00,-58.025953,-23.300162,Panthera onca,670290B,9,Humid Chaco,Paraguay,-58.025953,-23.300162,14.0,False,1,4340,track,1766.2278629767668
4337.0,2014-11-18 00:27:00,-58.027235,-23.300995,Panthera onca,670290B,9,Humid Chaco,Paraguay,-58.027235,-23.300995,2.4,False,1,4340,track,1772.6200834052424
4338.0,2014-11-18 04:03:00,-58.026772,-23.300526,Panthera onca,670290B,9,Humid Chaco,Paraguay,-58.026772,-23.300526,3.6,False,1,4340,track,1783.321011707215
4339.0,2014-11-18 06:00:00,-58.027333,-23.299893,Panthera onca,670290B,9,Humid Chaco,Paraguay,-58.027333,-23.299893,1.95,False,1,4340,track,1873.862913422145
4340.0,2014-11-18 10:03:00,-58.026972,-23.300491,Panthera onca,670290B,9,Humid Chaco,Paraguay,-58.026972,-23.300491,4.05,False,1,4340,track,1798.963240561801
4341.0,2014-11-18 22:01:00,-58.023359,-23.293813,Panthera onca,670290B,9,Humid Chaco,Paraguay,-58.023359,-23.293813,11.966666666666669,False,1,4335,track,1510.3837992474055
4342.0,2014-11-19 02:03:00,-58.021662,-23.295313,Panthera onca,670290B,9,Humid Chaco,Paraguay,-58.021662,-23.295313,4.033333333333333,False,1,4346,unclassified,1571.079507746476
4343.0,2014-11-19 04:03:00,-58.021793,-23.294893,Panthera onca,670290B,9,Humid Chaco,Paraguay,-58.021793,-23.294893,2.0,False,1,4346,unclassified,1584.5713884637182
4344.0,2014-11-19 06:00:00,-58.02086,-23.295186,Panthera onca,670290B,9,Humid Chaco,Paraguay,-58.02086,-23.295186,1.95,False,1,4346,unclassified,1489.0867783366052
4345.0,2014-11-19 08:03:00,-58.019164,-23.294471,Panthera onca,670290B,9,Humid Chaco,Paraguay,-58.019164,-23.294471,2.05,False,1,4346,unclassified,1315.7946510889988
4346.0,2014-11-19 10:02:00,-58.01946,-23.294778,Panthera onca,670290B,9,Humid Chaco,Paraguay,-58.01946,-23.294778,1.9833333333333332,False,1,4346,unclassified,1345.9985325867367
4347.0,2014-11-20 00:02:00,-58.023462,-23.287253,Panthera onca,670290B,9,Humid Chaco,Paraguay,-58.023462,-23.287253,14.0,False,1,4335,track,810.8723274231836
4348.0,2014-11-20 00:31:00,-58.026632,-23.287473,Panthera onca,670290B,9,Humid Chaco,Paraguay,-58.026632,-23.287473,0.4833333333333333,False,1,4335,track,766.5116992815616
4349.0,2014-11-20 01:02:00,-58.031169,-23.291771,Panthera onca,670290B,9,Humid Chaco,Paraguay,-58.031169,-23.291771,0.5166666666666667,False,1,4335,track,1247.5548702953006
4350.0,2014-11-20 02:02:00,-58.040139,-23.292877,Panthera onca,670290B,9,Humid Chaco,Paraguay,-58.040139,-23.292877,1.0,False,1,4334,track,1246.2382538147613
4351.0,2014-11-20 04:03:00,-58.041618,-23.299571,Panthera onca,670290B,9,Humid Chaco,Paraguay,-58.041618,-23.299571,2.0166666666666666,False,1,4334,track,1192.0953900692505
4352.0,2014-11-20 06:03:00,-58.04562,-23.301829,Panthera onca,670290B,9,Humid Chaco,Paraguay,-58.04562,-23.301829,2.0,False,1,4334,track,841.7805839776784
4353.0,2014-11-20 08:02:00,-58.045374,-23.301746,Panthera onca,670290B,9,Humid Chaco,Paraguay,-58.045374,-23.301746,1.9833333333333332,False,1,4334,track,861.9162025449957
4354.0,2014-11-20 10:03:00,-58.049409,-23.297344,Panthera onca,670290B,9,Humid Chaco,Paraguay,-58.049409,-23.297344,2.0166666666666666,False,1,4334,track,418.49306364408153
4355.0,2014-11-20 22:01:00,-58.035183,-23.297169,Panthera onca,670290B,9,Humid Chaco,Paraguay,-58.035183,-23.297169,11.966666666666669,False,1,4335,track,1851.089958121761
4356.0,2014-11-21 00:02:00,-58.035192,-23.297077,Panthera onca,670290B,9,Humid Chaco,Paraguay,-58.035192,-23.297077,2.0166666666666666,False,1,4335,track,1840.9181796108294
4357.0,2014-11-21 04:01:00,-58.035125,-23.296961,Panthera onca,670290B,9,Humid Chaco,Paraguay,-58.035125,-23.296961,3.983333333333333,False,1,4335,track,1827.976922014495
4358.0,2014-11-21 06:03:00,-58.029258,-23.293631,Panthera onca,670290B,9,Humid Chaco,Paraguay,-58.029258,-23.293631,2.033333333333333,False,1,4335,track,1450.6488916119288
4359.0,2014-11-21 08:01:00,-58.027225,-23.290515,Panthera onca,670290B,9,Humid Chaco,Paraguay,-58.027225,-23.290515,1.9666666666666663,False,1,4335,track,1103.0362009317894
4360.0,2014-11-21 22:02:00,-58.015726,-23.29053,Panthera onca,670290B,9,Humid Chaco,Paraguay,-58.015726,-23.29053,14.016666666666667,False,1,4346,unclassified,965.0529669940281
4361.0,2014-11-22 00:55:00,-58.015381,-23.290632,Panthera onca,670290B,9,Humid Chaco,Paraguay,-58.015381,-23.290632,2.8833333333333333,False,1,4346,unclassified,929.7459161318287
4362.0,2014-11-22 02:03:00,-58.015434,-23.290066,Panthera onca,670290B,9,Humid Chaco,Paraguay,-58.015434,-23.290066,1.1333333333333333,False,1,4346,unclassified,935.290834612313
4363.0,2014-11-22 04:03:00,-58.01528,-23.290564,Panthera onca,670290B,9,Humid Chaco,Paraguay,-58.01528,-23.290564,2.0,False,1,4346,unclassified,919.4311549471269
4364.0,2014-11-22 10:03:00,-58.015238,-23.290597,Panthera onca,670290B,9,Humid Chaco,Paraguay,-58.015238,-23.290597,6.0,False,1,4346,unclassified,915.1283877418222
4365.0,2014-11-22 22:03:00,-58.01875,-23.295967,Panthera onca,670290B,9,Humid Chaco,Paraguay,-58.01875,-23.295967,12.0,False,1,4346,unclassified,1273.1215133217665
4366.0,2014-11-23 00:03:00,-58.019378,-23.294913,Panthera onca,670290B,9,Humid Chaco,Paraguay,-58.019378,-23.294913,2.0,False,1,4346,unclassified,1337.5822032007334
4367.0,2014-11-23 02:03:00,-58.019092,-23.294615,Panthera onca,670290B,9,Humid Chaco,Paraguay,-58.019092,-23.294615,2.0,False,1,4346,unclassified,1308.3990436174893
4368.0,2014-11-23 04:03:00,-58.019456,-23.293989,Panthera onca,670290B,9,Humid Chaco,Paraguay,-58.019456,-23.293989,2.0,False,1,4346,unclassified,1345.765364556395
4369.0,2014-11-23 08:03:00,-58.024586,-23.310847,Panthera onca,670290B,9,Humid Chaco,Paraguay,-58.024586,-23.310847,4.0,False,1,4340,track,908.7084358156711
4370.0,2014-11-23 08:29:00,-58.025111,-23.310289,Panthera onca,670290B,9,Humid Chaco,Paraguay,-58.025111,-23.310289,0.4333333333333333,False,1,4340,track,979.1369161370172
4371.0,2014-11-23 08:54:00,-58.026332,-23.311132,Panthera onca,670290B,9,Humid Chaco,Paraguay,-58.026332,-23.311132,0.4166666666666667,False,1,4338,track,943.5373328799684
4372.0,2014-11-23 10:02:00,-58.030504,-23.314302,Panthera onca,670290B,9,Humid Chaco,Paraguay,-58.030504,-23.314302,1.1333333333333333,False,1,4314,service,429.55289118676785
4373.0,2014-11-23 22:02:00,-58.030358,-23.314498,Panthera onca,670290B,9,Humid Chaco,Paraguay,-58.030358,-23.314498,12.0,False,1,4314,service,426.31128548582865
4374.0,2014-11-24 00:03:00,-58.031224,-23.314748,Panthera onca,670290B,9,Humid Chaco,Paraguay,-58.031224,-23.314748,2.0166666666666666,False,1,4314,service,342.42755295311673
4375.0,2014-11-24 02:03:00,-58.031759,-23.315041,Panthera onca,670290B,9,Humid Chaco,Paraguay,-58.031759,-23.315041,2.0,False,1,4314,service,281.5167085353077
4376.0,2014-11-24 06:02:00,-58.031305,-23.314933,Panthera onca,670290B,9,Humid Chaco,Paraguay,-58.031305,-23.314933,3.983333333333333,False,1,4314,service,322.078296317949
4377.0,2014-11-24 08:02:00,-58.025669,-23.322562,Panthera onca,670290B,9,Humid Chaco,Paraguay,-58.025669,-23.322562,2.0,False,1,4338,track,321.59211490530794
4378.0,2014-11-24 08:32:00,-58.02472,-23.325595,Panthera onca,670290B,9,Humid Chaco,Paraguay,-58.02472,-23.325595,0.5,False,1,4339,track,560.7477482989134
4379.0,2014-11-24 09:01:00,-58.021639,-23.324954,Panthera onca,670290B,9,Humid Chaco,Paraguay,-58.021639,-23.324954,0.4833333333333333,False,1,4339,track,559.9383472086433
4380.0,2014-11-24 10:03:00,-58.020661,-23.325601,Panthera onca,670290B,9,Humid Chaco,Paraguay,-58.020661,-23.325601,1.0333333333333334,False,1,4339,track,459.50768459377394
4381.0,2014-11-24 22:03:00,-58.018221,-23.327464,Panthera onca,670290B,9,Humid Chaco,Paraguay,-58.018221,-23.327464,12.0,False,1,4339,track,210.76289655041006
4382.0,2014-11-25 00:03:00,-58.013091,-23.342284,Panthera onca,670290B,9,Humid Chaco,Paraguay,-58.013091,-23.342284,2.0,False,1,4314,service,185.11177102130415
4383.0,2014-11-25 00:33:00,-58.015565,-23.344196,Panthera onca,670290B,9,Humid Chaco,Paraguay,-58.015565,-23.344196,0.5,False,1,4314,service,495.16171599804954
4384.0,2014-11-25 01:07:00,-58.015916,-23.343553,Panthera onca,670290B,9,Humid Chaco,Paraguay,-58.015916,-23.343553,0.5666666666666667,False,1,4314,service,451.59939504795574
4385.0,2014-11-25 02:00:00,-58.016131,-23.344297,Panthera onca,670290B,9,Humid Chaco,Paraguay,-58.016131,-23.344297,0.8833333333333333,False,1,4314,service,533.8783831576333
4386.0,2014-11-25 04:03:00,-58.018889,-23.340593,Panthera onca,670290B,9,Humid Chaco,Paraguay,-58.018889,-23.340593,2.05,False,1,4314,service,320.71647142810326
4387.0,2014-11-25 06:01:00,-58.018707,-23.342943,Panthera onca,670290B,9,Humid Chaco,Paraguay,-58.018707,-23.342943,1.9666666666666663,False,1,4314,service,536.4119560069356
4388.0,2014-11-25 08:00:00,-58.016525,-23.344321,Panthera onca,670290B,9,Humid Chaco,Paraguay,-58.016525,-23.344321,1.9833333333333332,False,1,4314,service,556.3952295296069
4389.0,2014-11-25 22:01:00,-58.026104,-23.336156,Panthera onca,670290B,9,Humid Chaco,Paraguay,-58.026104,-23.336156,14.016666666666667,False,1,4314,service,183.958178872966
4390.0,2014-11-26 00:03:00,-58.025193,-23.336088,Panthera onca,670290B,9,Humid Chaco,Paraguay,-58.025193,-23.336088,2.033333333333333,False,1,4314,service,129.29441736431943
4391.0,2014-11-26 02:03:00,-58.018797,-23.340155,Panthera onca,670290B,9,Humid Chaco,Paraguay,-58.018797,-23.340155,2.0,False,1,4314,service,274.0523254814005
4392.0,2014-11-26 04:03:00,-58.018679,-23.3401,Panthera onca,670290B,9,Humid Chaco,Paraguay,-58.018679,-23.3401,2.0,False,1,4314,service,262.7298670606746
4393.0,2014-11-26 08:03:00,-58.029708,-23.332985,Panthera onca,670290B,9,Humid Chaco,Paraguay,-58.029708,-23.332985,4.0,False,1,4314,service,316.22581919103595
4394.0,2014-11-26 10:03:00,-58.039052,-23.324664,Panthera onca,670290B,9,Humid Chaco,Paraguay,-58.039052,-23.324664,2.0,False,1,4314,service,730.9524905972252
4395.0,2014-11-26 22:02:00,-58.036819,-23.323584,Panthera onca,670290B,9,Humid Chaco,Paraguay,-58.036819,-23.323584,11.983333333333333,False,1,4314,service,482.21700839595997
4396.0,2014-11-27 00:03:00,-58.036299,-23.323258,Panthera onca,670290B,9,Humid Chaco,Paraguay,-58.036299,-23.323258,2.0166666666666666,False,1,4314,service,422.51478814210185
4397.0,2014-11-27 02:03:00,-58.036927,-23.323663,Panthera onca,670290B,9,Humid Chaco,Paraguay,-58.036927,-23.323663,2.0,False,1,4314,service,494.8862688940634
4398.0,2014-11-27 04:01:00,-58.036732,-23.323608,Panthera onca,670290B,9,Humid Chaco,Paraguay,-58.036732,-23.323608,1.9666666666666663,False,1,4314,service,474.10352552004645
4399.0,2014-11-27 06:01:00,-58.036769,-23.32367,Panthera onca,670290B,9,Humid Chaco,Paraguay,-58.036769,-23.32367,2.0,False,1,4314,service,479.27797445777463
4400.0,2014-11-27 08:03:00,-58.036961,-23.323856,Panthera onca,670290B,9,Humid Chaco,Paraguay,-58.036961,-23.323856,2.033333333333333,False,1,4314,service,502.88868715455664
4401.0,2014-11-27 10:03:00,-58.036768,-23.323699,Panthera onca,670290B,9,Humid Chaco,Paraguay,-58.036768,-23.323699,2.0,False,1,4314,service,479.8704842357992
4402.0,2014-11-28 00:36:00,-58.037061,-23.323724,Panthera onca,670290B,9,Humid Chaco,Paraguay,-58.037061,-23.323724,14.55,False,1,4314,service,509.72173921254233
4403.0,2014-11-28 01:08:00,-58.037488,-23.323912,Panthera onca,670290B,9,Humid Chaco,Paraguay,-58.037488,-23.323912,0.5333333333333333,False,1,4314,service,556.8435730341758
4404.0,2014-11-28 02:03:00,-58.041493,-23.321153,Panthera onca,670290B,9,Humid Chaco,Paraguay,-58.041493,-23.321153,0.9166666666666666,False,1,4314,service,563.3070692777743
4405.0,2014-11-28 04:02:00,-58.033639,-23.312273,Panthera onca,670290B,9,Humid Chaco,Paraguay,-58.033639,-23.312273,1.9833333333333332,False,1,4314,service,481.0253013173385
4406.0,2014-11-28 06:03:00,-58.025648,-23.304732,Panthera onca,670290B,9,Humid Chaco,Paraguay,-58.025648,-23.304732,2.0166666666666666,False,1,4340,track,1358.7517653907678
4407.0,2014-11-28 08:03:00,-58.020357,-23.305533,Panthera onca,670290B,9,Humid Chaco,Paraguay,-58.020357,-23.305533,2.0,False,1,4340,track,960.1578774694364
4408.0,2014-11-28 10:03:00,-58.017994,-23.304201,Panthera onca,670290B,9,Humid Chaco,Paraguay,-58.017994,-23.304201,2.0,False,1,4340,track,1021.5470665756565
4409.0,2014-11-28 22:03:00,-58.015614,-23.296933,Panthera onca,670290B,9,Humid Chaco,Paraguay,-58.015614,-23.296933,12.0,False,1,4346,unclassified,952.1895577750399
4410.0,2014-11-29 00:03:00,-58.015261,-23.297248,Panthera onca,670290B,9,Humid Chaco,Paraguay,-58.015261,-23.297248,2.0,False,1,4346,unclassified,916.0192037810655
4411.0,2014-11-29 02:01:00,-58.016832,-23.297034,Panthera onca,670290B,9,Humid Chaco,Paraguay,-58.016832,-23.297034,1.9666666666666663,False,1,4346,unclassified,1076.7314080105125
4412.0,2014-11-29 04:03:00,-58.011443,-23.295098,Panthera onca,670290B,9,Humid Chaco,Paraguay,-58.011443,-23.295098,2.033333333333333,False,1,4346,unclassified,526.0220071611095
4413.0,2014-11-29 06:03:00,-58.008212,-23.296561,Panthera onca,670290B,9,Humid Chaco,Paraguay,-58.008212,-23.296561,2.0,False,1,4346,unclassified,195.2717623174151
4414.0,2014-11-29 08:02:00,-58.000323,-23.298414,Panthera onca,670290B,9,Humid Chaco,Paraguay,-58.000323,-23.298414,1.9833333333333332,False,1,4346,unclassified,611.9179108220582
4415.0,2014-11-29 10:03:00,-58.000225,-23.301966,Panthera onca,670290B,9,Humid Chaco,Paraguay,-58.000225,-23.301966,2.0166666666666666,False,1,4346,unclassified,622.2436001048814
4416.0,2014-11-29 22:02:00,-57.999387,-23.302844,Panthera onca,670290B,9,Humid Chaco,Paraguay,-57.999387,-23.302844,11.983333333333333,False,1,4346,unclassified,707.9370446066408
4417.0,2014-11-30 00:36:00,-57.997465,-23.306351,Panthera onca,670290B,9,Humid Chaco,Paraguay,-57.997465,-23.306351,2.566666666666667,False,1,4346,unclassified,904.4651159965467
4418.0,2014-11-30 01:09:00,-57.995848,-23.298266,Panthera onca,670290B,9,Humid Chaco,Paraguay,-57.995848,-23.298266,0.55,False,1,4346,unclassified,1069.536181889902
4419.0,2014-11-30 02:02:00,-57.993858,-23.297382,Panthera onca,670290B,9,Humid Chaco,Paraguay,-57.993858,-23.297382,0.8833333333333333,False,1,4346,unclassified,1272.8693685214378
4420.0,2014-11-30 04:02:00,-57.993926,-23.297517,Panthera onca,670290B,9,Humid Chaco,Paraguay,-57.993926,-23.297517,2.0,False,1,4346,unclassified,1265.9425862883347
4421.0,2014-11-30 06:02:00,-57.993819,-23.297287,Panthera onca,670290B,9,Humid Chaco,Paraguay,-57.993819,-23.297287,2.0,False,1,4346,unclassified,1276.8385130009442
4422.0,2014-11-30 08:03:00,-57.994371,-23.298304,Panthera onca,670290B,9,Humid Chaco,Paraguay,-57.994371,-23.298304,2.0166666666666666,False,1,4346,unclassified,1220.5935978208395
4423.0,2014-11-30 10:03:00,-57.991944,-23.296053,Panthera onca,670290B,9,Humid Chaco,Paraguay,-57.991944,-23.296053,2.0,False,1,4346,unclassified,1468.3428292544043
4424.0,2014-11-30 22:02:00,-57.990259,-23.296977,Panthera onca,670290B,9,Humid Chaco,Paraguay,-57.990259,-23.296977,11.983333333333333,False,1,4346,unclassified,1640.8523533034172
4425.0,2014-12-01 00:02:00,-57.98839,-23.295666,Panthera onca,670290B,9,Humid Chaco,Paraguay,-57.98839,-23.295666,2.0,False,1,4346,unclassified,1831.7313573552212
4426.0,2014-12-01 00:29:00,-57.988397,-23.295691,Panthera onca,670290B,9,Humid Chaco,Paraguay,-57.988397,-23.295691,0.45,False,1,4346,unclassified,1831.0204508790512
4427.0,2014-12-01 00:56:00,-57.988201,-23.295654,Panthera onca,670290B,9,Humid Chaco,Paraguay,-57.988201,-23.295654,0.45,False,1,4346,unclassified,1851.0579420728177
4428.0,2014-12-01 02:03:00,-57.988432,-23.295773,Panthera onca,670290B,9,Humid Chaco,Paraguay,-57.988432,-23.295773,1.1166666666666667,False,1,4346,unclassified,1827.4573533541736
4429.0,2014-12-01 04:03:00,-57.988284,-23.295067,Panthera onca,670290B,9,Humid Chaco,Paraguay,-57.988284,-23.295067,2.0,False,1,4346,unclassified,1842.452647572072
4430.0,2014-12-01 08:02:00,-57.988276,-23.294052,Panthera onca,670290B,9,Humid Chaco,Paraguay,-57.988276,-23.294052,3.983333333333333,False,1,4346,unclassified,1843.068689965465
4431.0,2014-12-01 10:03:00,-57.991876,-23.294247,Panthera onca,670290B,9,Humid Chaco,Paraguay,-57.991876,-23.294247,2.0166666666666666,False,1,4346,unclassified,1474.9325200783949
4432.0,2014-12-01 22:03:00,-57.992305,-23.294103,Panthera onca,670290B,9,Humid Chaco,Paraguay,-57.992305,-23.294103,12.0,False,1,4346,unclassified,1431.0291944768162
4433.0,2014-12-02 00:03:00,-57.990557,-23.293836,Panthera onca,670290B,9,Humid Chaco,Paraguay,-57.990557,-23.293836,2.0,False,1,4346,unclassified,1609.745232697858
4434.0,2014-12-02 00:35:00,-57.989615,-23.293894,Panthera onca,670290B,9,Humid Chaco,Paraguay,-57.989615,-23.293894,0.5333333333333333,False,1,4346,unclassified,1706.096261174768
4435.0,2014-12-02 01:09:00,-57.989238,-23.291408,Panthera onca,670290B,9,Humid Chaco,Paraguay,-57.989238,-23.291408,0.5666666666666667,False,1,4346,unclassified,1744.1557362016438
4436.0,2014-12-02 04:02:00,-57.973985,-23.284136,Panthera onca,670290B,9,Humid Chaco,Paraguay,-57.973985,-23.284136,2.8833333333333333,False,1,4310,service,1228.7553557137135
4437.0,2014-12-02 06:02:00,-57.965522,-23.274691,Panthera onca,670290B,9,Humid Chaco,Paraguay,-57.965522,-23.274691,2.0,False,1,4334,track,34.26804714614216
4438.0,2014-12-02 08:03:00,-57.96562,-23.274616,Panthera onca,670290B,9,Humid Chaco,Paraguay,-57.96562,-23.274616,2.0166666666666666,False,1,4334,track,28.127317241117822
4439.0,2014-12-02 10:03:00,-57.965816,-23.274796,Panthera onca,670290B,9,Humid Chaco,Paraguay,-57.965816,-23.274796,2.0,False,1,4334,track,51.650314448072955
4440.0,2014-12-02 22:02:00,-57.965792,-23.274893,Panthera onca,670290B,9,Humid Chaco,Paraguay,-57.965792,-23.274893,11.983333333333333,False,1,4334,track,61.68567043487932
4441.0,2014-12-03 00:03:00,-57.965532,-23.275156,Panthera onca,670290B,9,Humid Chaco,Paraguay,-57.965532,-23.275156,2.0166666666666666,False,1,4334,track,84.9235021036943
4442.0,2014-12-03 00:35:00,-57.965659,-23.274708,Panthera onca,670290B,9,Humid Chaco,Paraguay,-57.965659,-23.274708,0.5333333333333333,False,1,4334,track,38.90374504841384
4443.0,2014-12-03 01:08:00,-57.965778,-23.274744,Panthera onca,670290B,9,Humid Chaco,Paraguay,-57.965778,-23.274744,0.55,False,1,4334,track,45.2341898833425
4444.0,2014-12-03 04:01:00,-57.965773,-23.274727,Panthera onca,670290B,9,Humid Chaco,Paraguay,-57.965773,-23.274727,2.8833333333333333,False,1,4334,track,43.287848870403465
4445.0,2014-12-03 08:03:00,-57.966342,-23.27433,Panthera onca,670290B,9,Humid Chaco,Paraguay,-57.966342,-23.27433,4.033333333333333,False,1,4334,track,11.807001685948052
4446.0,2014-12-03 10:02:00,-57.970138,-23.275751,Panthera onca,670290B,9,Humid Chaco,Paraguay,-57.970138,-23.275751,1.9833333333333332,False,1,4334,track,242.35536594911
4447.0,2014-12-03 22:01:00,-57.973276,-23.286082,Panthera onca,670290B,9,Humid Chaco,Paraguay,-57.973276,-23.286082,11.983333333333333,False,1,4310,service,1225.2650696204582
4448.0,2014-12-04 02:02:00,-57.973189,-23.286292,Panthera onca,670290B,9,Humid Chaco,Paraguay,-57.973189,-23.286292,4.016666666666667,False,1,4310,service,1225.4790441556233
4449.0,2014-12-04 04:03:00,-57.971914,-23.284005,Panthera onca,670290B,9,Humid Chaco,Paraguay,-57.971914,-23.284005,2.0166666666666666,False,1,4310,service,1020.2281211434705
4450.0,2014-12-04 08:03:00,-57.9782,-23.289592,Panthera onca,670290B,9,Humid Chaco,Paraguay,-57.9782,-23.289592,4.0,False,1,4310,service,1843.4107983793324
4451.0,2014-12-04 08:32:00,-57.984864,-23.289209,Panthera onca,670290B,9,Humid Chaco,Paraguay,-57.984864,-23.289209,0.4833333333333333,False,1,4334,track,1992.214158787167
4452.0,2014-12-04 09:02:00,-57.989868,-23.286697,Panthera onca,670290B,9,Humid Chaco,Paraguay,-57.989868,-23.286697,0.5,False,1,4346,unclassified,1678.7807052318772
4453.0,2014-12-04 10:03:00,-57.989831,-23.289071,Panthera onca,670290B,9,Humid Chaco,Paraguay,-57.989831,-23.289071,1.0166666666666666,False,1,4346,unclassified,1683.0400140887555
4454.0,2014-12-05 00:01:00,-57.994468,-23.285363,Panthera onca,670290B,9,Humid Chaco,Paraguay,-57.994468,-23.285363,13.966666666666669,False,1,4346,unclassified,1208.0364848916345
4455.0,2014-12-05 02:03:00,-58.000497,-23.289895,Panthera onca,670290B,9,Humid Chaco,Paraguay,-58.000497,-23.289895,2.033333333333333,False,1,4346,unclassified,592.3474121631532
4456.0,2014-12-05 04:03:00,-58.002091,-23.295951,Panthera onca,670290B,9,Humid Chaco,Paraguay,-58.002091,-23.295951,2.0,False,1,4346,unclassified,430.59154497402585
4457.0,2014-12-05 06:03:00,-57.996078,-23.30294,Panthera onca,670290B,9,Humid Chaco,Paraguay,-57.996078,-23.30294,2.0,False,1,4346,unclassified,1046.3299222840928
4458.0,2014-12-05 08:03:00,-57.996226,-23.30345,Panthera onca,670290B,9,Humid Chaco,Paraguay,-57.996226,-23.30345,2.0,False,1,4346,unclassified,1031.190694332928
4459.0,2014-12-05 08:34:00,-57.995768,-23.30351,Panthera onca,670290B,9,Humid Chaco,Paraguay,-57.995768,-23.30351,0.5166666666666667,False,1,4346,unclassified,1078.0271607425211
4460.0,2014-12-05 09:08:00,-57.995206,-23.303896,Panthera onca,670290B,9,Humid Chaco,Paraguay,-57.995206,-23.303896,0.5666666666666667,False,1,4346,unclassified,1135.4961798127833
4461.0,2014-12-05 10:01:00,-58.007023,-23.304927,Panthera onca,670290B,9,Humid Chaco,Paraguay,-58.007023,-23.304927,0.8833333333333333,False,1,4346,unclassified,72.9561906360403
4462.0,2014-12-06 08:03:00,-58.009549,-23.29562,Panthera onca,670290B,9,Humid Chaco,Paraguay,-58.009549,-23.29562,22.03333333333333,False,1,4346,unclassified,332.20886215311464
4463.0,2014-12-06 10:02:00,-58.009737,-23.295548,Panthera onca,670290B,9,Humid Chaco,Paraguay,-58.009737,-23.295548,1.9833333333333332,False,1,4346,unclassified,351.4511947444192
4464.0,2014-12-06 22:03:00,-58.017384,-23.297514,Panthera onca,670290B,9,Humid Chaco,Paraguay,-58.017384,-23.297514,12.016666666666667,False,1,4346,unclassified,1133.0778023860837
4465.0,2014-12-07 02:03:00,-58.02009,-23.29484,Panthera onca,670290B,9,Humid Chaco,Paraguay,-58.02009,-23.29484,4.0,False,1,4346,unclassified,1410.4155187505132
4466.0,2014-12-07 04:03:00,-58.021641,-23.293613,Panthera onca,670290B,9,Humid Chaco,Paraguay,-58.021641,-23.293613,2.0,False,1,4335,track,1535.9755680024837
4467.0,2014-12-07 06:03:00,-58.026611,-23.29428,Panthera onca,670290B,9,Humid Chaco,Paraguay,-58.026611,-23.29428,2.0,False,1,4335,track,1520.0660033447882
4468.0,2014-12-07 08:03:00,-58.028141,-23.299479,Panthera onca,670290B,9,Humid Chaco,Paraguay,-58.028141,-23.299479,2.0,False,1,4340,track,1961.1041042936763
4469.0,2014-12-07 22:03:00,-58.021612,-23.300097,Panthera onca,670290B,9,Humid Chaco,Paraguay,-58.021612,-23.300097,14.0,False,1,4340,track,1562.7639237359274
4470.0,2014-12-08 00:02:00,-58.020939,-23.301619,Panthera onca,670290B,9,Humid Chaco,Paraguay,-58.020939,-23.301619,1.9833333333333332,False,1,4340,track,1380.7706581077944
4471.0,2014-12-08 00:31:00,-58.021047,-23.304755,Panthera onca,670290B,9,Humid Chaco,Paraguay,-58.021047,-23.304755,0.4833333333333333,False,1,4340,track,1069.2129060253646
4472.0,2014-12-08 01:02:00,-58.021243,-23.304565,Panthera onca,670290B,9,Humid Chaco,Paraguay,-58.021243,-23.304565,0.5166666666666667,False,1,4340,track,1097.2628436154473
4473.0,2014-12-08 02:01:00,-58.023258,-23.308082,Panthera onca,670290B,9,Humid Chaco,Paraguay,-58.023258,-23.308082,0.9833333333333332,False,1,4340,track,930.3260750099195
4474.0,2014-12-08 06:03:00,-58.020919,-23.3126,Panthera onca,670290B,9,Humid Chaco,Paraguay,-58.020919,-23.3126,4.033333333333333,False,1,4340,track,498.96569811416504
4475.0,2014-12-08 10:02:00,-58.019818,-23.313368,Panthera onca,670290B,9,Humid Chaco,Paraguay,-58.019818,-23.313368,3.983333333333333,False,1,4340,track,381.0840976654257
4476.0,2014-12-09 08:03:00,-58.042355,-23.319446,Panthera onca,670290B,9,Humid Chaco,Paraguay,-58.042355,-23.319446,22.016666666666666,False,1,4314,service,393.831793476777
4477.0,2014-12-11 00:01:00,-58.059544,-23.344826,Panthera onca,670290B,9,Humid Chaco,Paraguay,-58.059544,-23.344826,39.96666666666667,True,2,4261,service,2472.3702365515996
4478.0,2014-12-11 04:02:00,-58.064255,-23.358241,Panthera onca,670290B,9,Humid Chaco,Paraguay,-58.064255,-23.358241,4.016666666666667,False,2,4330,track,3714.6838260727327
4479.0,2014-12-11 10:03:00,-58.074235,-23.35019,Panthera onca,670290B,9,Humid Chaco,Paraguay,-58.074235,-23.35019,6.016666666666667,False,2,4261,service,2777.379656719933
4480.0,2014-12-11 22:01:00,-58.06554,-23.338202,Panthera onca,670290B,9,Humid Chaco,Paraguay,-58.06554,-23.338202,11.966666666666669,False,2,4261,service,1573.58390143964
4481.0,2014-12-12 06:01:00,-58.077651,-23.345737,Panthera onca,670290B,9,Humid Chaco,Paraguay,-58.077651,-23.345737,8.0,False,2,4261,service,2294.8914679413024
4482.0,2014-12-13 06:03:00,-58.066049,-23.342495,Panthera onca,670290B,9,Humid Chaco,Paraguay,-58.066049,-23.342495,24.03333333333333,True,3,4261,service,2026.027929699156
4483.0,2014-12-13 08:01:00,-58.066386,-23.343367,Panthera onca,670290B,9,Humid Chaco,Paraguay,-58.066386,-23.343367,1.9666666666666663,False,3,4261,service,2115.476060650464
4484.0,2014-12-14 04:03:00,-58.051996,-23.34662,Panthera onca,670290B,9,Humid Chaco,Paraguay,-58.051996,-23.34662,20.03333333333333,False,3,4261,service,2998.127876412582
4485.0,2014-12-14 06:03:00,-58.040889,-23.359309,Panthera onca,670290B,9,Humid Chaco,Paraguay,-58.040889,-23.359309,2.0,False,3,4314,service,3155.0007493873527
4486.0,2014-12-14 10:03:00,-58.040538,-23.359657,Panthera onca,670290B,9,Humid Chaco,Paraguay,-58.040538,-23.359657,4.0,False,3,4314,service,3169.675515557741
4487.0,2014-12-15 00:02:00,-58.04632,-23.337148,Panthera onca,670290B,9,Humid Chaco,Paraguay,-58.04632,-23.337148,13.983333333333333,False,3,4314,service,1906.0890597785767
4488.0,2014-12-16 08:02:00,-58.043326,-23.326089,Panthera onca,670290B,9,Humid Chaco,Paraguay,-58.043326,-23.326089,32.0,True,4,4314,service,1135.029196369561
4489.0,2014-12-16 10:03:00,-58.042636,-23.326198,Panthera onca,670290B,9,Humid Chaco,Paraguay,-58.042636,-23.326198,2.0166666666666666,False,4,4314,service,1125.4111118679466
4490.0,2014-12-17 04:03:00,-58.0427,-23.326924,Panthera onca,670290B,9,Humid Chaco,Paraguay,-58.0427,-23.326924,18.0,False,4,4314,service,1149.1167177379434
4491.0,2014-12-17 06:03:00,-58.042763,-23.326337,Panthera onca,670290B,9,Humid Chaco,Paraguay,-58.042763,-23.326337,2.0,False,4,4314,service,1141.4091420967686
4492.0,2014-12-17 10:03:00,-58.042662,-23.325423,Panthera onca,670290B,9,Humid Chaco,Paraguay,-58.042662,-23.325423,4.0,False,4,4314,service,1050.0217509353522
4493.0,2014-12-17 22:02:00,-58.042459,-23.325942,Panthera onca,670290B,9,Humid Chaco,Paraguay,-58.042459,-23.325942,11.983333333333333,False,4,4314,service,1101.6280865000258
4494.0,2014-12-18 08:03:00,-58.044018,-23.324899,Panthera onca,670290B,9,Humid Chaco,Paraguay,-58.044018,-23.324899,10.016666666666667,False,4,4314,service,1018.6030350892785
4495.0,2014-12-18 10:03:00,-58.04315,-23.327373,Panthera onca,670290B,9,Humid Chaco,Paraguay,-58.04315,-23.327373,2.0,False,4,4314,service,1204.7323170892955
4496.0,2014-12-19 00:03:00,-58.043278,-23.325681,Panthera onca,670290B,9,Humid Chaco,Paraguay,-58.043278,-23.325681,14.0,False,4,4314,service,1089.72602226121
4497.0,2014-12-19 02:03:00,-58.044279,-23.325906,Panthera onca,670290B,9,Humid Chaco,Paraguay,-58.044279,-23.325906,2.0,False,4,4314,service,1133.1084558668072
4498.0,2014-12-19 06:01:00,-58.042192,-23.325545,Panthera onca,670290B,9,Humid Chaco,Paraguay,-58.042192,-23.325545,3.966666666666667,False,4,4314,service,1054.4241726746338
4499.0,2014-12-19 08:03:00,-58.042897,-23.325908,Panthera onca,670290B,9,Humid Chaco,Paraguay,-58.042897,-23.325908,2.033333333333333,False,4,4314,service,1107.2341959372138
4500.0,2014-12-19 10:03:00,-58.042855,-23.326428,Panthera onca,670290B,9,Humid Chaco,Paraguay,-58.042855,-23.326428,2.0,False,4,4314,service,1152.7668846153394
4501.0,2014-12-20 04:03:00,-58.043239,-23.326579,Panthera onca,670290B,9,Humid Chaco,Paraguay,-58.043239,-23.326579,18.0,False,4,4314,service,1186.7065486739034
4502.0,2014-12-20 08:03:00,-58.04229,-23.326925,Panthera onca,670290B,9,Humid Chaco,Paraguay,-58.04229,-23.326925,4.0,False,4,4314,service,1108.1975995091595
4503.0,2014-12-20 10:03:00,-58.043219,-23.326499,Panthera onca,670290B,9,Humid Chaco,Paraguay,-58.043219,-23.326499,2.0,False,4,4314,service,1177.6236730524797
4504.0,2014-12-21 06:02:00,-58.04242,-23.326029,Panthera onca,670290B,9,Humid Chaco,Paraguay,-58.04242,-23.326029,19.98333333333333,False,4,4314,service,1099.8108743001674
4505.0,2014-12-21 08:03:00,-58.0426,-23.325634,Panthera onca,670290B,9,Humid Chaco,Paraguay,-58.0426,-23.325634,2.0166666666666666,False,4,4314,service,1071.8114460086333
4506.0,2014-12-21 10:03:00,-58.042696,-23.328719,Panthera onca,670290B,9,Humid Chaco,Paraguay,-58.042696,-23.328719,2.0,False,4,4314,service,1191.4069989146458
4507.0,2014-12-22 08:03:00,-58.042064,-23.326975,Panthera onca,670290B,9,Humid Chaco,Paraguay,-58.042064,-23.326975,22.0,False,4,4314,service,1086.8182400064857
4508.0,2014-12-23 04:03:00,-58.042527,-23.32647,Panthera onca,670290B,9,Humid Chaco,Paraguay,-58.042527,-23.32647,20.0,False,4,4314,service,1121.0207888732964
4509.0,2014-12-23 06:03:00,-58.042955,-23.326423,Panthera onca,670290B,9,Humid Chaco,Paraguay,-58.042955,-23.326423,2.0,False,4,4314,service,1162.631879693739
4510.0,2014-12-23 08:03:00,-58.042645,-23.326336,Panthera onca,670290B,9,Humid Chaco,Paraguay,-58.042645,-23.326336,2.0,False,4,4314,service,1129.6037435962394
4511.0,2014-12-24 00:02:00,-58.042722,-23.326311,Panthera onca,670290B,9,Humid Chaco,Paraguay,-58.042722,-23.326311,15.983333333333333,False,4,4314,service,1136.6949451693101
4512.0,2014-12-24 04:03:00,-58.042609,-23.326076,Panthera onca,670290B,9,Humid Chaco,Paraguay,-58.042609,-23.326076,4.016666666666667,False,4,4314,service,1119.8032101845754
4513.0,2014-12-24 06:03:00,-58.042819,-23.326273,Panthera onca,670290B,9,Humid Chaco,Paraguay,-58.042819,-23.326273,2.0,False,4,4314,service,1145.4727146252408
4514.0,2014-12-24 08:03:00,-58.042712,-23.326339,Panthera onca,670290B,9,Humid Chaco,Paraguay,-58.042712,-23.326339,2.0,False,4,4314,service,1136.3648647736857
4515.0,2014-12-25 06:03:00,-58.042319,-23.326215,Panthera onca,670290B,9,Humid Chaco,Paraguay,-58.042319,-23.326215,22.0,False,4,4314,service,1094.1665059157622
4516.0,2014-12-25 10:03:00,-58.042869,-23.326524,Panthera onca,670290B,9,Humid Chaco,Paraguay,-58.042869,-23.326524,4.0,False,4,4314,service,1156.456181947653
4517.0,2014-12-26 00:03:00,-58.042473,-23.325937,Panthera onca,670290B,9,Humid Chaco,Paraguay,-58.042473,-23.325937,14.0,False,4,4314,service,1102.3850945982194
4518.0,2014-12-26 02:02:00,-58.041948,-23.325763,Panthera onca,670290B,9,Humid Chaco,Paraguay,-58.041948,-23.325763,1.9833333333333332,False,4,4314,service,1046.3351748506875
4519.0,2014-12-26 04:02:00,-58.042507,-23.32624,Panthera onca,670290B,9,Humid Chaco,Paraguay,-58.042507,-23.32624,2.0,False,4,4314,service,1113.5338330860623
4520.0,2014-12-26 06:02:00,-58.042742,-23.32609,Panthera onca,670290B,9,Humid Chaco,Paraguay,-58.042742,-23.32609,2.0,False,4,4314,service,1124.112444050695
4521.0,2014-12-26 10:03:00,-58.043253,-23.326758,Panthera onca,670290B,9,Humid Chaco,Paraguay,-58.043253,-23.326758,4.016666666666667,False,4,4314,service,1200.381480882942
4522.0,2014-12-27 00:03:00,-58.042438,-23.325905,Panthera onca,670290B,9,Humid Chaco,Paraguay,-58.042438,-23.325905,14.0,False,4,4314,service,1098.242212181435
4523.0,2014-12-27 04:03:00,-58.042718,-23.32686,Panthera onca,670290B,9,Humid Chaco,Paraguay,-58.042718,-23.32686,4.0,False,4,4314,service,1149.392126114737
4524.0,2014-12-28 04:03:00,-58.042836,-23.325394,Panthera onca,670290B,9,Humid Chaco,Paraguay,-58.042836,-23.325394,24.0,False,4,4314,service,1050.15107729067
4525.0,2014-12-29 06:03:00,-58.042143,-23.328108,Panthera onca,670290B,9,Humid Chaco,Paraguay,-58.042143,-23.328108,26.0,True,5,4314,service,1121.6533617713121
4526.0,2014-12-30 04:03:00,-58.042966,-23.326331,Panthera onca,670290B,9,Humid Chaco,Paraguay,-58.042966,-23.326331,22.0,False,5,4314,service,1154.5660813524364
4527.0,2014-12-30 10:02:00,-58.043336,-23.326598,Panthera onca,670290B,9,Humid Chaco,Paraguay,-58.043336,-23.326598,5.983333333333333,False,5,4314,service,1190.605367356144
4528.0,2014-12-31 04:03:00,-58.041257,-23.326947,Panthera onca,670290B,9,Humid Chaco,Paraguay,-58.041257,-23.326947,18.016666666666666,False,5,4314,service,1005.5648354657883
4529.0,2014-06-26 13:05:00,-58.195407,-23.367603,Panthera onca,670292B,10,Humid Chaco,Paraguay,-58.195407,-23.367603,,True,1,4261,service,690.2751822005999
4530.0,2014-06-26 13:34:00,-58.19551,-23.367598,Panthera onca,670292B,10,Humid Chaco,Paraguay,-58.19551,-23.367598,0.4833333333333333,False,1,4261,service,692.99006955957
4531.0,2014-06-27 00:01:00,-58.195076,-23.367507,Panthera onca,670292B,10,Humid Chaco,Paraguay,-58.195076,-23.367507,10.45,False,1,4261,service,669.7446896088613
4532.0,2014-06-27 02:01:00,-58.195054,-23.3675,Panthera onca,670292B,10,Humid Chaco,Paraguay,-58.195054,-23.3675,2.0,False,1,4261,service,668.3148823364238
4533.0,2014-06-27 04:02:00,-58.195073,-23.367532,Panthera onca,670292B,10,Humid Chaco,Paraguay,-58.195073,-23.367532,2.0166666666666666,False,1,4261,service,672.2839444442568
4534.0,2014-06-27 08:01:00,-58.199891,-23.362706,Panthera onca,670292B,10,Humid Chaco,Paraguay,-58.199891,-23.362706,3.983333333333333,False,1,4261,service,165.34298458249836
4535.0,2014-06-27 08:32:00,-58.202789,-23.365856,Panthera onca,670292B,10,Humid Chaco,Paraguay,-58.202789,-23.365856,0.5166666666666667,False,1,4261,service,376.906651340065
4536.0,2014-06-27 09:02:00,-58.207008,-23.369005,Panthera onca,670292B,10,Humid Chaco,Paraguay,-58.207008,-23.369005,0.5,False,1,4261,service,313.3563969364582
4537.0,2014-06-27 10:03:00,-58.207498,-23.378834,Panthera onca,670292B,10,Humid Chaco,Paraguay,-58.207498,-23.378834,1.0166666666666666,False,1,4261,service,1110.8254610872118
4538.0,2014-06-27 22:03:00,-58.219199,-23.395463,Panthera onca,670292B,10,Humid Chaco,Paraguay,-58.219199,-23.395463,12.0,False,1,4277,service,214.32465736444195
4539.0,2014-06-28 00:03:00,-58.212973,-23.382833,Panthera onca,670292B,10,Humid Chaco,Paraguay,-58.212973,-23.382833,2.0,False,1,4264,service,1045.8536681520068
4540.0,2014-06-28 02:03:00,-58.206585,-23.374901,Panthera onca,670292B,10,Humid Chaco,Paraguay,-58.206585,-23.374901,2.0,False,1,4261,service,825.2583433675131
4541.0,2014-06-28 04:02:00,-58.206623,-23.374785,Panthera onca,670292B,10,Humid Chaco,Paraguay,-58.206623,-23.374785,1.9833333333333332,False,1,4261,service,813.1467314484931
4542.0,2014-06-28 08:03:00,-58.204719,-23.373796,Panthera onca,670292B,10,Humid Chaco,Paraguay,-58.204719,-23.373796,4.016666666666667,False,1,4261,service,863.180119361347
4543.0,2014-06-28 10:02:00,-58.201165,-23.37263,Panthera onca,670292B,10,Humid Chaco,Paraguay,-58.201165,-23.37263,1.9833333333333332,False,1,4261,service,1022.0130643414617
4544.0,2014-06-29 00:00:00,-58.18837,-23.381948,Panthera onca,670292B,10,Humid Chaco,Paraguay,-58.18837,-23.381948,13.966666666666669,False,1,4277,service,1537.379425069402
4545.0,2014-06-29 08:31:00,-58.187723,-23.382191,Panthera onca,670292B,10,Humid Chaco,Paraguay,-58.187723,-23.382191,8.516666666666667,False,1,4277,service,1473.895165874218
4546.0,2014-06-29 08:58:00,-58.187161,-23.382022,Panthera onca,670292B,10,Humid Chaco,Paraguay,-58.187161,-23.382022,0.45,False,1,4277,service,1452.3815813791302
4547.0,2014-06-29 10:03:00,-58.188612,-23.381604,Panthera onca,670292B,10,Humid Chaco,Paraguay,-58.188612,-23.381604,1.0833333333333333,False,1,4277,service,1582.338845773688
4548.0,2014-06-29 22:03:00,-58.208488,-23.398698,Panthera onca,670292B,10,Humid Chaco,Paraguay,-58.208488,-23.398698,12.0,False,1,4277,service,235.8633768520644
4549.0,2014-06-30 00:03:00,-58.209138,-23.398621,Panthera onca,670292B,10,Humid Chaco,Paraguay,-58.209138,-23.398621,2.0,False,1,4277,service,260.51914639473165
4550.0,2014-06-30 04:02:00,-58.20497,-23.402157,Panthera onca,670292B,10,Humid Chaco,Paraguay,-58.20497,-23.402157,3.983333333333333,False,1,4277,service,164.99630014710212
4551.0,2014-06-30 06:01:00,-58.204817,-23.401003,Panthera onca,670292B,10,Humid Chaco,Paraguay,-58.204817,-23.401003,1.9833333333333332,False,1,4277,service,36.40295376575726
4552.0,2014-06-30 22:02:00,-58.178444,-23.400854,Panthera onca,670292B,10,Humid Chaco,Paraguay,-58.178444,-23.400854,16.016666666666666,False,1,4333,service,133.0709766805511
4553.0,2014-07-01 00:02:00,-58.178742,-23.399933,Panthera onca,670292B,10,Humid Chaco,Paraguay,-58.178742,-23.399933,2.0,False,1,4333,service,91.9826569673051
4554.0,2014-07-01 02:02:00,-58.178677,-23.40016,Panthera onca,670292B,10,Humid Chaco,Paraguay,-58.178677,-23.40016,2.0,False,1,4333,service,102.7774822683275
4555.0,2014-07-01 08:01:00,-58.178609,-23.400059,Panthera onca,670292B,10,Humid Chaco,Paraguay,-58.178609,-23.400059,5.983333333333333,False,1,4333,service,90.3138245601691
4556.0,2014-07-01 10:03:00,-58.178207,-23.398606,Panthera onca,670292B,10,Humid Chaco,Paraguay,-58.178207,-23.398606,2.033333333333333,False,1,4333,service,43.44271700120128
4557.0,2014-07-01 22:01:00,-58.177059,-23.406872,Panthera onca,670292B,10,Humid Chaco,Paraguay,-58.177059,-23.406872,11.966666666666669,False,1,4332,service,519.2708644201782
4558.0,2014-07-02 00:02:00,-58.175638,-23.403427,Panthera onca,670292B,10,Humid Chaco,Paraguay,-58.175638,-23.403427,2.0166666666666666,False,1,4332,service,111.7167751844998
4559.0,2014-07-02 02:00:00,-58.175619,-23.403339,Panthera onca,670292B,10,Humid Chaco,Paraguay,-58.175619,-23.403339,1.9666666666666663,False,1,4332,service,101.7950386892877
4560.0,2014-07-02 06:01:00,-58.175081,-23.403462,Panthera onca,670292B,10,Humid Chaco,Paraguay,-58.175081,-23.403462,4.016666666666667,False,1,4332,service,100.94845986843745
4561.0,2014-07-02 08:01:00,-58.174475,-23.404453,Panthera onca,670292B,10,Humid Chaco,Paraguay,-58.174475,-23.404453,2.0,False,1,4332,service,189.83128043463705
4562.0,2014-07-02 10:03:00,-58.178978,-23.40409,Panthera onca,670292B,10,Humid Chaco,Paraguay,-58.178978,-23.40409,2.033333333333333,False,1,4332,service,395.8350521093407
4563.0,2014-07-02 22:03:00,-58.175562,-23.403376,Panthera onca,670292B,10,Humid Chaco,Paraguay,-58.175562,-23.403376,12.0,False,1,4332,service,104.36325346318976
4564.0,2014-07-03 00:01:00,-58.175763,-23.403306,Panthera onca,670292B,10,Humid Chaco,Paraguay,-58.175763,-23.403306,1.9666666666666663,False,1,4332,service,103.04158711421881
4565.0,2014-07-03 02:03:00,-58.175106,-23.403565,Panthera onca,670292B,10,Humid Chaco,Paraguay,-58.175106,-23.403565,2.033333333333333,False,1,4332,service,112.62170015796819
4566.0,2014-07-03 04:01:00,-58.175402,-23.403405,Panthera onca,670292B,10,Humid Chaco,Paraguay,-58.175402,-23.403405,1.9666666666666663,False,1,4332,service,103.53738062428808
4567.0,2014-07-03 06:00:00,-58.175413,-23.403385,Panthera onca,670292B,10,Humid Chaco,Paraguay,-58.175413,-23.403385,1.9833333333333332,False,1,4332,service,101.65922902200872
4568.0,2014-07-03 08:01:00,-58.175924,-23.403261,Panthera onca,670292B,10,Humid Chaco,Paraguay,-58.175924,-23.403261,2.0166666666666666,False,1,4332,service,106.23207005861411
4569.0,2014-07-03 10:01:00,-58.167371,-23.400971,Panthera onca,670292B,10,Humid Chaco,Paraguay,-58.167371,-23.400971,2.0,False,1,4332,service,377.60499109616245
4570.0,2014-07-03 22:03:00,-58.157866,-23.397421,Panthera onca,670292B,10,Humid Chaco,Paraguay,-58.157866,-23.397421,12.033333333333331,False,1,4332,service,940.5202542904233
4571.0,2014-07-04 02:03:00,-58.163507,-23.395465,Panthera onca,670292B,10,Humid Chaco,Paraguay,-58.163507,-23.395465,4.0,False,1,4332,service,1071.0317165380584
4572.0,2014-07-04 04:03:00,-58.175562,-23.40164,Panthera onca,670292B,10,Humid Chaco,Paraguay,-58.175562,-23.40164,2.0,False,1,4332,service,45.19340578773064
4573.0,2014-07-04 06:01:00,-58.175694,-23.403236,Panthera onca,670292B,10,Humid Chaco,Paraguay,-58.175694,-23.403236,1.9666666666666663,False,1,4332,service,93.22429560570883
4574.0,2014-07-04 08:00:00,-58.175849,-23.403227,Panthera onca,670292B,10,Humid Chaco,Paraguay,-58.175849,-23.403227,1.9833333333333332,False,1,4332,service,99.06867805824155
4575.0,2014-07-04 10:01:00,-58.177352,-23.408853,Panthera onca,670292B,10,Humid Chaco,Paraguay,-58.177352,-23.408853,2.0166666666666666,False,1,4343,track,729.1521995434053
4576.0,2014-07-05 00:02:00,-58.176501,-23.402952,Panthera onca,670292B,10,Humid Chaco,Paraguay,-58.176501,-23.402952,14.016666666666667,False,1,4332,service,123.20801317853456
4577.0,2014-07-05 02:01:00,-58.175591,-23.403353,Panthera onca,670292B,10,Humid Chaco,Paraguay,-58.175591,-23.403353,1.9833333333333332,False,1,4332,service,102.60622364266575
4578.0,2014-07-05 04:00:00,-58.175837,-23.403242,Panthera onca,670292B,10,Humid Chaco,Paraguay,-58.175837,-23.403242,1.9833333333333332,False,1,4332,service,99.92674686141378
4579.0,2014-07-05 06:01:00,-58.175807,-23.403297,Panthera onca,670292B,10,Humid Chaco,Paraguay,-58.175807,-23.403297,2.0166666666666666,False,1,4332,service,103.97030855210035
4580.0,2014-07-05 08:01:00,-58.175837,-23.403218,Panthera onca,670292B,10,Humid Chaco,Paraguay,-58.175837,-23.403218,2.0,False,1,4332,service,97.59874440738407
4581.0,2014-07-05 10:03:00,-58.177584,-23.403661,Panthera onca,670292B,10,Humid Chaco,Paraguay,-58.177584,-23.403661,2.033333333333333,False,1,4332,service,258.026076340175
4582.0,2014-07-05 22:02:00,-58.181683,-23.397842,Panthera onca,670292B,10,Humid Chaco,Paraguay,-58.181683,-23.397842,11.983333333333333,False,1,4333,service,161.27237111885012
4583.0,2014-07-06 00:03:00,-58.18259,-23.392945,Panthera onca,670292B,10,Humid Chaco,Paraguay,-58.18259,-23.392945,2.0166666666666666,False,1,4277,service,240.90989518442214
4584.0,2014-07-06 02:01:00,-58.17521,-23.395689,Panthera onca,670292B,10,Humid Chaco,Paraguay,-58.17521,-23.395689,1.9666666666666663,False,1,4332,service,155.07310304772395
4585.0,2014-07-06 04:03:00,-58.175121,-23.395833,Panthera onca,670292B,10,Humid Chaco,Paraguay,-58.175121,-23.395833,2.033333333333333,False,1,4332,service,162.98843239094572
4586.0,2014-07-06 06:02:00,-58.174572,-23.395904,Panthera onca,670292B,10,Humid Chaco,Paraguay,-58.174572,-23.395904,1.9833333333333332,False,1,4332,service,218.53466635601418
4587.0,2014-07-06 08:01:00,-58.174928,-23.396066,Panthera onca,670292B,10,Humid Chaco,Paraguay,-58.174928,-23.396066,1.9833333333333332,False,1,4332,service,181.30828876577962
4588.0,2014-07-06 10:02:00,-58.1744,-23.396201,Panthera onca,670292B,10,Humid Chaco,Paraguay,-58.1744,-23.396201,2.0166666666666666,False,1,4332,service,234.46236960547262
4589.0,2014-07-06 22:01:00,-58.169221,-23.404482,Panthera onca,670292B,10,Humid Chaco,Paraguay,-58.169221,-23.404482,11.983333333333333,False,1,4332,service,47.68700482934518
4590.0,2014-07-07 00:02:00,-58.179793,-23.400455,Panthera onca,670292B,10,Humid Chaco,Paraguay,-58.179793,-23.400455,2.0166666666666666,False,1,4333,service,211.6920464945856
4591.0,2014-07-07 04:32:00,-58.190958,-23.401998,Panthera onca,670292B,10,Humid Chaco,Paraguay,-58.190958,-23.401998,4.5,False,1,4277,service,395.910153487516
4592.0,2014-07-07 05:01:00,-58.191044,-23.40199,Panthera onca,670292B,10,Humid Chaco,Paraguay,-58.191044,-23.40199,0.4833333333333333,False,1,4277,service,392.9694424284067
4593.0,2014-07-07 10:03:00,-58.193048,-23.402807,Panthera onca,670292B,10,Humid Chaco,Paraguay,-58.193048,-23.402807,5.033333333333333,False,1,4277,service,440.2440427545501
4594.0,2014-07-07 22:00:00,-58.206199,-23.411084,Panthera onca,670292B,10,Humid Chaco,Paraguay,-58.206199,-23.411084,11.95,False,1,4277,service,1147.7774383146577
4595.0,2014-07-08 00:02:00,-58.204207,-23.403653,Panthera onca,670292B,10,Humid Chaco,Paraguay,-58.204207,-23.403653,2.033333333333333,False,1,4277,service,324.2885138064926
4596.0,2014-07-08 02:02:00,-58.202635,-23.388592,Panthera onca,670292B,10,Humid Chaco,Paraguay,-58.202635,-23.388592,2.0,False,1,4277,service,1299.4186471511755
4597.0,2014-07-08 04:02:00,-58.204797,-23.39502,Panthera onca,670292B,10,Humid Chaco,Paraguay,-58.204797,-23.39502,2.0,False,1,4277,service,625.2767178638866
4598.0,2014-07-08 06:01:00,-58.20442,-23.394129,Panthera onca,670292B,10,Humid Chaco,Paraguay,-58.20442,-23.394129,1.9833333333333332,False,1,4277,service,725.6536778859934
4599.0,2014-07-08 08:02:00,-58.203251,-23.388796,Panthera onca,670292B,10,Humid Chaco,Paraguay,-58.203251,-23.388796,2.0166666666666666,False,1,4277,service,1290.0621205349921
4600.0,2014-07-08 08:28:00,-58.2031,-23.388788,Panthera onca,670292B,10,Humid Chaco,Paraguay,-58.2031,-23.388788,0.4333333333333333,False,1,4277,service,1287.8010766038744
4601.0,2014-07-08 08:55:00,-58.203155,-23.388892,Panthera onca,670292B,10,Humid Chaco,Paraguay,-58.203155,-23.388892,0.45,False,1,4277,service,1277.6641778493863
4602.0,2014-07-08 22:01:00,-58.203005,-23.388936,Panthera onca,670292B,10,Humid Chaco,Paraguay,-58.203005,-23.388936,13.1,False,1,4277,service,1269.7856434298662
4603.0,2014-07-09 00:03:00,-58.203216,-23.388784,Panthera onca,670292B,10,Humid Chaco,Paraguay,-58.203216,-23.388784,2.033333333333333,False,1,4277,service,1290.6381061462691
4604.0,2014-07-09 02:01:00,-58.202972,-23.388833,Panthera onca,670292B,10,Humid Chaco,Paraguay,-58.202972,-23.388833,1.9666666666666663,False,1,4277,service,1280.2699123395528
4605.0,2014-07-09 08:33:00,-58.202058,-23.390293,Panthera onca,670292B,10,Humid Chaco,Paraguay,-58.202058,-23.390293,6.533333333333333,False,1,4277,service,1103.0298908465106
4606.0,2014-07-09 10:02:00,-58.202288,-23.390628,Panthera onca,670292B,10,Humid Chaco,Paraguay,-58.202288,-23.390628,1.4833333333333334,False,1,4277,service,1071.4721931203476
4607.0,2014-07-09 22:03:00,-58.197264,-23.408653,Panthera onca,670292B,10,Humid Chaco,Paraguay,-58.197264,-23.408653,12.016666666666667,False,1,4277,service,987.0067366432044
4608.0,2014-07-10 02:03:00,-58.197092,-23.408464,Panthera onca,670292B,10,Humid Chaco,Paraguay,-58.197092,-23.408464,4.0,False,1,4277,service,970.0777821770528
4609.0,2014-07-10 04:03:00,-58.197512,-23.408621,Panthera onca,670292B,10,Humid Chaco,Paraguay,-58.197512,-23.408621,2.0,False,1,4277,service,978.3989068009685
4610.0,2014-07-10 08:02:00,-58.196389,-23.409006,Panthera onca,670292B,10,Humid Chaco,Paraguay,-58.196389,-23.409006,3.983333333333333,False,1,4277,service,1043.4101801484196
4611.0,2014-07-10 09:00:00,-58.197119,-23.408512,Panthera onca,670292B,10,Humid Chaco,Paraguay,-58.197119,-23.408512,0.9666666666666668,False,1,4277,service,974.7228366093229
4612.0,2014-07-10 10:01:00,-58.197402,-23.408683,Panthera onca,670292B,10,Humid Chaco,Paraguay,-58.197402,-23.408683,1.0166666666666666,False,1,4277,service,987.4003680662868
4613.0,2014-07-10 22:03:00,-58.196765,-23.412443,Panthera onca,670292B,10,Humid Chaco,Paraguay,-58.196765,-23.412443,12.033333333333331,False,1,4277,service,1408.280798498304
4614.0,2014-07-11 00:03:00,-58.201704,-23.419572,Panthera onca,670292B,10,Humid Chaco,Paraguay,-58.201704,-23.419572,2.0,False,1,4277,service,2092.4499802441815
4615.0,2014-07-11 08:00:00,-58.202005,-23.420431,Panthera onca,670292B,10,Humid Chaco,Paraguay,-58.202005,-23.420431,7.95,False,1,4277,service,2184.632166970052
4616.0,2014-07-11 22:01:00,-58.216342,-23.422869,Panthera onca,670292B,10,Humid Chaco,Paraguay,-58.216342,-23.422869,14.016666666666667,False,1,4277,service,2331.003616594959
4617.0,2014-07-12 00:01:00,-58.216483,-23.418473,Panthera onca,670292B,10,Humid Chaco,Paraguay,-58.216483,-23.418473,2.0,False,1,4277,service,1854.4345414584132
4618.0,2014-07-12 01:09:00,-58.215273,-23.420304,Panthera onca,670292B,10,Humid Chaco,Paraguay,-58.215273,-23.420304,1.1333333333333333,False,1,4277,service,2034.5599389930135
4619.0,2014-07-12 02:03:00,-58.215412,-23.416546,Panthera onca,670292B,10,Humid Chaco,Paraguay,-58.215412,-23.416546,0.9,False,1,4277,service,1624.6580970645416
4620.0,2014-07-12 06:01:00,-58.216572,-23.418829,Panthera onca,670292B,10,Humid Chaco,Paraguay,-58.216572,-23.418829,3.966666666666667,False,1,4277,service,1894.8774553967028
4621.0,2014-07-12 08:02:00,-58.216017,-23.418565,Panthera onca,670292B,10,Humid Chaco,Paraguay,-58.216017,-23.418565,2.0166666666666666,False,1,4277,service,1855.4566916610133
4622.0,2014-07-12 09:03:00,-58.216423,-23.418359,Panthera onca,670292B,10,Humid Chaco,Paraguay,-58.216423,-23.418359,1.0166666666666666,False,1,4277,service,1840.8384736755659
4623.0,2014-07-12 10:00:00,-58.216439,-23.418359,Panthera onca,670292B,10,Humid Chaco,Paraguay,-58.216439,-23.418359,0.95,False,1,4277,service,1841.1655961412741
4624.0,2014-07-12 22:02:00,-58.225619,-23.424024,Panthera onca,670292B,10,Humid Chaco,Paraguay,-58.225619,-23.424024,12.033333333333331,False,1,3158,service,2291.0936538308265
4625.0,2014-07-13 05:03:00,-58.225372,-23.423836,Panthera onca,670292B,10,Humid Chaco,Paraguay,-58.225372,-23.423836,7.016666666666667,False,1,4299,track,2309.0119954089773
4626.0,2014-07-13 08:02:00,-58.225535,-23.423902,Panthera onca,670292B,10,Humid Chaco,Paraguay,-58.225535,-23.423902,2.9833333333333334,False,1,3158,service,2306.8306477464844
4627.0,2014-07-13 10:02:00,-58.2255,-23.423789,Panthera onca,670292B,10,Humid Chaco,Paraguay,-58.2255,-23.423789,2.0,False,1,4299,track,2298.2345716416307
4628.0,2014-07-13 22:01:00,-58.226136,-23.423939,Panthera onca,670292B,10,Humid Chaco,Paraguay,-58.226136,-23.423939,11.983333333333333,False,1,3158,service,2280.728982449501
4629.0,2014-07-14 00:01:00,-58.225488,-23.423779,Panthera onca,670292B,10,Humid Chaco,Paraguay,-58.225488,-23.423779,2.0,False,1,4299,track,2297.837413972996
4630.0,2014-07-14 02:01:00,-58.225605,-23.42386,Panthera onca,670292B,10,Humid Chaco,Paraguay,-58.225605,-23.42386,2.0,False,1,4299,track,2300.141468229178
4631.0,2014-07-14 04:03:00,-58.220598,-23.426957,Panthera onca,670292B,10,Humid Chaco,Paraguay,-58.220598,-23.426957,2.033333333333333,False,1,3158,service,2251.8048256012853
4632.0,2014-07-14 06:02:00,-58.225634,-23.423937,Panthera onca,670292B,10,Humid Chaco,Paraguay,-58.225634,-23.423937,1.9833333333333332,False,1,3158,service,2299.4656794822795
4633.0,2014-07-14 10:02:00,-58.225539,-23.42387,Panthera onca,670292B,10,Humid Chaco,Paraguay,-58.225539,-23.42387,4.0,False,1,4299,track,2304.2750453826807
4634.0,2014-07-14 22:01:00,-58.225251,-23.423884,Panthera onca,670292B,10,Humid Chaco,Paraguay,-58.225251,-23.423884,11.983333333333333,False,1,4299,track,2319.5796712945644
4635.0,2014-07-15 02:03:00,-58.225607,-23.423497,Panthera onca,670292B,10,Humid Chaco,Paraguay,-58.225607,-23.423497,4.033333333333333,False,1,4299,track,2264.5759652136753
4636.0,2014-07-15 06:00:00,-58.225666,-23.423833,Panthera onca,670292B,10,Humid Chaco,Paraguay,-58.225666,-23.423833,3.95,False,1,4299,track,2294.591796146158
4637.0,2014-07-15 08:02:00,-58.22559,-23.423824,Panthera onca,670292B,10,Humid Chaco,Paraguay,-58.22559,-23.423824,2.033333333333333,False,1,4299,track,2297.3338939985038
4638.0,2014-07-15 10:02:00,-58.224017,-23.426309,Panthera onca,670292B,10,Humid Chaco,Paraguay,-58.224017,-23.426309,2.0,False,1,3158,service,2127.981799868019
4639.0,2014-07-15 22:03:00,-58.207577,-23.411501,Panthera onca,670292B,10,Humid Chaco,Paraguay,-58.207577,-23.411501,12.016666666666667,False,1,4277,service,1154.2743128367906
4640.0,2014-07-16 00:01:00,-58.205181,-23.408903,Panthera onca,670292B,10,Humid Chaco,Paraguay,-58.205181,-23.408903,1.9666666666666663,False,1,4277,service,911.453048282489
4641.0,2014-07-16 02:02:00,-58.199652,-23.404233,Panthera onca,670292B,10,Humid Chaco,Paraguay,-58.199652,-23.404233,2.0166666666666666,False,1,4277,service,458.2867631736921
4642.0,2014-07-16 06:00:00,-58.199619,-23.404235,Panthera onca,670292B,10,Humid Chaco,Paraguay,-58.199619,-23.404235,3.966666666666667,False,1,4277,service,459.187303451421
4643.0,2014-07-16 10:02:00,-58.198969,-23.404003,Panthera onca,670292B,10,Humid Chaco,Paraguay,-58.198969,-23.404003,4.033333333333333,False,1,4277,service,447.4990679462662
4644.0,2014-07-16 22:01:00,-58.186412,-23.423695,Panthera onca,670292B,10,Humid Chaco,Paraguay,-58.186412,-23.423695,11.983333333333333,False,1,3159,track,2050.3896706727387
4645.0,2014-07-17 00:03:00,-58.178913,-23.428402,Panthera onca,670292B,10,Humid Chaco,Paraguay,-58.178913,-23.428402,2.033333333333333,False,1,3159,track,1387.3897952077214
4646.0,2014-07-17 02:02:00,-58.181283,-23.429321,Panthera onca,670292B,10,Humid Chaco,Paraguay,-58.181283,-23.429321,1.9833333333333332,False,1,3159,track,1336.3538519945457
4647.0,2014-07-17 04:03:00,-58.176585,-23.418942,Panthera onca,670292B,10,Humid Chaco,Paraguay,-58.176585,-23.418942,2.0166666666666666,False,1,4343,track,1010.9100838019225
4648.0,2014-07-17 06:00:00,-58.177454,-23.419453,Panthera onca,670292B,10,Humid Chaco,Paraguay,-58.177454,-23.419453,1.95,False,1,4343,track,1110.091968183886
4649.0,2014-07-17 22:02:00,-58.177571,-23.419469,Panthera onca,670292B,10,Humid Chaco,Paraguay,-58.177571,-23.419469,16.033333333333335,False,1,4343,track,1118.996224707039
4650.0,2014-07-18 00:01:00,-58.177594,-23.419778,Panthera onca,670292B,10,Humid Chaco,Paraguay,-58.177594,-23.419778,1.9833333333333332,False,1,4343,track,1147.154195662033
4651.0,2014-07-18 02:03:00,-58.176725,-23.420309,Panthera onca,670292B,10,Humid Chaco,Paraguay,-58.176725,-23.420309,2.033333333333333,False,1,4343,track,1143.2981090960175
4652.0,2014-07-18 06:01:00,-58.177578,-23.419721,Panthera onca,670292B,10,Humid Chaco,Paraguay,-58.177578,-23.419721,3.966666666666667,False,1,4343,track,1141.188505502476
4653.0,2014-07-18 08:01:00,-58.177607,-23.419841,Panthera onca,670292B,10,Humid Chaco,Paraguay,-58.177607,-23.419841,2.0,False,1,4343,track,1153.4595363896203
4654.0,2014-07-18 22:03:00,-58.194712,-23.419089,Panthera onca,670292B,10,Humid Chaco,Paraguay,-58.194712,-23.419089,14.033333333333331,False,1,4277,service,2171.4155897396095
4655.0,2014-07-19 02:03:00,-58.195215,-23.419217,Panthera onca,670292B,10,Humid Chaco,Paraguay,-58.195215,-23.419217,4.0,False,1,4277,service,2174.8728828923217
4656.0,2014-07-19 08:02:00,-58.194848,-23.419118,Panthera onca,670292B,10,Humid Chaco,Paraguay,-58.194848,-23.419118,5.983333333333333,False,1,4277,service,2171.7422540163166
4657.0,2014-07-19 10:03:00,-58.195518,-23.419892,Panthera onca,670292B,10,Humid Chaco,Paraguay,-58.195518,-23.419892,2.0166666666666666,False,1,4277,service,2241.7830352563733
4658.0,2014-07-19 22:03:00,-58.195283,-23.419093,Panthera onca,670292B,10,Humid Chaco,Paraguay,-58.195283,-23.419093,12.0,False,1,4277,service,2160.019220985745
4659.0,2014-07-20 00:00:00,-58.194871,-23.419151,Panthera onca,670292B,10,Humid Chaco,Paraguay,-58.194871,-23.419151,1.95,False,1,4277,service,2174.8437937865274
4660.0,2014-07-20 02:02:00,-58.195268,-23.418872,Panthera onca,670292B,10,Humid Chaco,Paraguay,-58.195268,-23.418872,2.033333333333333,False,1,4277,service,2136.3678175684254
4661.0,2014-07-20 04:00:00,-58.19491,-23.419008,Panthera onca,670292B,10,Humid Chaco,Paraguay,-58.19491,-23.419008,1.9666666666666663,False,1,4277,service,2158.5308567653083
4662.0,2014-07-20 10:02:00,-58.195125,-23.418825,Panthera onca,670292B,10,Humid Chaco,Paraguay,-58.195125,-23.418825,6.033333333333333,False,1,4277,service,2134.2344753732887
4663.0,2014-07-20 22:03:00,-58.202861,-23.430591,Panthera onca,670292B,10,Humid Chaco,Paraguay,-58.202861,-23.430591,12.016666666666667,False,1,3159,track,1850.0596147315816
4664.0,2014-07-21 00:03:00,-58.203523,-23.432455,Panthera onca,670292B,10,Humid Chaco,Paraguay,-58.203523,-23.432455,2.0,False,1,3159,track,1734.9228839460677
4665.0,2014-07-21 02:01:00,-58.202465,-23.431321,Panthera onca,670292B,10,Humid Chaco,Paraguay,-58.202465,-23.431321,1.9666666666666663,False,1,3159,track,1761.915067254741
4666.0,2014-07-21 04:02:00,-58.202726,-23.430985,Panthera onca,670292B,10,Humid Chaco,Paraguay,-58.202726,-23.430985,2.0166666666666666,False,1,3159,track,1807.5760328240924
4667.0,2014-07-21 06:02:00,-58.202401,-23.431528,Panthera onca,670292B,10,Humid Chaco,Paraguay,-58.202401,-23.431528,2.0,False,1,3159,track,1740.12774210534
4668.0,2014-07-21 08:00:00,-58.202455,-23.431288,Panthera onca,670292B,10,Humid Chaco,Paraguay,-58.202455,-23.431288,1.9666666666666663,False,1,3159,track,1764.0758187257723
4669.0,2014-07-21 10:03:00,-58.20302,-23.43198,Panthera onca,670292B,10,Humid Chaco,Paraguay,-58.20302,-23.43198,2.05,False,1,3159,track,1742.303752650216
4670.0,2014-07-21 22:02:00,-58.225708,-23.431407,Panthera onca,670292B,10,Humid Chaco,Paraguay,-58.225708,-23.431407,11.983333333333333,False,1,3158,service,1551.1681886411657
4671.0,2014-07-22 00:02:00,-58.225777,-23.4318,Panthera onca,670292B,10,Humid Chaco,Paraguay,-58.225777,-23.4318,2.0,False,1,3158,service,1510.4570753054604
4672.0,2014-07-22 02:00:00,-58.225654,-23.43168,Panthera onca,670292B,10,Humid Chaco,Paraguay,-58.225654,-23.43168,1.9666666666666663,False,1,3158,service,1528.3939772073327
4673.0,2014-07-22 06:01:00,-58.225678,-23.431678,Panthera onca,670292B,10,Humid Chaco,Paraguay,-58.225678,-23.431678,4.016666666666667,False,1,3158,service,1527.2758212311396
4674.0,2014-07-22 10:03:00,-58.226165,-23.431361,Panthera onca,670292B,10,Humid Chaco,Paraguay,-58.226165,-23.431361,4.033333333333333,False,1,3158,service,1531.7452262818913
4675.0,2014-07-22 22:03:00,-58.227406,-23.429936,Panthera onca,670292B,10,Humid Chaco,Paraguay,-58.227406,-23.429936,12.0,False,1,3158,service,1616.5025949810165
4676.0,2014-07-23 00:00:00,-58.227263,-23.429902,Panthera onca,670292B,10,Humid Chaco,Paraguay,-58.227263,-23.429902,1.95,False,1,3158,service,1625.753832334001
4677.0,2014-07-23 02:01:00,-58.227247,-23.429969,Panthera onca,670292B,10,Humid Chaco,Paraguay,-58.227247,-23.429969,2.0166666666666666,False,1,3158,service,1619.614581163486
4678.0,2014-07-23 08:34:00,-58.227621,-23.429997,Panthera onca,670292B,10,Humid Chaco,Paraguay,-58.227621,-23.429997,6.55,False,1,3158,service,1601.746893437581
4679.0,2014-07-23 10:00:00,-58.227361,-23.429962,Panthera onca,670292B,10,Humid Chaco,Paraguay,-58.227361,-23.429962,1.4333333333333331,False,1,3158,service,1615.6726933060154
4680.0,2014-07-23 22:01:00,-58.227709,-23.431078,Panthera onca,670292B,10,Humid Chaco,Paraguay,-58.227709,-23.431078,12.016666666666667,False,1,3158,service,1488.2177461192439
4681.0,2014-07-24 00:30:00,-58.226571,-23.43045,Panthera onca,670292B,10,Humid Chaco,Paraguay,-58.226571,-23.43045,2.4833333333333334,False,1,3158,service,1600.9035073127015
4682.0,2014-07-24 04:01:00,-58.227634,-23.431154,Panthera onca,670292B,10,Humid Chaco,Paraguay,-58.227634,-23.431154,3.5166666666666666,False,1,3158,service,1483.6791491203978
4683.0,2014-07-24 10:03:00,-58.226406,-23.430397,Panthera onca,670292B,10,Humid Chaco,Paraguay,-58.226406,-23.430397,6.033333333333333,False,1,3158,service,1613.7836720901284
4684.0,2014-07-24 22:02:00,-58.221215,-23.411293,Panthera onca,670292B,10,Humid Chaco,Paraguay,-58.221215,-23.411293,11.983333333333333,False,1,4277,service,1275.8045858134394
4685.0,2014-07-25 00:03:00,-58.221235,-23.411205,Panthera onca,670292B,10,Humid Chaco,Paraguay,-58.221235,-23.411205,2.0166666666666666,False,1,4277,service,1268.354048256687
4686.0,2014-07-25 10:03:00,-58.220147,-23.410994,Panthera onca,670292B,10,Humid Chaco,Paraguay,-58.220147,-23.410994,10.0,False,1,4277,service,1195.7544623120764
4687.0,2014-07-25 22:03:00,-58.215781,-23.414823,Panthera onca,670292B,10,Humid Chaco,Paraguay,-58.215781,-23.414823,12.0,False,1,4277,service,1444.1608820596698
4688.0,2014-07-26 10:03:00,-58.223974,-23.413292,Panthera onca,670292B,10,Humid Chaco,Paraguay,-58.223974,-23.413292,12.0,False,1,4299,track,1498.7986768163437
4689.0,2014-07-26 22:01:00,-58.23663,-23.407607,Panthera onca,670292B,10,Humid Chaco,Paraguay,-58.23663,-23.407607,11.966666666666669,False,1,4299,track,240.47710137290096
4690.0,2014-07-27 00:03:00,-58.235596,-23.407055,Panthera onca,670292B,10,Humid Chaco,Paraguay,-58.235596,-23.407055,2.033333333333333,False,1,4299,track,181.26403663014804
4691.0,2014-07-27 02:03:00,-58.238612,-23.404991,Panthera onca,670292B,10,Humid Chaco,Paraguay,-58.238612,-23.404991,2.0,False,1,4299,track,261.4167476490191
4692.0,2014-07-27 04:03:00,-58.236127,-23.408539,Panthera onca,670292B,10,Humid Chaco,Paraguay,-58.236127,-23.408539,2.0,False,1,4299,track,337.76619877268786
4693.0,2014-07-27 08:02:00,-58.235944,-23.407306,Panthera onca,670292B,10,Humid Chaco,Paraguay,-58.235944,-23.407306,3.983333333333333,False,1,4299,track,201.96152387069253
4694.0,2014-07-27 09:00:00,-58.234998,-23.407442,Panthera onca,670292B,10,Humid Chaco,Paraguay,-58.234998,-23.407442,0.9666666666666668,False,1,4299,track,244.3960346663524
4695.0,2014-07-27 22:03:00,-58.236948,-23.405335,Panthera onca,670292B,10,Humid Chaco,Paraguay,-58.236948,-23.405335,13.05,False,1,4299,track,87.17000617125127
4696.0,2014-07-28 00:01:00,-58.23684,-23.405325,Panthera onca,670292B,10,Humid Chaco,Paraguay,-58.23684,-23.405325,1.9666666666666663,False,1,4299,track,76.62980790891758
4697.0,2014-07-28 02:00:00,-58.236704,-23.405355,Panthera onca,670292B,10,Humid Chaco,Paraguay,-58.236704,-23.405355,1.9833333333333332,False,1,4299,track,62.340225379118294
4698.0,2014-07-28 04:03:00,-58.237335,-23.40545,Panthera onca,670292B,10,Humid Chaco,Paraguay,-58.237335,-23.40545,2.05,False,1,4299,track,125.11642129137026
4699.0,2014-07-28 06:00:00,-58.23673,-23.405344,Panthera onca,670292B,10,Humid Chaco,Paraguay,-58.23673,-23.405344,1.95,False,1,4299,track,65.2127257605496
4700.0,2014-07-28 08:01:00,-58.236847,-23.405286,Panthera onca,670292B,10,Humid Chaco,Paraguay,-58.236847,-23.405286,2.0166666666666666,False,1,4299,track,78.44915752747177
4701.0,2014-07-28 10:02:00,-58.236856,-23.404453,Panthera onca,670292B,10,Humid Chaco,Paraguay,-58.236856,-23.404453,2.0166666666666666,False,1,4299,track,131.96657339556683
4702.0,2014-07-29 00:02:00,-58.236822,-23.405287,Panthera onca,670292B,10,Humid Chaco,Paraguay,-58.236822,-23.405287,14.0,False,1,4299,track,75.97191851725127
4703.0,2014-07-29 02:02:00,-58.236729,-23.405356,Panthera onca,670292B,10,Humid Chaco,Paraguay,-58.236729,-23.405356,2.0,False,1,4299,track,64.79973514992969
4704.0,2014-07-29 04:00:00,-58.236722,-23.405292,Panthera onca,670292B,10,Humid Chaco,Paraguay,-58.236722,-23.405292,1.9666666666666663,False,1,4299,track,66.08733452522894
4705.0,2014-07-29 06:03:00,-58.236965,-23.404958,Panthera onca,670292B,10,Humid Chaco,Paraguay,-58.236965,-23.404958,2.05,False,1,4299,track,105.17237239982738
4706.0,2014-07-29 08:02:00,-58.238781,-23.404099,Panthera onca,670292B,10,Humid Chaco,Paraguay,-58.238781,-23.404099,1.9833333333333332,False,1,4299,track,313.21477179303236
4707.0,2014-07-29 10:01:00,-58.226365,-23.404883,Panthera onca,670292B,10,Humid Chaco,Paraguay,-58.226365,-23.404883,1.9833333333333332,False,1,4277,service,893.961709872264
4708.0,2014-07-29 22:00:00,-58.21595,-23.414253,Panthera onca,670292B,10,Humid Chaco,Paraguay,-58.21595,-23.414253,11.983333333333333,False,1,4277,service,1386.3783408262896
4709.0,2014-07-30 00:01:00,-58.215946,-23.414353,Panthera onca,670292B,10,Humid Chaco,Paraguay,-58.215946,-23.414353,2.0166666666666666,False,1,4277,service,1397.0625293195578
4710.0,2014-07-30 02:02:00,-58.215924,-23.414314,Panthera onca,670292B,10,Humid Chaco,Paraguay,-58.215924,-23.414314,2.0166666666666666,False,1,4277,service,1392.3456577400334
4711.0,2014-07-30 06:00:00,-58.215937,-23.414331,Panthera onca,670292B,10,Humid Chaco,Paraguay,-58.215937,-23.414331,3.966666666666667,False,1,4277,service,1394.4809958214096
4712.0,2014-07-30 08:00:00,-58.215872,-23.414366,Panthera onca,670292B,10,Humid Chaco,Paraguay,-58.215872,-23.414366,2.0,False,1,4277,service,1396.7596962887274
4713.0,2014-07-30 10:01:00,-58.216011,-23.414322,Panthera onca,670292B,10,Humid Chaco,Paraguay,-58.216011,-23.414322,2.0166666666666666,False,1,4277,service,1395.2550227429158
4714.0,2014-07-30 22:01:00,-58.207522,-23.426626,Panthera onca,670292B,10,Humid Chaco,Paraguay,-58.207522,-23.426626,12.0,False,1,3159,track,2492.159212103694
4715.0,2014-07-31 00:01:00,-58.207323,-23.426692,Panthera onca,670292B,10,Humid Chaco,Paraguay,-58.207323,-23.426692,2.0,False,1,3159,track,2473.510108762258
4716.0,2014-07-31 06:03:00,-58.207078,-23.427425,Panthera onca,670292B,10,Humid Chaco,Paraguay,-58.207078,-23.427425,6.033333333333333,False,1,3159,track,2395.1880070616726
4717.0,2014-07-31 08:34:00,-58.207346,-23.426611,Panthera onca,670292B,10,Humid Chaco,Paraguay,-58.207346,-23.426611,2.5166666666666666,False,1,3159,track,2481.898088927045
4718.0,2014-07-31 10:03:00,-58.207959,-23.425157,Panthera onca,670292B,10,Humid Chaco,Paraguay,-58.207959,-23.425157,1.4833333333333334,False,1,4277,service,2604.2408711164344
4719.0,2014-07-31 22:02:00,-58.222751,-23.423836,Panthera onca,670292B,10,Humid Chaco,Paraguay,-58.222751,-23.423836,11.983333333333333,False,1,3158,service,2430.632260466934
4720.0,2014-08-01 00:02:00,-58.222779,-23.423796,Panthera onca,670292B,10,Humid Chaco,Paraguay,-58.222779,-23.423796,2.0,False,1,3158,service,2433.267582651357
4721.0,2014-08-01 02:03:00,-58.222614,-23.423467,Panthera onca,670292B,10,Humid Chaco,Paraguay,-58.222614,-23.423467,2.0166666666666666,False,1,4299,track,2421.814574468355
4722.0,2014-08-01 04:01:00,-58.222882,-23.423719,Panthera onca,670292B,10,Humid Chaco,Paraguay,-58.222882,-23.423719,1.9666666666666663,False,1,4299,track,2429.457121207886
4723.0,2014-08-01 06:03:00,-58.222976,-23.423724,Panthera onca,670292B,10,Humid Chaco,Paraguay,-58.222976,-23.423724,2.033333333333333,False,1,4299,track,2424.5864192199883
4724.0,2014-08-01 08:01:00,-58.22288,-23.423779,Panthera onca,670292B,10,Humid Chaco,Paraguay,-58.22288,-23.423779,1.9666666666666663,False,1,3158,service,2430.2630116181253
4725.0,2014-08-01 10:00:00,-58.222924,-23.423787,Panthera onca,670292B,10,Humid Chaco,Paraguay,-58.222924,-23.423787,1.9833333333333332,False,1,3158,service,2427.444039055779
4726.0,2014-08-01 22:00:00,-58.221464,-23.424819,Panthera onca,670292B,10,Humid Chaco,Paraguay,-58.221464,-23.424819,12.0,False,1,3158,service,2399.7499180294094
4727.0,2014-08-02 00:01:00,-58.22151,-23.424743,Panthera onca,670292B,10,Humid Chaco,Paraguay,-58.22151,-23.424743,2.0166666666666666,False,1,3158,service,2404.5293237114984
4728.0,2014-08-02 02:03:00,-58.221386,-23.424762,Panthera onca,670292B,10,Humid Chaco,Paraguay,-58.221386,-23.424762,2.033333333333333,False,1,3158,service,2409.2790694264627
4729.0,2014-08-02 04:03:00,-58.220984,-23.424332,Panthera onca,670292B,10,Humid Chaco,Paraguay,-58.220984,-23.424332,2.0,False,1,3158,service,2471.3187006521275
4730.0,2014-08-02 06:00:00,-58.22155,-23.424794,Panthera onca,670292B,10,Humid Chaco,Paraguay,-58.22155,-23.424794,1.95,False,1,3158,service,2397.5839959362124
4731.0,2014-08-02 08:01:00,-58.221415,-23.424849,Panthera onca,670292B,10,Humid Chaco,Paraguay,-58.221415,-23.424849,2.0166666666666666,False,1,3158,service,2399.5085888645735
4732.0,2014-08-02 22:03:00,-58.221519,-23.424875,Panthera onca,670292B,10,Humid Chaco,Paraguay,-58.221519,-23.424875,14.033333333333331,False,1,3158,service,2391.5356796708766
4733.0,2014-08-03 00:01:00,-58.221639,-23.424656,Panthera onca,670292B,10,Humid Chaco,Paraguay,-58.221639,-23.424656,1.9666666666666663,False,1,3158,service,2406.055726765036
4734.0,2014-08-03 02:02:00,-58.208632,-23.422842,Panthera onca,670292B,10,Humid Chaco,Paraguay,-58.208632,-23.422842,2.0166666666666666,False,1,4277,service,2339.740088364423
4735.0,2014-08-03 04:03:00,-58.197309,-23.419328,Panthera onca,670292B,10,Humid Chaco,Paraguay,-58.197309,-23.419328,2.0166666666666666,False,1,4277,service,2143.5262570295818
4736.0,2014-08-03 06:03:00,-58.196461,-23.418857,Panthera onca,670292B,10,Humid Chaco,Paraguay,-58.196461,-23.418857,2.0,False,1,4277,service,2110.0253119396893
4737.0,2014-08-03 08:30:00,-58.197915,-23.418069,Panthera onca,670292B,10,Humid Chaco,Paraguay,-58.197915,-23.418069,2.45,False,1,4277,service,1994.4630541255558
4738.0,2014-08-03 08:59:00,-58.197016,-23.418595,Panthera onca,670292B,10,Humid Chaco,Paraguay,-58.197016,-23.418595,0.4833333333333333,False,1,4277,service,2070.1196404146654
4739.0,2014-08-03 10:01:00,-58.196899,-23.418044,Panthera onca,670292B,10,Humid Chaco,Paraguay,-58.196899,-23.418044,1.0333333333333334,False,1,4277,service,2012.8005633245086
4740.0,2014-08-03 22:02:00,-58.196416,-23.419274,Panthera onca,670292B,10,Humid Chaco,Paraguay,-58.196416,-23.419274,12.016666666666667,False,1,4277,service,2156.171371153961
4741.0,2014-08-04 00:01:00,-58.197358,-23.418726,Panthera onca,670292B,10,Humid Chaco,Paraguay,-58.197358,-23.418726,1.9833333333333332,False,1,4277,service,2077.2383834854218
4742.0,2014-08-04 04:03:00,-58.197519,-23.418543,Panthera onca,670292B,10,Humid Chaco,Paraguay,-58.197519,-23.418543,4.033333333333333,False,1,4277,service,2054.0609609264798
4743.0,2014-08-04 08:03:00,-58.19745,-23.417993,Panthera onca,670292B,10,Humid Chaco,Paraguay,-58.19745,-23.417993,4.0,False,1,4277,service,1995.8558173845306
4744.0,2014-08-04 22:02:00,-58.212284,-23.425072,Panthera onca,670292B,10,Humid Chaco,Paraguay,-58.212284,-23.425072,13.983333333333333,False,1,4277,service,2547.6900182200397
4745.0,2014-08-05 00:02:00,-58.220932,-23.427634,Panthera onca,670292B,10,Humid Chaco,Paraguay,-58.220932,-23.427634,2.0,False,1,3158,service,2171.2349365901814
4746.0,2014-08-05 02:02:00,-58.222395,-23.425103,Panthera onca,670292B,10,Humid Chaco,Paraguay,-58.222395,-23.425103,2.0,False,1,3158,service,2324.496352783015
4747.0,2014-08-05 22:01:00,-58.220399,-23.414343,Panthera onca,670292B,10,Humid Chaco,Paraguay,-58.220399,-23.414343,19.98333333333333,False,1,4277,service,1542.4288617581506
4748.0,2014-08-06 00:03:00,-58.218392,-23.414065,Panthera onca,670292B,10,Humid Chaco,Paraguay,-58.218392,-23.414065,2.033333333333333,False,1,4277,service,1439.6629907732774
4749.0,2014-08-06 08:02:00,-58.216995,-23.414949,Panthera onca,670292B,10,Humid Chaco,Paraguay,-58.216995,-23.414949,7.983333333333333,False,1,4277,service,1487.112129264772
4750.0,2014-08-06 09:11:00,-58.215812,-23.415622,Panthera onca,670292B,10,Humid Chaco,Paraguay,-58.215812,-23.415622,1.15,False,1,4277,service,1531.4160714857544
4751.0,2014-08-06 10:00:00,-58.217292,-23.415068,Panthera onca,670292B,10,Humid Chaco,Paraguay,-58.217292,-23.415068,0.8166666666666667,False,1,4277,service,1508.0830281628268
4752.0,2014-08-06 22:01:00,-58.191072,-23.403152,Panthera onca,670292B,10,Humid Chaco,Paraguay,-58.191072,-23.403152,12.016666666666667,False,1,4277,service,518.2948188033281
4753.0,2014-08-07 00:02:00,-58.185113,-23.398842,Panthera onca,670292B,10,Humid Chaco,Paraguay,-58.185113,-23.398842,2.0166666666666666,False,1,4277,service,268.76119852550005
4754.0,2014-08-07 02:02:00,-58.182755,-23.390755,Panthera onca,670292B,10,Humid Chaco,Paraguay,-58.182755,-23.390755,2.0,False,1,4277,service,435.33178305992976
4755.0,2014-08-07 04:03:00,-58.184396,-23.389995,Panthera onca,670292B,10,Humid Chaco,Paraguay,-58.184396,-23.389995,2.0166666666666666,False,1,4277,service,606.7432417569961
4756.0,2014-08-07 06:03:00,-58.184242,-23.390155,Panthera onca,670292B,10,Humid Chaco,Paraguay,-58.184242,-23.390155,2.0,False,1,4277,service,583.1105009158226
4757.0,2014-08-07 08:01:00,-58.184524,-23.389925,Panthera onca,670292B,10,Humid Chaco,Paraguay,-58.184524,-23.389925,1.9666666666666663,False,1,4277,service,620.8778410003207
4758.0,2014-08-07 10:02:00,-58.184411,-23.390028,Panthera onca,670292B,10,Humid Chaco,Paraguay,-58.184411,-23.390028,2.0166666666666666,False,1,4277,service,604.7848580932947
4759.0,2014-08-07 22:02:00,-58.190009,-23.38916,Panthera onca,670292B,10,Humid Chaco,Paraguay,-58.190009,-23.38916,12.0,False,1,4277,service,909.0210410752101
4760.0,2014-08-08 00:01:00,-58.193357,-23.384251,Panthera onca,670292B,10,Humid Chaco,Paraguay,-58.193357,-23.384251,1.9833333333333332,False,1,4277,service,1535.8670215444931
4761.0,2014-08-08 00:34:00,-58.193095,-23.38326,Panthera onca,670292B,10,Humid Chaco,Paraguay,-58.193095,-23.38326,0.55,False,1,4277,service,1630.2543552313132
4762.0,2014-08-08 02:00:00,-58.192442,-23.383814,Panthera onca,670292B,10,Humid Chaco,Paraguay,-58.192442,-23.383814,1.4333333333333331,False,1,4277,service,1550.0774701688022
4763.0,2014-08-08 04:00:00,-58.192396,-23.383712,Panthera onca,670292B,10,Humid Chaco,Paraguay,-58.192396,-23.383712,2.0,False,1,4277,service,1559.1397817022846
4764.0,2014-08-08 06:01:00,-58.192482,-23.383865,Panthera onca,670292B,10,Humid Chaco,Paraguay,-58.192482,-23.383865,2.0166666666666666,False,1,4277,service,1546.1291975543595
4765.0,2014-08-08 10:01:00,-58.19222,-23.378528,Panthera onca,670292B,10,Humid Chaco,Paraguay,-58.19222,-23.378528,4.0,False,1,4261,service,1776.180115226383
4766.0,2014-08-08 22:03:00,-58.184417,-23.389364,Panthera onca,670292B,10,Humid Chaco,Paraguay,-58.184417,-23.389364,12.033333333333331,False,1,4277,service,663.1319611031491
4767.0,2014-08-09 00:02:00,-58.180438,-23.385615,Panthera onca,670292B,10,Humid Chaco,Paraguay,-58.180438,-23.385615,1.9833333333333332,False,1,4277,service,763.8838635853341
4768.0,2014-08-09 00:27:00,-58.17814,-23.385033,Panthera onca,670292B,10,Humid Chaco,Paraguay,-58.17814,-23.385033,0.4166666666666667,False,1,4332,service,768.8316902503738
4769.0,2014-08-09 00:54:00,-58.175076,-23.386149,Panthera onca,670292B,10,Humid Chaco,Paraguay,-58.175076,-23.386149,0.45,False,1,4332,service,661.6036965357074
4770.0,2014-08-09 04:00:00,-58.173411,-23.386542,Panthera onca,670292B,10,Humid Chaco,Paraguay,-58.173411,-23.386542,3.1,False,1,4332,service,690.514737288999
4771.0,2014-08-09 06:00:00,-58.173475,-23.386517,Panthera onca,670292B,10,Humid Chaco,Paraguay,-58.173475,-23.386517,2.0,False,1,4332,service,689.5418789345418
4772.0,2014-08-09 22:01:00,-58.171599,-23.374357,Panthera onca,670292B,10,Humid Chaco,Paraguay,-58.171599,-23.374357,16.016666666666666,False,1,4332,service,2014.6820345493932
4773.0,2014-08-10 00:00:00,-58.172172,-23.365532,Panthera onca,670292B,10,Humid Chaco,Paraguay,-58.172172,-23.365532,1.9833333333333332,False,1,4261,service,1076.6536786829374
4774.0,2014-08-10 02:03:00,-58.177008,-23.366672,Panthera onca,670292B,10,Humid Chaco,Paraguay,-58.177008,-23.366672,2.05,False,1,4261,service,1038.8146680469188
4775.0,2014-08-10 04:03:00,-58.18381,-23.385647,Panthera onca,670292B,10,Humid Chaco,Paraguay,-58.18381,-23.385647,2.0,False,1,4277,service,925.6397963051314
4776.0,2014-08-10 06:03:00,-58.184766,-23.390999,Panthera onca,670292B,10,Humid Chaco,Paraguay,-58.184766,-23.390999,2.0,False,1,4277,service,534.6865460952157
4777.0,2014-08-10 08:03:00,-58.185281,-23.391249,Panthera onca,670292B,10,Humid Chaco,Paraguay,-58.185281,-23.391249,2.0,False,1,4277,service,527.2267837383243
4778.0,2014-08-10 10:03:00,-58.185279,-23.390685,Panthera onca,670292B,10,Humid Chaco,Paraguay,-58.185279,-23.390685,2.0,False,1,4277,service,585.63618765484
4779.0,2014-08-10 22:03:00,-58.185334,-23.391375,Panthera onca,670292B,10,Humid Chaco,Paraguay,-58.185334,-23.391375,12.0,False,1,4277,service,516.0618856520884
4780.0,2014-08-11 00:33:00,-58.185894,-23.390891,Panthera onca,670292B,10,Humid Chaco,Paraguay,-58.185894,-23.390891,2.5,False,1,4277,service,586.3235700208958
4781.0,2014-08-11 02:00:00,-58.185369,-23.39141,Panthera onca,670292B,10,Humid Chaco,Paraguay,-58.185369,-23.39141,1.45,False,1,4277,service,513.6874739182649
4782.0,2014-08-11 06:01:00,-58.184923,-23.391189,Panthera onca,670292B,10,Humid Chaco,Paraguay,-58.184923,-23.391189,4.016666666666667,False,1,4277,service,520.6139421905173
4783.0,2014-08-11 08:03:00,-58.184928,-23.391282,Panthera onca,670292B,10,Humid Chaco,Paraguay,-58.184928,-23.391282,2.033333333333333,False,1,4277,service,511.150040401214
4784.0,2014-08-11 10:03:00,-58.185454,-23.391157,Panthera onca,670292B,10,Humid Chaco,Paraguay,-58.185454,-23.391157,2.0,False,1,4277,service,542.9682458457589
4785.0,2014-08-11 22:01:00,-58.194202,-23.389954,Panthera onca,670292B,10,Humid Chaco,Paraguay,-58.194202,-23.389954,11.966666666666669,False,1,4277,service,972.4316135004026
4786.0,2014-08-12 00:32:00,-58.188371,-23.395408,Panthera onca,670292B,10,Humid Chaco,Paraguay,-58.188371,-23.395408,2.5166666666666666,False,1,4277,service,201.13982221652083
4787.0,2014-08-12 01:01:00,-58.188358,-23.395328,Panthera onca,670292B,10,Humid Chaco,Paraguay,-58.188358,-23.395328,0.4833333333333333,False,1,4277,service,209.03875582519248
4788.0,2014-08-12 02:01:00,-58.188607,-23.395319,Panthera onca,670292B,10,Humid Chaco,Paraguay,-58.188607,-23.395319,1.0,False,1,4277,service,218.5149049832399
4789.0,2014-08-12 04:02:00,-58.189731,-23.394626,Panthera onca,670292B,10,Humid Chaco,Paraguay,-58.189731,-23.394626,2.0166666666666666,False,1,4277,service,329.64049902381095
4790.0,2014-08-12 06:03:00,-58.182637,-23.399137,Panthera onca,670292B,10,Humid Chaco,Paraguay,-58.182637,-23.399137,2.0166666666666666,False,1,4333,service,330.14947568046625
4791.0,2014-08-12 10:00:00,-58.177465,-23.406306,Panthera onca,670292B,10,Humid Chaco,Paraguay,-58.177465,-23.406306,3.95,False,1,4332,service,477.71929756327074
4792.0,2014-08-12 22:01:00,-58.184937,-23.408762,Panthera onca,670292B,10,Humid Chaco,Paraguay,-58.184937,-23.408762,12.016666666666667,False,1,4332,service,1194.5819317505561
4793.0,2014-08-13 04:28:00,-58.185031,-23.408524,Panthera onca,670292B,10,Humid Chaco,Paraguay,-58.185031,-23.408524,6.45,False,1,4332,service,1184.4508444369142
4794.0,2014-08-13 10:02:00,-58.185727,-23.412157,Panthera onca,670292B,10,Humid Chaco,Paraguay,-58.185727,-23.412157,5.566666666666666,False,1,4332,service,1508.4773818143024
4795.0,2014-08-13 22:01:00,-58.154083,-23.428991,Panthera onca,670292B,10,Humid Chaco,Paraguay,-58.154083,-23.428991,11.983333333333333,False,1,3210,service,347.20766693072164
4796.0,2014-08-14 00:02:00,-58.162664,-23.42183,Panthera onca,670292B,10,Humid Chaco,Paraguay,-58.162664,-23.42183,2.0166666666666666,False,1,3210,service,1161.8390154570566
4797.0,2014-08-14 02:02:00,-58.161003,-23.414986,Panthera onca,670292B,10,Humid Chaco,Paraguay,-58.161003,-23.414986,2.0,False,1,4332,service,1005.2669670858439
4798.0,2014-08-14 06:02:00,-58.156763,-23.414166,Panthera onca,670292B,10,Humid Chaco,Paraguay,-58.156763,-23.414166,4.0,False,1,3210,service,753.3510915437929
4799.0,2014-08-14 08:03:00,-58.16576,-23.410822,Panthera onca,670292B,10,Humid Chaco,Paraguay,-58.16576,-23.410822,2.0166666666666666,False,1,4343,track,475.2897775768538
4800.0,2014-08-14 10:03:00,-58.1799,-23.409398,Panthera onca,670292B,10,Humid Chaco,Paraguay,-58.1799,-23.409398,2.0,False,1,4332,service,897.9389978432124
4801.0,2014-08-14 22:03:00,-58.211134,-23.402488,Panthera onca,670292B,10,Humid Chaco,Paraguay,-58.211134,-23.402488,12.0,False,1,4277,service,95.17231334997093
4802.0,2014-08-15 00:00:00,-58.222434,-23.401769,Panthera onca,670292B,10,Humid Chaco,Paraguay,-58.222434,-23.401769,1.95,False,1,4277,service,532.8787813326256
4803.0,2014-08-15 02:00:00,-58.233882,-23.397968,Panthera onca,670292B,10,Humid Chaco,Paraguay,-58.233882,-23.397968,2.0,False,1,4299,track,78.20984265253655
4804.0,2014-08-15 08:03:00,-58.248925,-23.401318,Panthera onca,670292B,10,Humid Chaco,Paraguay,-58.248925,-23.401318,6.05,False,1,4306,path,1280.706617711332
4805.0,2014-08-15 10:02:00,-58.255316,-23.396013,Panthera onca,670292B,10,Humid Chaco,Paraguay,-58.255316,-23.396013,1.9833333333333332,False,1,4305,track,657.8812823004763
4806.0,2014-08-15 22:02:00,-58.254572,-23.362204,Panthera onca,670292B,10,Humid Chaco,Paraguay,-58.254572,-23.362204,12.0,False,1,4262,track,646.7792408484281
4807.0,2014-08-16 00:03:00,-58.251105,-23.358729,Panthera onca,670292B,10,Humid Chaco,Paraguay,-58.251105,-23.358729,2.0166666666666666,False,1,4262,track,409.1052018308785
4808.0,2014-08-16 02:01:00,-58.260413,-23.34761,Panthera onca,670292B,10,Humid Chaco,Paraguay,-58.260413,-23.34761,1.9666666666666663,False,1,4262,track,834.3628715980334
4809.0,2014-08-16 06:03:00,-58.257207,-23.345751,Panthera onca,670292B,10,Humid Chaco,Paraguay,-58.257207,-23.345751,4.033333333333333,False,1,4262,track,1035.7725584522962
4810.0,2014-08-16 08:03:00,-58.254847,-23.34049,Panthera onca,670292B,10,Humid Chaco,Paraguay,-58.254847,-23.34049,2.0,False,1,4262,track,1615.1766255355813
4811.0,2014-08-16 10:01:00,-58.252648,-23.339156,Panthera onca,670292B,10,Humid Chaco,Paraguay,-58.252648,-23.339156,1.9666666666666663,False,1,4262,track,1759.9972147840915
4812.0,2014-08-16 22:02:00,-58.227951,-23.358908,Panthera onca,670292B,10,Humid Chaco,Paraguay,-58.227951,-23.358908,12.016666666666667,False,1,4261,service,558.6298933590615
4813.0,2014-08-17 00:03:00,-58.222424,-23.38184,Panthera onca,670292B,10,Humid Chaco,Paraguay,-58.222424,-23.38184,2.0166666666666666,False,1,4264,service,186.04553948290084
4814.0,2014-08-17 02:03:00,-58.224405,-23.385724,Panthera onca,670292B,10,Humid Chaco,Paraguay,-58.224405,-23.385724,2.0,False,1,4264,service,272.03286262147367
4815.0,2014-08-17 04:00:00,-58.22401,-23.386604,Panthera onca,670292B,10,Humid Chaco,Paraguay,-58.22401,-23.386604,1.95,False,1,4264,service,357.2649690296982
4816.0,2014-08-17 06:00:00,-58.223967,-23.386665,Panthera onca,670292B,10,Humid Chaco,Paraguay,-58.223967,-23.386665,2.0,False,1,4264,service,364.5356259774357
4817.0,2014-08-17 08:03:00,-58.223939,-23.38663,Panthera onca,670292B,10,Humid Chaco,Paraguay,-58.223939,-23.38663,2.05,False,1,4264,service,364.95874314284293
4818.0,2014-08-17 10:03:00,-58.217467,-23.388813,Panthera onca,670292B,10,Humid Chaco,Paraguay,-58.217467,-23.388813,2.0,False,1,4277,service,960.2829475212122
4819.0,2014-08-17 22:02:00,-58.20147,-23.392364,Panthera onca,670292B,10,Humid Chaco,Paraguay,-58.20147,-23.392364,11.983333333333333,False,1,4277,service,866.2954184987891
4820.0,2014-08-18 00:03:00,-58.201403,-23.393803,Panthera onca,670292B,10,Humid Chaco,Paraguay,-58.201403,-23.393803,2.0166666666666666,False,1,4277,service,708.8811843932962
4821.0,2014-08-18 04:02:00,-58.19623,-23.394421,Panthera onca,670292B,10,Humid Chaco,Paraguay,-58.19623,-23.394421,3.983333333333333,False,1,4277,service,534.7409942778074
4822.0,2014-08-18 08:01:00,-58.196787,-23.395251,Panthera onca,670292B,10,Humid Chaco,Paraguay,-58.196787,-23.395251,3.983333333333333,False,1,4277,service,456.23635462660917
4823.0,2014-08-18 08:30:00,-58.196572,-23.394663,Panthera onca,670292B,10,Humid Chaco,Paraguay,-58.196572,-23.394663,0.4833333333333333,False,1,4277,service,515.5356352022377
4824.0,2014-08-18 10:03:00,-58.196401,-23.394522,Panthera onca,670292B,10,Humid Chaco,Paraguay,-58.196401,-23.394522,1.55,False,1,4277,service,527.302341176835
4825.0,2014-08-18 22:03:00,-58.18475,-23.441981,Panthera onca,670292B,10,Humid Chaco,Paraguay,-58.18475,-23.441981,12.0,False,1,3159,track,31.79963390145533
4826.0,2014-08-19 00:03:00,-58.180612,-23.446125,Panthera onca,670292B,10,Humid Chaco,Paraguay,-58.180612,-23.446125,2.0,False,1,3159,track,501.22765974898743
4827.0,2014-08-19 00:27:00,-58.180575,-23.4461,Panthera onca,670292B,10,Humid Chaco,Paraguay,-58.180575,-23.4461,0.4,False,1,3159,track,499.2570207463955
4828.0,2014-08-19 02:01:00,-58.180657,-23.446046,Panthera onca,670292B,10,Humid Chaco,Paraguay,-58.180657,-23.446046,1.5666666666666669,False,1,3159,track,491.746989886592
4829.0,2014-08-19 04:03:00,-58.180478,-23.445803,Panthera onca,670292B,10,Humid Chaco,Paraguay,-58.180478,-23.445803,2.033333333333333,False,1,3159,track,468.96279909807583
4830.0,2014-08-19 06:00:00,-58.180575,-23.445961,Panthera onca,670292B,10,Humid Chaco,Paraguay,-58.180575,-23.445961,1.95,False,1,3159,track,484.1667461070463
4831.0,2014-08-19 08:00:00,-58.180529,-23.445988,Panthera onca,670292B,10,Humid Chaco,Paraguay,-58.180529,-23.445988,2.0,False,1,3159,track,488.0222287577638
4832.0,2014-08-19 10:01:00,-58.18052,-23.446012,Panthera onca,670292B,10,Humid Chaco,Paraguay,-58.18052,-23.446012,2.0166666666666666,False,1,3159,track,490.8085807651848
4833.0,2014-08-19 22:03:00,-58.180896,-23.445949,Panthera onca,670292B,10,Humid Chaco,Paraguay,-58.180896,-23.445949,12.033333333333331,False,1,3159,track,476.4141721365257
4834.0,2014-08-20 00:03:00,-58.167389,-23.442828,Panthera onca,670292B,10,Humid Chaco,Paraguay,-58.167389,-23.442828,2.0,False,1,3159,track,413.938079923924
4835.0,2014-08-20 00:31:00,-58.161886,-23.44065,Panthera onca,670292B,10,Humid Chaco,Paraguay,-58.161886,-23.44065,0.4666666666666667,False,1,3210,service,110.95404085911811
4836.0,2014-08-20 01:02:00,-58.16227,-23.438561,Panthera onca,670292B,10,Humid Chaco,Paraguay,-58.16227,-23.438561,0.5166666666666667,False,1,3159,track,44.999144303736344
4837.0,2014-08-20 02:00:00,-58.169885,-23.439189,Panthera onca,670292B,10,Humid Chaco,Paraguay,-58.169885,-23.439189,0.9666666666666668,False,1,3159,track,32.01781227326169
4838.0,2014-08-20 04:01:00,-58.178132,-23.424617,Panthera onca,670292B,10,Humid Chaco,Paraguay,-58.178132,-23.424617,2.0166666666666666,False,1,4343,track,1627.7493695735036
4839.0,2014-08-20 06:00:00,-58.177123,-23.424228,Panthera onca,670292B,10,Humid Chaco,Paraguay,-58.177123,-23.424228,1.9833333333333332,False,1,4343,track,1542.8950707901856
4840.0,2014-08-20 10:00:00,-58.176751,-23.421961,Panthera onca,670292B,10,Humid Chaco,Paraguay,-58.176751,-23.421961,4.0,False,1,4343,track,1301.9211233115184
4841.0,2014-08-21 00:03:00,-58.176991,-23.424287,Panthera onca,670292B,10,Humid Chaco,Paraguay,-58.176991,-23.424287,14.05,False,1,4343,track,1543.0816594849744
4842.0,2014-08-21 01:03:00,-58.17708,-23.424341,Panthera onca,670292B,10,Humid Chaco,Paraguay,-58.17708,-23.424341,1.0,False,1,4343,track,1552.3396563763183
4843.0,2014-08-21 02:00:00,-58.177035,-23.42424,Panthera onca,670292B,10,Humid Chaco,Paraguay,-58.177035,-23.42424,0.95,False,1,4343,track,1540.261732417259
4844.0,2014-08-21 04:00:00,-58.177017,-23.424264,Panthera onca,670292B,10,Humid Chaco,Paraguay,-58.177017,-23.424264,2.0,False,1,4343,track,1541.891258416537
4845.0,2014-08-21 06:02:00,-58.177104,-23.42418,Panthera onca,670292B,10,Humid Chaco,Paraguay,-58.177104,-23.42418,2.033333333333333,False,1,4343,track,1537.2614589192794
4846.0,2014-08-21 08:02:00,-58.176875,-23.424415,Panthera onca,670292B,10,Humid Chaco,Paraguay,-58.176875,-23.424415,2.0,False,1,4343,track,1551.0506830429372
4847.0,2014-08-21 10:02:00,-58.177146,-23.424091,Panthera onca,670292B,10,Humid Chaco,Paraguay,-58.177146,-23.424091,2.0,False,1,4343,track,1530.2257278874376
4848.0,2014-08-21 22:00:00,-58.177144,-23.424281,Panthera onca,670292B,10,Humid Chaco,Paraguay,-58.177144,-23.424281,11.966666666666669,False,1,4343,track,1549.1166384447897
4849.0,2014-08-22 04:00:00,-58.177011,-23.424152,Panthera onca,670292B,10,Humid Chaco,Paraguay,-58.177011,-23.424152,6.0,False,1,4343,track,1530.398481894891
4850.0,2014-08-22 10:02:00,-58.176941,-23.42419,Panthera onca,670292B,10,Humid Chaco,Paraguay,-58.176941,-23.42419,6.033333333333333,False,1,4343,track,1531.1887706737236
4851.0,2014-08-22 22:03:00,-58.176704,-23.424447,Panthera onca,670292B,10,Humid Chaco,Paraguay,-58.176704,-23.424447,12.016666666666667,False,1,4343,track,1547.2073605052326
4852.0,2014-08-23 00:02:00,-58.174383,-23.424907,Panthera onca,670292B,10,Humid Chaco,Paraguay,-58.174383,-23.424907,1.9833333333333332,False,1,4343,track,1517.7090365796057
4853.0,2014-08-23 04:02:00,-58.174393,-23.42487,Panthera onca,670292B,10,Humid Chaco,Paraguay,-58.174393,-23.42487,4.0,False,1,4343,track,1514.0026452800175
4854.0,2014-08-23 08:03:00,-58.17425,-23.428036,Panthera onca,670292B,10,Humid Chaco,Paraguay,-58.17425,-23.428036,4.016666666666667,False,1,3159,track,1331.3647645029446
4855.0,2014-08-23 10:03:00,-58.168794,-23.429966,Panthera onca,670292B,10,Humid Chaco,Paraguay,-58.168794,-23.429966,2.0,False,1,3159,track,1010.002622612876
4856.0,2014-08-23 22:03:00,-58.154503,-23.428896,Panthera onca,670292B,10,Humid Chaco,Paraguay,-58.154503,-23.428896,12.0,False,1,3210,service,378.9445011050419
4857.0,2014-08-24 00:00:00,-58.151656,-23.438145,Panthera onca,670292B,10,Humid Chaco,Paraguay,-58.151656,-23.438145,1.95,False,1,3210,service,33.858096813753946
4858.0,2014-08-24 02:02:00,-58.152721,-23.438282,Panthera onca,670292B,10,Humid Chaco,Paraguay,-58.152721,-23.438282,2.033333333333333,False,1,3210,service,46.06641277034952
4859.0,2014-08-24 04:00:00,-58.152677,-23.438294,Panthera onca,670292B,10,Humid Chaco,Paraguay,-58.152677,-23.438294,1.9666666666666663,False,1,3210,service,47.51670534155275
4860.0,2014-08-24 06:02:00,-58.152956,-23.437901,Panthera onca,670292B,10,Humid Chaco,Paraguay,-58.152956,-23.437901,2.033333333333333,False,1,3210,service,3.243783063678599
4861.0,2014-08-24 08:03:00,-58.162187,-23.438586,Panthera onca,670292B,10,Humid Chaco,Paraguay,-58.162187,-23.438586,2.0166666666666666,False,1,3159,track,48.2065886783971
4862.0,2014-08-24 10:03:00,-58.182647,-23.444471,Panthera onca,670292B,10,Humid Chaco,Paraguay,-58.182647,-23.444471,2.0,False,1,3159,track,280.77593866168564
4863.0,2014-08-24 22:03:00,-58.198012,-23.448247,Panthera onca,670292B,10,Humid Chaco,Paraguay,-58.198012,-23.448247,12.0,False,1,3159,track,31.118505535093494
4864.0,2014-08-25 00:03:00,-58.192438,-23.455229,Panthera onca,670292B,10,Humid Chaco,Paraguay,-58.192438,-23.455229,2.0,False,1,3159,track,886.2464146431873
4865.0,2014-08-25 02:03:00,-58.192714,-23.455533,Panthera onca,670292B,10,Humid Chaco,Paraguay,-58.192714,-23.455533,2.0,False,1,3159,track,879.9715276881724
4866.0,2014-08-25 04:02:00,-58.192408,-23.456666,Panthera onca,670292B,10,Humid Chaco,Paraguay,-58.192408,-23.456666,1.9833333333333332,False,1,3159,track,978.6976900267106
4867.0,2014-08-25 06:03:00,-58.191963,-23.45645,Panthera onca,670292B,10,Humid Chaco,Paraguay,-58.191963,-23.45645,2.0166666666666666,False,1,3159,track,1000.6493149785803
4868.0,2014-08-25 08:03:00,-58.192592,-23.456434,Panthera onca,670292B,10,Humid Chaco,Paraguay,-58.192592,-23.456434,2.0,False,1,3159,track,948.0637623230755
4869.0,2014-08-25 10:02:00,-58.195165,-23.45383,Panthera onca,670292B,10,Humid Chaco,Paraguay,-58.195165,-23.45383,1.9833333333333332,False,1,3159,track,567.6182379088139
4870.0,2014-08-25 22:03:00,-58.200259,-23.443482,Panthera onca,670292B,10,Humid Chaco,Paraguay,-58.200259,-23.443482,12.016666666666667,False,1,3159,track,584.3463066550034
4871.0,2014-08-26 00:02:00,-58.195676,-23.450736,Panthera onca,670292B,10,Humid Chaco,Paraguay,-58.195676,-23.450736,1.9833333333333332,False,1,3159,track,333.2787220522858
4872.0,2014-08-26 02:01:00,-58.192795,-23.453056,Panthera onca,670292B,10,Humid Chaco,Paraguay,-58.192795,-23.453056,1.9833333333333332,False,1,3159,track,718.3400062118725
4873.0,2014-08-26 04:03:00,-58.192704,-23.456359,Panthera onca,670292B,10,Humid Chaco,Paraguay,-58.192704,-23.456359,2.033333333333333,False,1,3159,track,933.9336693418772
4874.0,2014-08-26 06:02:00,-58.190716,-23.454438,Panthera onca,670292B,10,Humid Chaco,Paraguay,-58.190716,-23.454438,1.9833333333333332,False,1,3159,track,971.660554074788
4875.0,2014-08-26 08:03:00,-58.190614,-23.447372,Panthera onca,670292B,10,Humid Chaco,Paraguay,-58.190614,-23.447372,2.0166666666666666,False,1,3159,track,378.18097671518444
4876.0,2014-08-26 22:00:00,-58.192864,-23.446201,Panthera onca,670292B,10,Humid Chaco,Paraguay,-58.192864,-23.446201,13.95,False,1,3159,track,131.2561388250188
4877.0,2014-08-27 00:01:00,-58.192699,-23.44613,Panthera onca,670292B,10,Humid Chaco,Paraguay,-58.192699,-23.44613,2.0166666666666666,False,1,3159,track,136.03948016611727
4878.0,2014-08-27 02:00:00,-58.192794,-23.446213,Panthera onca,670292B,10,Humid Chaco,Paraguay,-58.192794,-23.446213,1.9833333333333332,False,1,3159,track,136.8631185351399
4879.0,2014-08-27 04:02:00,-58.192365,-23.446622,Panthera onca,670292B,10,Humid Chaco,Paraguay,-58.192365,-23.446622,2.033333333333333,False,1,3159,track,199.71887951574945
4880.0,2014-08-27 06:03:00,-58.192577,-23.446135,Panthera onca,670292B,10,Humid Chaco,Paraguay,-58.192577,-23.446135,2.0166666666666666,False,1,3159,track,144.45993517981685
4881.0,2014-08-27 08:02:00,-58.193945,-23.445391,Panthera onca,670292B,10,Humid Chaco,Paraguay,-58.193945,-23.445391,1.9833333333333332,False,1,3159,track,8.391277842556235
4882.0,2014-08-27 10:02:00,-58.192665,-23.440253,Panthera onca,670292B,10,Humid Chaco,Paraguay,-58.192665,-23.440253,2.0,False,1,3159,track,386.909182269893
4883.0,2014-08-28 00:31:00,-58.176734,-23.410356,Panthera onca,670292B,10,Humid Chaco,Paraguay,-58.176734,-23.410356,14.483333333333333,False,1,4343,track,637.6156865305508
4884.0,2014-08-28 01:01:00,-58.17463,-23.408706,Panthera onca,670292B,10,Humid Chaco,Paraguay,-58.17463,-23.408706,0.5,False,1,4343,track,458.2352917555878
4885.0,2014-08-28 02:01:00,-58.177712,-23.407556,Panthera onca,670292B,10,Humid Chaco,Paraguay,-58.177712,-23.407556,1.0,False,1,4332,service,614.0370311715388
4886.0,2014-08-28 04:01:00,-58.171243,-23.400854,Panthera onca,670292B,10,Humid Chaco,Paraguay,-58.171243,-23.400854,2.0,False,1,4332,service,283.3204510941712
4887.0,2014-08-28 06:01:00,-58.171599,-23.400767,Panthera onca,670292B,10,Humid Chaco,Paraguay,-58.171599,-23.400767,2.0,False,1,4332,service,282.7240211442424
4888.0,2014-08-28 08:59:00,-58.168196,-23.396837,Panthera onca,670292B,10,Humid Chaco,Paraguay,-58.168196,-23.396837,2.966666666666667,False,1,4332,service,795.7653340386083
4889.0,2014-08-28 10:00:00,-58.168071,-23.396905,Panthera onca,670292B,10,Humid Chaco,Paraguay,-58.168071,-23.396905,1.0166666666666666,False,1,4332,service,791.9514572978763
4890.0,2014-08-28 22:02:00,-58.158546,-23.395921,Panthera onca,670292B,10,Humid Chaco,Paraguay,-58.158546,-23.395921,12.033333333333331,False,1,4332,service,1082.7935481569232
4891.0,2014-08-29 00:03:00,-58.153664,-23.397629,Panthera onca,670292B,10,Humid Chaco,Paraguay,-58.153664,-23.397629,2.0166666666666666,False,1,4332,service,1016.3678622039113
4892.0,2014-08-29 02:03:00,-58.153112,-23.397605,Panthera onca,670292B,10,Humid Chaco,Paraguay,-58.153112,-23.397605,2.0,False,1,4332,service,1029.0521637539662
4893.0,2014-08-29 04:02:00,-58.141741,-23.399538,Panthera onca,670292B,10,Humid Chaco,Paraguay,-58.141741,-23.399538,1.9833333333333332,False,1,4342,track,595.4566275632274
4894.0,2014-08-29 04:32:00,-58.139651,-23.398789,Panthera onca,670292B,10,Humid Chaco,Paraguay,-58.139651,-23.398789,0.5,False,1,4342,track,727.0142379534743
4895.0,2014-08-29 06:00:00,-58.139728,-23.398753,Panthera onca,670292B,10,Humid Chaco,Paraguay,-58.139728,-23.398753,1.4666666666666666,False,1,4342,track,728.3516465328858
4896.0,2014-08-29 08:03:00,-58.135497,-23.400038,Panthera onca,670292B,10,Humid Chaco,Paraguay,-58.135497,-23.400038,2.05,False,1,4342,track,710.9990167968335
4897.0,2014-08-29 10:01:00,-58.135438,-23.400192,Panthera onca,670292B,10,Humid Chaco,Paraguay,-58.135438,-23.400192,1.9666666666666663,False,1,4342,track,697.0388555999799
4898.0,2014-08-29 22:03:00,-58.153756,-23.393626,Panthera onca,670292B,10,Humid Chaco,Paraguay,-58.153756,-23.393626,12.033333333333331,False,1,4332,service,1451.5077912638715
4899.0,2014-08-30 00:55:00,-58.155079,-23.392037,Panthera onca,670292B,10,Humid Chaco,Paraguay,-58.155079,-23.392037,2.8666666666666667,False,1,4332,service,1591.6118147721788
4900.0,2014-08-30 04:00:00,-58.159519,-23.39393,Panthera onca,670292B,10,Humid Chaco,Paraguay,-58.159519,-23.39393,3.083333333333333,False,1,4332,service,1278.5051684234315
4901.0,2014-08-30 06:00:00,-58.159116,-23.393605,Panthera onca,670292B,10,Humid Chaco,Paraguay,-58.159116,-23.393605,2.0,False,1,4332,service,1320.5865105584194
4902.0,2014-08-30 22:03:00,-58.150906,-23.383597,Panthera onca,670292B,10,Humid Chaco,Paraguay,-58.150906,-23.383597,16.05,False,1,4342,track,2515.1120365354786
4903.0,2014-08-31 00:03:00,-58.141295,-23.38494,Panthera onca,670292B,10,Humid Chaco,Paraguay,-58.141295,-23.38494,2.0,False,1,4341,track,1778.1454174428202
4904.0,2014-08-31 02:00:00,-58.132636,-23.386934,Panthera onca,670292B,10,Humid Chaco,Paraguay,-58.132636,-23.386934,1.95,False,1,4341,track,893.8071998561422
4905.0,2014-08-31 04:03:00,-58.138755,-23.383078,Panthera onca,670292B,10,Humid Chaco,Paraguay,-58.138755,-23.383078,2.05,False,1,4341,track,1529.3607100333995
4906.0,2014-08-31 06:01:00,-58.13839,-23.3837,Panthera onca,670292B,10,Humid Chaco,Paraguay,-58.13839,-23.3837,1.9666666666666663,False,1,4341,track,1485.4966758998232
4907.0,2014-08-31 08:02:00,-58.138807,-23.382802,Panthera onca,670292B,10,Humid Chaco,Paraguay,-58.138807,-23.382802,2.0166666666666666,False,1,4341,track,1538.5634152422151
4908.0,2014-08-31 10:03:00,-58.145491,-23.39651,Panthera onca,670292B,10,Humid Chaco,Paraguay,-58.145491,-23.39651,2.0166666666666666,False,1,4342,track,982.3136155465993
4909.0,2014-08-31 22:03:00,-58.153049,-23.401106,Panthera onca,670292B,10,Humid Chaco,Paraguay,-58.153049,-23.401106,12.0,False,1,4332,service,648.8051892744088
4910.0,2014-09-01 02:03:00,-58.155444,-23.411902,Panthera onca,670292B,10,Humid Chaco,Paraguay,-58.155444,-23.411902,4.0,False,1,4332,service,571.0739057167913
4911.0,2014-09-01 04:02:00,-58.160637,-23.420603,Panthera onca,670292B,10,Humid Chaco,Paraguay,-58.160637,-23.420603,1.9833333333333332,False,1,3210,service,997.3147672413886
4912.0,2014-09-01 06:03:00,-58.161093,-23.422066,Panthera onca,670292B,10,Humid Chaco,Paraguay,-58.161093,-23.422066,2.0166666666666666,False,1,3210,service,1000.0315689640779
4913.0,2014-09-01 08:02:00,-58.162201,-23.424429,Panthera onca,670292B,10,Humid Chaco,Paraguay,-58.162201,-23.424429,1.9833333333333332,False,1,3210,service,1048.2247314272772
4914.0,2014-09-01 10:00:00,-58.164422,-23.425545,Panthera onca,670292B,10,Humid Chaco,Paraguay,-58.164422,-23.425545,1.9666666666666663,False,1,3210,service,1263.9178704283217
4915.0,2014-09-02 00:02:00,-58.167156,-23.419813,Panthera onca,670292B,10,Humid Chaco,Paraguay,-58.167156,-23.419813,14.033333333333331,False,1,4343,track,972.4980613038714
4916.0,2014-09-02 00:31:00,-58.16728,-23.419812,Panthera onca,670292B,10,Humid Chaco,Paraguay,-58.16728,-23.419812,0.4833333333333333,False,1,4343,track,967.8219752222091
4917.0,2014-09-02 00:58:00,-58.167461,-23.419744,Panthera onca,670292B,10,Humid Chaco,Paraguay,-58.167461,-23.419744,0.45,False,1,4343,track,954.3257490101832
4918.0,2014-09-02 02:00:00,-58.16743,-23.419995,Panthera onca,670292B,10,Humid Chaco,Paraguay,-58.16743,-23.419995,1.0333333333333334,False,1,4343,track,981.55446526595
4919.0,2014-09-02 04:00:00,-58.167353,-23.419984,Panthera onca,670292B,10,Humid Chaco,Paraguay,-58.167353,-23.419984,2.0,False,1,4343,track,983.0707963848486
4920.0,2014-09-02 06:00:00,-58.16732,-23.420065,Panthera onca,670292B,10,Humid Chaco,Paraguay,-58.16732,-23.420065,2.0,False,1,4343,track,992.651932154511
4921.0,2014-09-02 08:00:00,-58.167408,-23.420001,Panthera onca,670292B,10,Humid Chaco,Paraguay,-58.167408,-23.420001,2.0,False,1,4343,track,982.9346149627422
4922.0,2014-09-02 10:03:00,-58.167182,-23.419759,Panthera onca,670292B,10,Humid Chaco,Paraguay,-58.167182,-23.419759,2.05,False,1,4343,track,965.9613007269553
4923.0,2014-09-02 22:03:00,-58.177574,-23.411172,Panthera onca,670292B,10,Humid Chaco,Paraguay,-58.177574,-23.411172,12.0,False,1,4343,track,710.0053234944736
4924.0,2014-09-03 00:02:00,-58.166685,-23.422948,Panthera onca,670292B,10,Humid Chaco,Paraguay,-58.166685,-23.422948,1.9833333333333332,False,1,4343,track,1315.6877225768374
4925.0,2014-09-03 08:03:00,-58.167084,-23.41937,Panthera onca,670292B,10,Humid Chaco,Paraguay,-58.167084,-23.41937,8.016666666666667,False,1,4343,track,929.8891969339203
4926.0,2014-09-03 10:03:00,-58.166966,-23.421161,Panthera onca,670292B,10,Humid Chaco,Paraguay,-58.166966,-23.421161,2.0,False,1,4343,track,1119.083127787192
4927.0,2014-09-03 22:00:00,-58.166497,-23.417906,Panthera onca,670292B,10,Humid Chaco,Paraguay,-58.166497,-23.417906,11.95,False,1,4343,track,812.880974254639
4928.0,2014-09-04 00:00:00,-58.168493,-23.416073,Panthera onca,670292B,10,Humid Chaco,Paraguay,-58.168493,-23.416073,2.0,False,1,4343,track,537.699485937052
4929.0,2014-09-04 02:00:00,-58.169638,-23.415227,Panthera onca,670292B,10,Humid Chaco,Paraguay,-58.169638,-23.415227,2.0,False,1,4343,track,410.1320501249798
4930.0,2014-09-04 04:00:00,-58.169742,-23.415241,Panthera onca,670292B,10,Humid Chaco,Paraguay,-58.169742,-23.415241,2.0,False,1,4343,track,409.10701471637253
4931.0,2014-09-04 06:02:00,-58.169661,-23.415194,Panthera onca,670292B,10,Humid Chaco,Paraguay,-58.169661,-23.415194,2.033333333333333,False,1,4343,track,406.00778217226036
4932.0,2014-09-04 08:03:00,-58.170286,-23.415614,Panthera onca,670292B,10,Humid Chaco,Paraguay,-58.170286,-23.415614,2.0166666666666666,False,1,4343,track,441.4003662124978
4933.0,2014-09-04 10:03:00,-58.178557,-23.416701,Panthera onca,670292B,10,Humid Chaco,Paraguay,-58.178557,-23.416701,2.0,False,1,4343,track,983.6625282732855
4934.0,2014-09-04 22:01:00,-58.185431,-23.414231,Panthera onca,670292B,10,Humid Chaco,Paraguay,-58.185431,-23.414231,11.966666666666669,False,1,4343,track,1537.9329665677592
4935.0,2014-09-05 00:02:00,-58.190482,-23.414884,Panthera onca,670292B,10,Humid Chaco,Paraguay,-58.190482,-23.414884,2.0166666666666666,False,1,4277,service,1802.8905927879623
4936.0,2014-09-05 02:00:00,-58.18781,-23.412018,Panthera onca,670292B,10,Humid Chaco,Paraguay,-58.18781,-23.412018,1.9666666666666663,False,1,4277,service,1550.9204773043273
4937.0,2014-09-05 04:03:00,-58.187811,-23.41206,Panthera onca,670292B,10,Humid Chaco,Paraguay,-58.187811,-23.41206,2.05,False,1,4277,service,1555.370589606093
4938.0,2014-09-05 06:02:00,-58.188999,-23.41241,Panthera onca,670292B,10,Humid Chaco,Paraguay,-58.188999,-23.41241,1.9833333333333332,False,1,4277,service,1565.0521545060458
4939.0,2014-09-05 08:03:00,-58.18781,-23.411974,Panthera onca,670292B,10,Humid Chaco,Paraguay,-58.18781,-23.411974,2.0166666666666666,False,1,4277,service,1546.2306822435091
4940.0,2014-09-05 10:01:00,-58.187625,-23.411374,Panthera onca,670292B,10,Humid Chaco,Paraguay,-58.187625,-23.411374,1.9666666666666663,False,1,4277,service,1487.8559836495717
4941.0,2014-09-06 00:00:00,-58.187799,-23.412119,Panthera onca,670292B,10,Humid Chaco,Paraguay,-58.187799,-23.412119,13.983333333333333,False,1,4277,service,1561.9921972890977
4942.0,2014-09-06 04:03:00,-58.18798,-23.412724,Panthera onca,670292B,10,Humid Chaco,Paraguay,-58.18798,-23.412724,4.05,False,1,4277,service,1621.9231505480072
4943.0,2014-09-07 00:31:00,-58.188295,-23.412091,Panthera onca,670292B,10,Humid Chaco,Paraguay,-58.188295,-23.412091,20.466666666666665,False,1,4277,service,1546.1035720753566
4944.0,2014-09-07 06:03:00,-58.187847,-23.412841,Panthera onca,670292B,10,Humid Chaco,Paraguay,-58.187847,-23.412841,5.533333333333333,False,1,4277,service,1637.87316670854
4945.0,2014-09-07 08:00:00,-58.187843,-23.411962,Panthera onca,670292B,10,Humid Chaco,Paraguay,-58.187843,-23.411962,1.95,False,1,4277,service,1544.0396940981332
4946.0,2014-09-07 10:01:00,-58.187832,-23.411962,Panthera onca,670292B,10,Humid Chaco,Paraguay,-58.187832,-23.411962,2.0166666666666666,False,1,4277,service,1544.3429853262735
4947.0,2014-09-08 02:03:00,-58.188244,-23.41219,Panthera onca,670292B,10,Humid Chaco,Paraguay,-58.188244,-23.41219,16.033333333333335,False,1,4277,service,1557.995808263472
4948.0,2014-09-08 06:01:00,-58.188199,-23.411453,Panthera onca,670292B,10,Humid Chaco,Paraguay,-58.188199,-23.411453,3.966666666666667,False,1,4277,service,1480.0950465251785
4949.0,2014-09-08 08:03:00,-58.188153,-23.411361,Panthera onca,670292B,10,Humid Chaco,Paraguay,-58.188153,-23.411361,2.033333333333333,False,1,4277,service,1471.4725251198556
4950.0,2014-09-08 22:01:00,-58.189532,-23.413043,Panthera onca,670292B,10,Humid Chaco,Paraguay,-58.189532,-23.413043,13.966666666666669,False,1,4277,service,1622.7478952344509
4951.0,2014-09-09 00:02:00,-58.187815,-23.411992,Panthera onca,670292B,10,Humid Chaco,Paraguay,-58.187815,-23.411992,2.0166666666666666,False,1,4277,service,1548.0107422391848
4952.0,2014-09-09 04:01:00,-58.187808,-23.411941,Panthera onca,670292B,10,Humid Chaco,Paraguay,-58.187808,-23.411941,3.983333333333333,False,1,4277,service,1542.7696583175486
4953.0,2014-09-09 08:02:00,-58.187874,-23.411916,Panthera onca,670292B,10,Humid Chaco,Paraguay,-58.187874,-23.411916,4.016666666666667,False,1,4277,service,1538.281996180965
4954.0,2014-09-09 10:03:00,-58.191696,-23.415834,Panthera onca,670292B,10,Humid Chaco,Paraguay,-58.191696,-23.415834,2.0166666666666666,False,1,4277,service,1880.9676988070448
4955.0,2014-09-10 00:03:00,-58.187015,-23.413247,Panthera onca,670292B,10,Humid Chaco,Paraguay,-58.187015,-23.413247,14.0,False,1,4343,track,1682.2546768754764
4956.0,2014-09-10 08:01:00,-58.187807,-23.411988,Panthera onca,670292B,10,Humid Chaco,Paraguay,-58.187807,-23.411988,7.966666666666667,False,1,4277,service,1547.8058795371132
4957.0,2014-09-10 10:02:00,-58.187932,-23.411999,Panthera onca,670292B,10,Humid Chaco,Paraguay,-58.187932,-23.411999,2.0166666666666666,False,1,4277,service,1545.5656187876325
4958.0,2014-09-10 22:03:00,-58.214937,-23.405812,Panthera onca,670292B,10,Humid Chaco,Paraguay,-58.214937,-23.405812,12.016666666666667,False,1,4277,service,460.01429006757496
4959.0,2014-09-11 00:55:00,-58.205629,-23.409667,Panthera onca,670292B,10,Humid Chaco,Paraguay,-58.205629,-23.409667,2.8666666666666667,False,1,4277,service,998.6510605388617
4960.0,2014-09-11 02:02:00,-58.199481,-23.409766,Panthera onca,670292B,10,Humid Chaco,Paraguay,-58.199481,-23.409766,1.1166666666666667,False,1,4277,service,1061.7542615367863
4961.0,2014-09-11 06:01:00,-58.18789,-23.411941,Panthera onca,670292B,10,Humid Chaco,Paraguay,-58.18789,-23.411941,3.983333333333333,False,1,4277,service,1540.5114066730355
4962.0,2014-09-11 08:01:00,-58.187862,-23.412323,Panthera onca,670292B,10,Humid Chaco,Paraguay,-58.187862,-23.412323,2.0,False,1,4277,service,1582.0602071241394
4963.0,2014-09-11 22:03:00,-58.187851,-23.411908,Panthera onca,670292B,10,Humid Chaco,Paraguay,-58.187851,-23.411908,14.033333333333331,False,1,4277,service,1538.0616275070806
4964.0,2014-09-12 00:35:00,-58.188379,-23.411825,Panthera onca,670292B,10,Humid Chaco,Paraguay,-58.188379,-23.411825,2.533333333333333,False,1,4277,service,1515.4528290107278
4965.0,2014-09-12 02:03:00,-58.187792,-23.412055,Panthera onca,670292B,10,Humid Chaco,Paraguay,-58.187792,-23.412055,1.4666666666666666,False,1,4277,service,1555.3622561722373
4966.0,2014-09-12 04:03:00,-58.188748,-23.412023,Panthera onca,670292B,10,Humid Chaco,Paraguay,-58.188748,-23.412023,2.0,False,1,4277,service,1528.3272850174753
4967.0,2014-09-12 06:02:00,-58.187967,-23.411987,Panthera onca,670292B,10,Humid Chaco,Paraguay,-58.187967,-23.411987,1.9833333333333332,False,1,4277,service,1543.345110489535
4968.0,2014-09-12 08:01:00,-58.187936,-23.411878,Panthera onca,670292B,10,Humid Chaco,Paraguay,-58.187936,-23.411878,1.9833333333333332,False,1,4277,service,1532.5362512788852
4969.0,2014-09-12 10:03:00,-58.187605,-23.411792,Panthera onca,670292B,10,Humid Chaco,Paraguay,-58.187605,-23.411792,2.033333333333333,False,1,4277,service,1532.7315004501568
4970.0,2014-09-12 22:01:00,-58.18958,-23.414359,Panthera onca,670292B,10,Humid Chaco,Paraguay,-58.18958,-23.414359,11.966666666666669,False,1,4277,service,1764.495355466457
4971.0,2014-09-13 00:02:00,-58.185036,-23.422746,Panthera onca,670292B,10,Humid Chaco,Paraguay,-58.185036,-23.422746,2.0166666666666666,False,1,4343,track,1916.8668243381037
4972.0,2014-09-13 02:00:00,-58.18738,-23.417205,Panthera onca,670292B,10,Humid Chaco,Paraguay,-58.18738,-23.417205,1.9666666666666663,False,1,4343,track,1817.6826602245906
4973.0,2014-09-13 04:02:00,-58.188231,-23.414794,Panthera onca,670292B,10,Humid Chaco,Paraguay,-58.188231,-23.414794,2.033333333333333,False,1,4343,track,1830.671984516914
4974.0,2014-09-13 09:09:00,-58.1878,-23.411914,Panthera onca,670292B,10,Humid Chaco,Paraguay,-58.1878,-23.411914,5.116666666666666,False,1,4277,service,1540.116007827093
4975.0,2014-09-13 10:01:00,-58.187887,-23.412067,Panthera onca,670292B,10,Humid Chaco,Paraguay,-58.187887,-23.412067,0.8666666666666667,False,1,4277,service,1554.0420555912704
4976.0,2014-09-13 22:01:00,-58.180676,-23.429595,Panthera onca,670292B,10,Humid Chaco,Paraguay,-58.180676,-23.429595,12.0,False,1,3159,track,1294.1747017872258
4977.0,2014-09-14 00:01:00,-58.187933,-23.411995,Panthera onca,670292B,10,Humid Chaco,Paraguay,-58.187933,-23.411995,2.0,False,1,4277,service,1545.1114393982439
4978.0,2014-09-14 02:00:00,-58.187868,-23.411936,Panthera onca,670292B,10,Humid Chaco,Paraguay,-58.187868,-23.411936,1.9833333333333332,False,1,4277,service,1540.5798144817563
4979.0,2014-09-14 04:00:00,-58.187827,-23.41199,Panthera onca,670292B,10,Humid Chaco,Paraguay,-58.187827,-23.41199,2.0,False,1,4277,service,1547.466092860147
4980.0,2014-09-14 06:01:00,-58.187959,-23.412061,Panthera onca,670292B,10,Humid Chaco,Paraguay,-58.187959,-23.412061,2.0166666666666666,False,1,4277,service,1551.4682117519403
4981.0,2014-09-14 08:00:00,-58.187888,-23.411901,Panthera onca,670292B,10,Humid Chaco,Paraguay,-58.187888,-23.411901,1.9833333333333332,False,1,4277,service,1536.298329697078
4982.0,2014-09-14 10:03:00,-58.194616,-23.413418,Panthera onca,670292B,10,Humid Chaco,Paraguay,-58.194616,-23.413418,2.05,False,1,4277,service,1558.5210416292784
4983.0,2014-09-14 22:02:00,-58.235001,-23.435688,Panthera onca,670292B,10,Humid Chaco,Paraguay,-58.235001,-23.435688,11.983333333333333,False,1,3158,service,836.7842175108241
4984.0,2014-09-15 00:36:00,-58.235136,-23.437037,Panthera onca,670292B,10,Humid Chaco,Paraguay,-58.235136,-23.437037,2.566666666666667,False,1,3158,service,690.1798814910852
4985.0,2014-09-15 04:02:00,-58.235835,-23.437408,Panthera onca,670292B,10,Humid Chaco,Paraguay,-58.235835,-23.437408,3.433333333333333,False,1,3158,service,664.1406035721757
4986.0,2014-09-15 06:01:00,-58.235654,-23.437616,Panthera onca,670292B,10,Humid Chaco,Paraguay,-58.235654,-23.437616,1.9833333333333332,False,1,3158,service,637.2570188840963
4987.0,2014-09-15 10:02:00,-58.237194,-23.431969,Panthera onca,670292B,10,Humid Chaco,Paraguay,-58.237194,-23.431969,4.016666666666667,False,1,3158,service,1282.0218118501234
4988.0,2014-09-15 22:02:00,-58.23486,-23.430097,Panthera onca,670292B,10,Humid Chaco,Paraguay,-58.23486,-23.430097,12.0,False,1,3158,service,1453.2639644941057
4989.0,2014-09-16 00:02:00,-58.233751,-23.429877,Panthera onca,670292B,10,Humid Chaco,Paraguay,-58.233751,-23.429877,2.0,False,1,3158,service,1476.5470579345802
4990.0,2014-09-16 00:34:00,-58.23458,-23.429909,Panthera onca,670292B,10,Humid Chaco,Paraguay,-58.23458,-23.429909,0.5333333333333333,False,1,3158,service,1472.9690534432993
4991.0,2014-09-16 01:03:00,-58.234867,-23.430102,Panthera onca,670292B,10,Humid Chaco,Paraguay,-58.234867,-23.430102,0.4833333333333333,False,1,3158,service,1452.7457734941422
4992.0,2014-09-16 02:00:00,-58.234869,-23.430066,Panthera onca,670292B,10,Humid Chaco,Paraguay,-58.234869,-23.430066,0.95,False,1,3158,service,1456.7371886702638
4993.0,2014-09-16 04:00:00,-58.234876,-23.430018,Panthera onca,670292B,10,Humid Chaco,Paraguay,-58.234876,-23.430018,2.0,False,1,3158,service,1462.0807992646655
4994.0,2014-09-16 08:03:00,-58.235206,-23.429983,Panthera onca,670292B,10,Humid Chaco,Paraguay,-58.235206,-23.429983,4.05,False,1,3158,service,1467.9929258411078
4995.0,2014-09-16 10:03:00,-58.235007,-23.428936,Panthera onca,670292B,10,Humid Chaco,Paraguay,-58.235007,-23.428936,2.0,False,1,3158,service,1582.4191874855705
4996.0,2014-09-16 22:01:00,-58.225526,-23.429545,Panthera onca,670292B,10,Humid Chaco,Paraguay,-58.225526,-23.429545,11.966666666666669,False,1,3158,service,1739.1853375830592
4997.0,2014-09-17 00:03:00,-58.225958,-23.427503,Panthera onca,670292B,10,Humid Chaco,Paraguay,-58.225958,-23.427503,2.033333333333333,False,1,3158,service,1922.6135352209935
4998.0,2014-09-17 04:00:00,-58.228382,-23.42934,Panthera onca,670292B,10,Humid Chaco,Paraguay,-58.228382,-23.42934,3.95,False,1,3158,service,1640.194669228988
4999.0,2014-09-17 06:03:00,-58.229481,-23.427046,Panthera onca,670292B,10,Humid Chaco,Paraguay,-58.229481,-23.427046,2.05,False,1,3158,service,1849.2569230616998
5000.0,2014-09-17 10:02:00,-58.229138,-23.429816,Panthera onca,670292B,10,Humid Chaco,Paraguay,-58.229138,-23.429816,3.983333333333333,False,1,3158,service,1564.7838554909843
5001.0,2014-09-17 22:03:00,-58.220399,-23.420563,Panthera onca,670292B,10,Humid Chaco,Paraguay,-58.220399,-23.420563,12.016666666666667,False,1,4277,service,2185.372094783025
5002.0,2014-09-18 00:00:00,-58.228049,-23.408314,Panthera onca,670292B,10,Humid Chaco,Paraguay,-58.228049,-23.408314,1.95,False,1,4299,track,849.0962777468865
5003.0,2014-09-18 04:01:00,-58.227933,-23.408355,Panthera onca,670292B,10,Humid Chaco,Paraguay,-58.227933,-23.408355,4.016666666666667,False,1,4299,track,861.7244213262675
5004.0,2014-09-18 06:03:00,-58.228678,-23.408041,Panthera onca,670292B,10,Humid Chaco,Paraguay,-58.228678,-23.408041,2.033333333333333,False,1,4299,track,778.0968462648772
5005.0,2014-09-18 08:01:00,-58.231951,-23.401533,Panthera onca,670292B,10,Humid Chaco,Paraguay,-58.231951,-23.401533,1.9666666666666663,False,1,4299,track,305.2310767897349
5006.0,2014-09-18 10:03:00,-58.243668,-23.396906,Panthera onca,670292B,10,Humid Chaco,Paraguay,-58.243668,-23.396906,2.033333333333333,False,1,4306,path,584.8186213487037
5007.0,2014-09-18 22:03:00,-58.249587,-23.373552,Panthera onca,670292B,10,Humid Chaco,Paraguay,-58.249587,-23.373552,12.0,False,1,4263,track,931.6295024047851
5008.0,2014-09-19 00:02:00,-58.246586,-23.373653,Panthera onca,670292B,10,Humid Chaco,Paraguay,-58.246586,-23.373653,1.9833333333333332,False,1,4263,track,810.7581560413722
5009.0,2014-09-19 02:02:00,-58.246384,-23.373939,Panthera onca,670292B,10,Humid Chaco,Paraguay,-58.246384,-23.373939,2.0,False,1,4263,track,836.1850109966866
5010.0,2014-09-19 04:02:00,-58.246618,-23.373929,Panthera onca,670292B,10,Humid Chaco,Paraguay,-58.246618,-23.373929,2.0,False,1,4263,track,841.0871817062654
5011.0,2014-09-19 06:03:00,-58.248015,-23.365175,Panthera onca,670292B,10,Humid Chaco,Paraguay,-58.248015,-23.365175,2.0166666666666666,False,1,4263,track,367.8697486744649
5012.0,2014-09-19 08:03:00,-58.24673,-23.362493,Panthera onca,670292B,10,Humid Chaco,Paraguay,-58.24673,-23.362493,2.0,False,1,4263,track,243.58105787545722
5013.0,2014-09-19 08:36:00,-58.239902,-23.362348,Panthera onca,670292B,10,Humid Chaco,Paraguay,-58.239902,-23.362348,0.55,False,1,4261,service,214.7480113093641
5014.0,2014-09-19 09:09:00,-58.232496,-23.365794,Panthera onca,670292B,10,Humid Chaco,Paraguay,-58.232496,-23.365794,0.55,False,1,4261,service,316.3369139281635
5015.0,2014-09-19 10:02:00,-58.226496,-23.366837,Panthera onca,670292B,10,Humid Chaco,Paraguay,-58.226496,-23.366837,0.8833333333333333,False,1,4261,service,141.47230077072356
5016.0,2014-09-19 22:03:00,-58.215887,-23.369632,Panthera onca,670292B,10,Humid Chaco,Paraguay,-58.215887,-23.369632,12.016666666666667,False,1,4261,service,202.1860209219215
5017.0,2014-09-20 00:02:00,-58.215306,-23.369677,Panthera onca,670292B,10,Humid Chaco,Paraguay,-58.215306,-23.369677,1.9833333333333332,False,1,4261,service,172.51021012831882
5018.0,2014-09-20 02:00:00,-58.215099,-23.369993,Panthera onca,670292B,10,Humid Chaco,Paraguay,-58.215099,-23.369993,1.9666666666666663,False,1,4261,service,131.62423954769545
5019.0,2014-09-20 06:03:00,-58.216127,-23.369293,Panthera onca,670292B,10,Humid Chaco,Paraguay,-58.216127,-23.369293,4.05,False,1,4261,service,246.13118673361325
5020.0,2014-09-20 08:00:00,-58.219906,-23.375618,Panthera onca,670292B,10,Humid Chaco,Paraguay,-58.219906,-23.375618,1.95,False,1,4264,service,74.28717465106321
5021.0,2014-09-20 10:02:00,-58.214593,-23.385213,Panthera onca,670292B,10,Humid Chaco,Paraguay,-58.214593,-23.385213,2.033333333333333,False,1,4264,service,1051.8510751908477
5022.0,2014-09-20 22:03:00,-58.193404,-23.424644,Panthera onca,670292B,10,Humid Chaco,Paraguay,-58.193404,-23.424644,12.016666666666667,False,1,3159,track,2088.2108912252247
5023.0,2014-09-21 05:05:00,-58.205626,-23.423082,Panthera onca,670292B,10,Humid Chaco,Paraguay,-58.205626,-23.423082,7.033333333333333,False,1,4277,service,2434.4202135076066
5024.0,2014-09-21 06:00:00,-58.205152,-23.423104,Panthera onca,670292B,10,Humid Chaco,Paraguay,-58.205152,-23.423104,0.9166666666666666,False,1,4277,service,2450.828465032816
5025.0,2014-09-21 08:03:00,-58.20466,-23.421801,Panthera onca,670292B,10,Humid Chaco,Paraguay,-58.20466,-23.421801,2.05,False,1,4277,service,2330.0232870220443
5026.0,2014-09-21 10:03:00,-58.221137,-23.413049,Panthera onca,670292B,10,Humid Chaco,Paraguay,-58.221137,-23.413049,2.0,False,1,4277,service,1444.6697586360879
5027.0,2014-09-21 22:00:00,-58.246375,-23.395575,Panthera onca,670292B,10,Humid Chaco,Paraguay,-58.246375,-23.395575,11.95,False,1,4306,path,638.2718713643518
5028.0,2014-09-22 00:01:00,-58.247152,-23.394682,Panthera onca,670292B,10,Humid Chaco,Paraguay,-58.247152,-23.394682,2.0166666666666666,False,1,4306,path,652.8117758877441
5029.0,2014-09-22 08:01:00,-58.247626,-23.394719,Panthera onca,670292B,10,Humid Chaco,Paraguay,-58.247626,-23.394719,8.0,False,1,4307,path,688.7224968165342
5030.0,2014-09-22 10:01:00,-58.252891,-23.377231,Panthera onca,670292B,10,Humid Chaco,Paraguay,-58.252891,-23.377231,2.0,False,1,4265,service,897.8165680973494
5031.0,2014-09-22 22:00:00,-58.252147,-23.373922,Panthera onca,670292B,10,Humid Chaco,Paraguay,-58.252147,-23.373922,11.983333333333333,False,1,4263,track,1129.5481313475234
5032.0,2014-09-23 00:03:00,-58.250769,-23.372803,Panthera onca,670292B,10,Humid Chaco,Paraguay,-58.250769,-23.372803,2.05,False,1,4263,track,942.6517051406386
5033.0,2014-09-23 02:00:00,-58.252495,-23.373882,Panthera onca,670292B,10,Humid Chaco,Paraguay,-58.252495,-23.373882,1.95,False,1,4263,track,1151.4974025492131
5034.0,2014-09-23 04:02:00,-58.252485,-23.373789,Panthera onca,670292B,10,Humid Chaco,Paraguay,-58.252485,-23.373789,2.033333333333333,False,1,4263,track,1143.5771690110384
5035.0,2014-09-23 06:03:00,-58.252696,-23.373672,Panthera onca,670292B,10,Humid Chaco,Paraguay,-58.252696,-23.373672,2.0166666666666666,False,1,4263,track,1150.3051719284792
5036.0,2014-09-23 08:01:00,-58.251303,-23.374269,Panthera onca,670292B,10,Humid Chaco,Paraguay,-58.251303,-23.374269,1.9666666666666663,False,1,4263,track,1100.620235287595
5037.0,2014-09-23 10:02:00,-58.255324,-23.372553,Panthera onca,670292B,10,Humid Chaco,Paraguay,-58.255324,-23.372553,2.0166666666666666,False,1,4262,track,1230.9452621690107
5038.0,2014-09-23 22:00:00,-58.260718,-23.377467,Panthera onca,670292B,10,Humid Chaco,Paraguay,-58.260718,-23.377467,11.966666666666669,False,1,4265,service,619.6847187047642
5039.0,2014-09-24 00:00:00,-58.262069,-23.377344,Panthera onca,670292B,10,Humid Chaco,Paraguay,-58.262069,-23.377344,2.0,False,1,4265,service,588.8886155190435
5040.0,2014-09-24 06:03:00,-58.259954,-23.379794,Panthera onca,670292B,10,Humid Chaco,Paraguay,-58.259954,-23.379794,6.05,False,1,4265,service,399.99250023807747
5041.0,2014-09-24 10:02:00,-58.265602,-23.380836,Panthera onca,670292B,10,Humid Chaco,Paraguay,-58.265602,-23.380836,3.983333333333333,False,1,4265,service,107.79032126872335
5042.0,2014-09-24 22:03:00,-58.277757,-23.383807,Panthera onca,670292B,10,Humid Chaco,Paraguay,-58.277757,-23.383807,12.016666666666667,False,1,4265,service,143.09046886571264
5043.0,2014-09-25 00:03:00,-58.276617,-23.385155,Panthera onca,670292B,10,Humid Chaco,Paraguay,-58.276617,-23.385155,2.0,False,1,4265,service,22.910609974649866
5044.0,2014-09-25 04:03:00,-58.276869,-23.385758,Panthera onca,670292B,10,Humid Chaco,Paraguay,-58.276869,-23.385758,4.0,False,1,4265,service,84.69097193612431
5045.0,2014-09-25 06:01:00,-58.276676,-23.383868,Panthera onca,670292B,10,Humid Chaco,Paraguay,-58.276676,-23.383868,1.9666666666666663,False,1,4265,service,118.72222985281356
5046.0,2014-09-25 08:03:00,-58.275618,-23.382902,Panthera onca,670292B,10,Humid Chaco,Paraguay,-58.275618,-23.382902,2.033333333333333,False,1,4265,service,206.97885143312368
5047.0,2014-09-25 10:01:00,-58.269197,-23.384238,Panthera onca,670292B,10,Humid Chaco,Paraguay,-58.269197,-23.384238,1.9666666666666663,False,1,4265,service,272.05192207684837
5048.0,2014-09-25 22:02:00,-58.241688,-23.373029,Panthera onca,670292B,10,Humid Chaco,Paraguay,-58.241688,-23.373029,12.016666666666667,False,1,4263,track,765.7872141436155
5049.0,2014-09-26 00:02:00,-58.228419,-23.369919,Panthera onca,670292B,10,Humid Chaco,Paraguay,-58.228419,-23.369919,2.0,False,1,4261,service,528.2112416220843
5050.0,2014-09-26 04:03:00,-58.23002,-23.365605,Panthera onca,670292B,10,Humid Chaco,Paraguay,-58.23002,-23.365605,4.016666666666667,False,1,4261,service,210.6529400210483
5051.0,2014-09-26 06:03:00,-58.23228,-23.366477,Panthera onca,670292B,10,Humid Chaco,Paraguay,-58.23228,-23.366477,2.0,False,1,4261,service,379.9606538535456
5052.0,2014-09-26 08:03:00,-58.23422,-23.366928,Panthera onca,670292B,10,Humid Chaco,Paraguay,-58.23422,-23.366928,2.0,False,1,4261,service,494.31338895022077
5053.0,2014-09-26 22:02:00,-58.22357,-23.378821,Panthera onca,670292B,10,Humid Chaco,Paraguay,-58.22357,-23.378821,13.983333333333333,False,1,4264,service,105.60674260726856
5054.0,2014-09-27 00:03:00,-58.216174,-23.386454,Panthera onca,670292B,10,Humid Chaco,Paraguay,-58.216174,-23.386454,2.0166666666666666,False,1,4264,service,1003.4795267295627
5055.0,2014-09-27 02:02:00,-58.208708,-23.391231,Panthera onca,670292B,10,Humid Chaco,Paraguay,-58.208708,-23.391231,1.9833333333333332,False,1,4277,service,1052.77517418545
5056.0,2014-09-27 04:03:00,-58.208943,-23.391184,Panthera onca,670292B,10,Humid Chaco,Paraguay,-58.208943,-23.391184,2.0166666666666666,False,1,4277,service,1060.8503925053215
5057.0,2014-09-27 06:03:00,-58.208343,-23.389768,Panthera onca,670292B,10,Humid Chaco,Paraguay,-58.208343,-23.389768,2.0,False,1,4277,service,1210.9158387999269
5058.0,2014-09-27 08:03:00,-58.209,-23.390821,Panthera onca,670292B,10,Humid Chaco,Paraguay,-58.209,-23.390821,2.0,False,1,4277,service,1101.4613390148938
5059.0,2014-09-27 22:03:00,-58.21218,-23.383512,Panthera onca,670292B,10,Humid Chaco,Paraguay,-58.21218,-23.383512,14.0,False,1,4264,service,1152.78943277367
5060.0,2014-09-28 00:03:00,-58.219677,-23.395017,Panthera onca,670292B,10,Humid Chaco,Paraguay,-58.219677,-23.395017,2.0,False,1,4277,service,237.36721362377202
5061.0,2014-09-28 00:34:00,-58.219903,-23.399611,Panthera onca,670292B,10,Humid Chaco,Paraguay,-58.219903,-23.399611,0.5166666666666667,False,1,4277,service,244.3287748712236
5062.0,2014-09-28 08:03:00,-58.222134,-23.399782,Panthera onca,670292B,10,Humid Chaco,Paraguay,-58.222134,-23.399782,7.483333333333333,False,1,4277,service,317.9769514799219
5063.0,2014-09-28 10:03:00,-58.218645,-23.402672,Panthera onca,670292B,10,Humid Chaco,Paraguay,-58.218645,-23.402672,2.0,False,1,4277,service,371.2639553297406
5064.0,2014-09-28 22:01:00,-58.217976,-23.406728,Panthera onca,670292B,10,Humid Chaco,Paraguay,-58.217976,-23.406728,11.966666666666669,False,1,4277,service,673.9452596182603
5065.0,2014-09-29 00:03:00,-58.217596,-23.40587,Panthera onca,670292B,10,Humid Chaco,Paraguay,-58.217596,-23.40587,2.033333333333333,False,1,4277,service,571.6129776582502
5066.0,2014-09-29 02:02:00,-58.218029,-23.406646,Panthera onca,670292B,10,Humid Chaco,Paraguay,-58.218029,-23.406646,1.9833333333333332,False,1,4277,service,668.2604758874355
5067.0,2014-09-29 04:01:00,-58.21806,-23.406665,Panthera onca,670292B,10,Humid Chaco,Paraguay,-58.21806,-23.406665,1.9833333333333332,False,1,4277,service,671.5769852441863
5068.0,2014-09-29 08:03:00,-58.216206,-23.406507,Panthera onca,670292B,10,Humid Chaco,Paraguay,-58.216206,-23.406507,4.033333333333333,False,1,4277,service,578.0939443460747
5069.0,2014-09-29 10:03:00,-58.192267,-23.413325,Panthera onca,670292B,10,Humid Chaco,Paraguay,-58.192267,-23.413325,2.0,False,1,4277,service,1597.0982554890331
5070.0,2014-09-29 22:01:00,-58.173254,-23.424403,Panthera onca,670292B,10,Humid Chaco,Paraguay,-58.173254,-23.424403,11.966666666666669,False,1,4343,track,1437.979613478595
5071.0,2014-09-30 00:03:00,-58.17271,-23.425469,Panthera onca,670292B,10,Humid Chaco,Paraguay,-58.17271,-23.425469,2.033333333333333,False,1,4343,track,1545.5531242657105
5072.0,2014-09-30 02:00:00,-58.172244,-23.428711,Panthera onca,670292B,10,Humid Chaco,Paraguay,-58.172244,-23.428711,1.95,False,1,3159,track,1216.9649215606623
5073.0,2014-09-30 04:00:00,-58.172261,-23.428636,Panthera onca,670292B,10,Humid Chaco,Paraguay,-58.172261,-23.428636,2.0,False,1,3159,track,1225.4489652378502
5074.0,2014-09-30 06:02:00,-58.166071,-23.438653,Panthera onca,670292B,10,Humid Chaco,Paraguay,-58.166071,-23.438653,2.033333333333333,False,1,3159,track,11.845232995100842
5075.0,2014-09-30 08:00:00,-58.160258,-23.439796,Panthera onca,670292B,10,Humid Chaco,Paraguay,-58.160258,-23.439796,1.9666666666666663,False,1,3210,service,55.434455043482814
5076.0,2014-09-30 10:02:00,-58.159294,-23.438841,Panthera onca,670292B,10,Humid Chaco,Paraguay,-58.159294,-23.438841,2.033333333333333,False,1,3210,service,89.71661871310388
5077.0,2014-09-30 22:02:00,-58.158618,-23.429134,Panthera onca,670292B,10,Humid Chaco,Paraguay,-58.158618,-23.429134,12.0,False,1,3210,service,756.4449964208156
5078.0,2014-10-01 00:02:00,-58.158338,-23.420488,Panthera onca,670292B,10,Humid Chaco,Paraguay,-58.158338,-23.420488,2.0,False,1,3210,service,769.7915237830446
5079.0,2014-10-01 02:02:00,-58.155558,-23.404639,Panthera onca,670292B,10,Humid Chaco,Paraguay,-58.155558,-23.404639,2.0,False,1,4332,service,218.55465943658768
5080.0,2014-10-01 04:03:00,-58.14654,-23.397983,Panthera onca,670292B,10,Humid Chaco,Paraguay,-58.14654,-23.397983,2.0166666666666666,False,1,4342,track,877.3185721505513
5081.0,2014-10-01 06:03:00,-58.147108,-23.396119,Panthera onca,670292B,10,Humid Chaco,Paraguay,-58.147108,-23.396119,2.0,False,1,4342,track,1086.8337770829924
5082.0,2014-10-01 08:02:00,-58.147136,-23.396167,Panthera onca,670292B,10,Humid Chaco,Paraguay,-58.147136,-23.396167,1.9833333333333332,False,1,4342,track,1083.3824044486335
5083.0,2014-10-01 10:02:00,-58.150193,-23.396245,Panthera onca,670292B,10,Humid Chaco,Paraguay,-58.150193,-23.396245,2.0,False,1,4332,service,1230.5493950229609
5084.0,2014-10-01 22:03:00,-58.156835,-23.396604,Panthera onca,670292B,10,Humid Chaco,Paraguay,-58.156835,-23.396604,12.016666666666667,False,1,4332,service,1055.3086195341486
5085.0,2014-10-02 00:01:00,-58.151907,-23.39035,Panthera onca,670292B,10,Humid Chaco,Paraguay,-58.151907,-23.39035,1.9666666666666663,False,1,4332,service,1841.4306067943999
5086.0,2014-10-02 02:02:00,-58.144402,-23.386642,Panthera onca,670292B,10,Humid Chaco,Paraguay,-58.144402,-23.386642,2.0166666666666666,False,1,4342,track,2031.369353893612
5087.0,2014-10-02 04:03:00,-58.143612,-23.386266,Panthera onca,670292B,10,Humid Chaco,Paraguay,-58.143612,-23.386266,2.0166666666666666,False,1,4341,track,2015.3809894049027
5088.0,2014-10-02 04:29:00,-58.142966,-23.386427,Panthera onca,670292B,10,Humid Chaco,Paraguay,-58.142966,-23.386427,0.4333333333333333,False,1,4341,track,1949.4086953751091
5089.0,2014-10-02 06:03:00,-58.134743,-23.3928,Panthera onca,670292B,10,Humid Chaco,Paraguay,-58.134743,-23.3928,1.5666666666666669,False,1,4341,track,1123.34827830185
5090.0,2014-10-02 08:03:00,-58.127675,-23.393392,Panthera onca,670292B,10,Humid Chaco,Paraguay,-58.127675,-23.393392,2.0,False,1,4341,track,415.9885448337839
5091.0,2014-10-02 10:01:00,-58.137394,-23.385261,Panthera onca,670292B,10,Humid Chaco,Paraguay,-58.137394,-23.385261,1.9666666666666663,False,1,4341,track,1379.5471056270344
5092.0,2014-10-02 22:01:00,-58.167538,-23.375777,Panthera onca,670292B,10,Humid Chaco,Paraguay,-58.167538,-23.375777,12.0,False,1,4332,service,2023.7618915888886
5093.0,2014-10-03 00:02:00,-58.184266,-23.381347,Panthera onca,670292B,10,Humid Chaco,Paraguay,-58.184266,-23.381347,2.0166666666666666,False,1,4277,service,1358.5920788723822
5094.0,2014-10-03 04:01:00,-58.183817,-23.39549,Panthera onca,670292B,10,Humid Chaco,Paraguay,-58.183817,-23.39549,3.983333333333333,False,1,4277,service,34.99488296957605
5095.0,2014-10-03 06:00:00,-58.184911,-23.394339,Panthera onca,670292B,10,Humid Chaco,Paraguay,-58.184911,-23.394339,1.9833333333333332,False,1,4277,service,193.56076218765728
5096.0,2014-10-03 08:02:00,-58.185842,-23.397065,Panthera onca,670292B,10,Humid Chaco,Paraguay,-58.185842,-23.397065,2.033333333333333,False,1,4277,service,58.41094030937484
5097.0,2014-10-03 10:00:00,-58.199896,-23.395325,Panthera onca,670292B,10,Humid Chaco,Paraguay,-58.199896,-23.395325,1.9666666666666663,False,1,4277,service,512.6324464537654
5098.0,2014-10-03 22:03:00,-58.203349,-23.392917,Panthera onca,670292B,10,Humid Chaco,Paraguay,-58.203349,-23.392917,12.05,False,1,4277,service,845.2645954138354
5099.0,2014-10-04 00:03:00,-58.184533,-23.39433,Panthera onca,670292B,10,Humid Chaco,Paraguay,-58.184533,-23.39433,2.0,False,1,4277,service,180.9430022958042
5100.0,2014-10-04 04:02:00,-58.184721,-23.394121,Panthera onca,670292B,10,Humid Chaco,Paraguay,-58.184721,-23.394121,3.983333333333333,False,1,4277,service,209.35382070064412
5101.0,2014-10-04 06:00:00,-58.184746,-23.394067,Panthera onca,670292B,10,Humid Chaco,Paraguay,-58.184746,-23.394067,1.9666666666666663,False,1,4277,service,215.8493004499666
5102.0,2014-10-04 08:01:00,-58.190926,-23.397883,Panthera onca,670292B,10,Humid Chaco,Paraguay,-58.190926,-23.397883,2.0166666666666666,False,1,4277,service,32.902397463783586
5103.0,2014-10-04 10:03:00,-58.217519,-23.399731,Panthera onca,670292B,10,Humid Chaco,Paraguay,-58.217519,-23.399731,2.033333333333333,False,1,4277,service,139.5124686799266
5104.0,2014-10-04 22:03:00,-58.217395,-23.399904,Panthera onca,670292B,10,Humid Chaco,Paraguay,-58.217395,-23.399904,12.0,False,1,4277,service,134.04087298289528
5105.0,2014-10-05 00:02:00,-58.217129,-23.399871,Panthera onca,670292B,10,Humid Chaco,Paraguay,-58.217129,-23.399871,1.9833333333333332,False,1,4277,service,107.21636915880961
5106.0,2014-10-05 02:03:00,-58.217659,-23.399729,Panthera onca,670292B,10,Humid Chaco,Paraguay,-58.217659,-23.399729,2.0166666666666666,False,1,4277,service,152.90755759779162
5107.0,2014-10-05 04:01:00,-58.217391,-23.399792,Panthera onca,670292B,10,Humid Chaco,Paraguay,-58.217391,-23.399792,1.9666666666666663,False,1,4277,service,129.47463249905854
5108.0,2014-10-05 06:01:00,-58.217385,-23.399802,Panthera onca,670292B,10,Humid Chaco,Paraguay,-58.217385,-23.399802,2.0,False,1,4277,service,129.27069635690103
5109.0,2014-10-05 08:01:00,-58.21734,-23.39977,Panthera onca,670292B,10,Humid Chaco,Paraguay,-58.21734,-23.39977,2.0,False,1,4277,service,123.74645249915993
5110.0,2014-10-05 10:02:00,-58.217336,-23.399718,Panthera onca,670292B,10,Humid Chaco,Paraguay,-58.217336,-23.399718,2.0166666666666666,False,1,4277,service,121.4202403916818
5111.0,2014-10-05 22:00:00,-58.217975,-23.399578,Panthera onca,670292B,10,Humid Chaco,Paraguay,-58.217975,-23.399578,11.966666666666669,False,1,4277,service,177.67339223850828
5112.0,2014-10-06 00:03:00,-58.217348,-23.399808,Panthera onca,670292B,10,Humid Chaco,Paraguay,-58.217348,-23.399808,2.05,False,1,4277,service,125.93483957350028
5113.0,2014-10-06 02:03:00,-58.21765,-23.399339,Panthera onca,670292B,10,Humid Chaco,Paraguay,-58.21765,-23.399339,2.0,False,1,4277,service,137.4815117473952
5114.0,2014-10-06 04:03:00,-58.217289,-23.399829,Panthera onca,670292B,10,Humid Chaco,Paraguay,-58.217289,-23.399829,2.0,False,1,4277,service,121.04231932495017
5115.0,2014-10-06 04:33:00,-58.2173,-23.399855,Panthera onca,670292B,10,Humid Chaco,Paraguay,-58.2173,-23.399855,0.5,False,1,4277,service,123.07133742045978
5116.0,2014-10-06 06:03:00,-58.217287,-23.399272,Panthera onca,670292B,10,Humid Chaco,Paraguay,-58.217287,-23.399272,1.5,False,1,4277,service,100.0548947423443
5117.0,2014-10-06 08:03:00,-58.217147,-23.399536,Panthera onca,670292B,10,Humid Chaco,Paraguay,-58.217147,-23.399536,2.0,False,1,4277,service,96.44129218991009
5118.0,2014-10-06 10:03:00,-58.219786,-23.403244,Panthera onca,670292B,10,Humid Chaco,Paraguay,-58.219786,-23.403244,2.0,False,1,4277,service,503.91583481230845
5119.0,2014-10-06 22:01:00,-58.220064,-23.407677,Panthera onca,670292B,10,Humid Chaco,Paraguay,-58.220064,-23.407677,11.966666666666669,False,1,4277,service,874.486688455958
5120.0,2014-10-07 00:02:00,-58.219778,-23.408764,Panthera onca,670292B,10,Humid Chaco,Paraguay,-58.219778,-23.408764,2.0166666666666666,False,1,4277,service,959.8371524778372
5121.0,2014-10-07 04:02:00,-58.219751,-23.408788,Panthera onca,670292B,10,Humid Chaco,Paraguay,-58.219751,-23.408788,4.0,False,1,4277,service,960.7546105297748
5122.0,2014-10-07 08:36:00,-58.219759,-23.408675,Panthera onca,670292B,10,Humid Chaco,Paraguay,-58.219759,-23.408675,4.566666666666666,False,1,4277,service,950.3477557726178
5123.0,2014-10-07 10:02:00,-58.222326,-23.409327,Panthera onca,670292B,10,Humid Chaco,Paraguay,-58.222326,-23.409327,1.4333333333333331,False,1,4277,service,1157.1480463195915
5124.0,2014-10-08 01:04:00,-58.224549,-23.411621,Panthera onca,670292B,10,Humid Chaco,Paraguay,-58.224549,-23.411621,15.033333333333331,False,1,4299,track,1342.8409773004191
5125.0,2014-10-08 02:02:00,-58.225175,-23.410656,Panthera onca,670292B,10,Humid Chaco,Paraguay,-58.225175,-23.410656,0.9666666666666668,False,1,4299,track,1231.763368149999
5126.0,2014-10-08 08:03:00,-58.225,-23.410144,Panthera onca,670292B,10,Humid Chaco,Paraguay,-58.225,-23.410144,6.016666666666667,False,1,4299,track,1219.2469826972497
5127.0,2014-10-08 10:03:00,-58.225084,-23.410147,Panthera onca,670292B,10,Humid Chaco,Paraguay,-58.225084,-23.410147,2.0,False,1,4299,track,1211.8862724139703
5128.0,2014-10-08 22:03:00,-58.223953,-23.41038,Panthera onca,670292B,10,Humid Chaco,Paraguay,-58.223953,-23.41038,12.0,False,1,4299,track,1325.9427952713993
5129.0,2014-10-09 02:03:00,-58.225107,-23.410261,Panthera onca,670292B,10,Humid Chaco,Paraguay,-58.225107,-23.410261,4.0,False,1,4299,track,1215.9403420041806
5130.0,2014-10-09 04:01:00,-58.225207,-23.41031,Panthera onca,670292B,10,Humid Chaco,Paraguay,-58.225207,-23.41031,1.9666666666666663,False,1,4299,track,1209.6703175548707
5131.0,2014-10-09 08:01:00,-58.225076,-23.410324,Panthera onca,670292B,10,Humid Chaco,Paraguay,-58.225076,-23.410324,4.0,False,1,4299,track,1222.1006988363526
5132.0,2014-10-09 10:02:00,-58.219907,-23.404422,Panthera onca,670292B,10,Humid Chaco,Paraguay,-58.219907,-23.404422,2.0166666666666666,False,1,4277,service,589.2039502512574
5133.0,2014-10-09 22:03:00,-58.213332,-23.391612,Panthera onca,670292B,10,Humid Chaco,Paraguay,-58.213332,-23.391612,12.016666666666667,False,1,4277,service,816.4652152672861
5134.0,2014-10-10 00:01:00,-58.226698,-23.396486,Panthera onca,670292B,10,Humid Chaco,Paraguay,-58.226698,-23.396486,1.9666666666666663,False,1,4277,service,52.855590957006
5135.0,2014-10-10 02:01:00,-58.236631,-23.395161,Panthera onca,670292B,10,Humid Chaco,Paraguay,-58.236631,-23.395161,2.0,False,1,4299,track,257.5234361975778
5136.0,2014-10-10 04:03:00,-58.238414,-23.394962,Panthera onca,670292B,10,Humid Chaco,Paraguay,-58.238414,-23.394962,2.033333333333333,False,1,4306,path,386.70725403769273
5137.0,2014-10-10 06:01:00,-58.236639,-23.395036,Panthera onca,670292B,10,Humid Chaco,Paraguay,-58.236639,-23.395036,1.9666666666666663,False,1,4299,track,264.27491558642464
5138.0,2014-10-10 08:02:00,-58.239233,-23.39307,Panthera onca,670292B,10,Humid Chaco,Paraguay,-58.239233,-23.39307,2.0166666666666666,False,1,4306,path,179.90027012360747
5139.0,2014-10-10 10:02:00,-58.252861,-23.392327,Panthera onca,670292B,10,Humid Chaco,Paraguay,-58.252861,-23.392327,2.0,False,1,4305,track,566.8056454514796
5140.0,2014-10-10 22:01:00,-58.26414,-23.389302,Panthera onca,670292B,10,Humid Chaco,Paraguay,-58.26414,-23.389302,11.983333333333333,False,1,4305,track,633.6360989128026
5141.0,2014-10-11 00:02:00,-58.260433,-23.403849,Panthera onca,670292B,10,Humid Chaco,Paraguay,-58.260433,-23.403849,2.0166666666666666,False,1,4305,track,1479.9300215623666
5142.0,2014-10-11 00:28:00,-58.260381,-23.403366,Panthera onca,670292B,10,Humid Chaco,Paraguay,-58.260381,-23.403366,0.4333333333333333,False,1,4305,track,1426.294000001245
5143.0,2014-10-11 02:03:00,-58.260585,-23.403593,Panthera onca,670292B,10,Humid Chaco,Paraguay,-58.260585,-23.403593,1.5833333333333333,False,1,4305,track,1454.5878019491602
5144.0,2014-10-11 06:00:00,-58.26053,-23.40351,Panthera onca,670292B,10,Humid Chaco,Paraguay,-58.26053,-23.40351,3.95,False,1,4305,track,1444.5634892530732
5145.0,2014-10-11 08:02:00,-58.260496,-23.403481,Panthera onca,670292B,10,Humid Chaco,Paraguay,-58.260496,-23.403481,2.033333333333333,False,1,4305,track,1440.8064048397405
5146.0,2014-10-11 10:02:00,-58.260886,-23.403322,Panthera onca,670292B,10,Humid Chaco,Paraguay,-58.260886,-23.403322,2.0,False,1,4305,track,1430.8444540263524
5147.0,2014-10-11 22:03:00,-58.259263,-23.403621,Panthera onca,670292B,10,Humid Chaco,Paraguay,-58.259263,-23.403621,12.016666666666667,False,1,4305,track,1440.2927425991077
5148.0,2014-10-12 00:03:00,-58.260289,-23.403322,Panthera onca,670292B,10,Humid Chaco,Paraguay,-58.260289,-23.403322,2.0,False,1,4305,track,1419.978246121473
5149.0,2014-10-12 04:01:00,-58.260481,-23.403414,Panthera onca,670292B,10,Humid Chaco,Paraguay,-58.260481,-23.403414,3.966666666666667,False,1,4305,track,1433.2351084749318
5150.0,2014-10-12 08:03:00,-58.260395,-23.403485,Panthera onca,670292B,10,Humid Chaco,Paraguay,-58.260395,-23.403485,4.033333333333333,False,1,4305,track,1439.5276707138419
5151.0,2014-10-12 10:02:00,-58.257881,-23.397754,Panthera onca,670292B,10,Humid Chaco,Paraguay,-58.257881,-23.397754,1.9833333333333332,False,1,4305,track,786.0984816932429
5152.0,2014-10-12 22:00:00,-58.260392,-23.403563,Panthera onca,670292B,10,Humid Chaco,Paraguay,-58.260392,-23.403563,11.966666666666669,False,1,4305,track,1448.000524117993
5153.0,2014-10-13 00:02:00,-58.260389,-23.403509,Panthera onca,670292B,10,Humid Chaco,Paraguay,-58.260389,-23.403509,2.033333333333333,False,1,4305,track,1442.0503563499808
5154.0,2014-10-13 02:00:00,-58.260318,-23.403487,Panthera onca,670292B,10,Humid Chaco,Paraguay,-58.260318,-23.403487,1.9666666666666663,False,1,4305,track,1438.4871165988532
5155.0,2014-10-13 04:01:00,-58.260508,-23.403454,Panthera onca,670292B,10,Humid Chaco,Paraguay,-58.260508,-23.403454,2.0166666666666666,False,1,4305,track,1438.0692606285818
5156.0,2014-10-13 06:00:00,-58.260604,-23.403383,Panthera onca,670292B,10,Humid Chaco,Paraguay,-58.260604,-23.403383,1.9833333333333332,False,1,4305,track,1432.0420496787306
5157.0,2014-10-13 08:03:00,-58.269584,-23.405383,Panthera onca,670292B,10,Humid Chaco,Paraguay,-58.269584,-23.405383,2.05,False,1,4305,track,2008.780324663842
5158.0,2014-10-13 10:00:00,-58.282952,-23.401564,Panthera onca,670292B,10,Humid Chaco,Paraguay,-58.282952,-23.401564,1.95,False,1,4265,service,1623.4869589577554
5159.0,2014-10-13 22:00:00,-58.282357,-23.40023,Panthera onca,670292B,10,Humid Chaco,Paraguay,-58.282357,-23.40023,12.0,False,1,4265,service,1494.0611962096714
5160.0,2014-10-14 00:02:00,-58.277625,-23.39751,Panthera onca,670292B,10,Humid Chaco,Paraguay,-58.277625,-23.39751,2.033333333333333,False,1,4265,service,1357.901632866806
5161.0,2014-10-14 00:29:00,-58.276391,-23.398851,Panthera onca,670292B,10,Humid Chaco,Paraguay,-58.276391,-23.398851,0.45,False,1,4265,service,1523.5602739367018
5162.0,2014-10-14 00:55:00,-58.276872,-23.404248,Panthera onca,670292B,10,Humid Chaco,Paraguay,-58.276872,-23.404248,0.4333333333333333,False,1,4265,service,2106.19264346276
5163.0,2014-10-14 04:02:00,-58.27359,-23.407452,Panthera onca,670292B,10,Humid Chaco,Paraguay,-58.27359,-23.407452,3.1166666666666667,False,1,4305,track,2441.9423013436085
5164.0,2014-10-14 06:03:00,-58.271541,-23.41319,Panthera onca,670292B,10,Humid Chaco,Paraguay,-58.271541,-23.41319,2.0166666666666666,False,1,4305,track,2847.933340899934
5165.0,2014-10-14 08:03:00,-58.271203,-23.414002,Panthera onca,670292B,10,Humid Chaco,Paraguay,-58.271203,-23.414002,2.0,False,1,4305,track,2910.974301751233
5166.0,2014-10-14 10:03:00,-58.273032,-23.413335,Panthera onca,670292B,10,Humid Chaco,Paraguay,-58.273032,-23.413335,2.0,False,1,4305,track,2938.1660274895635
5167.0,2014-10-14 22:00:00,-58.288284,-23.395723,Panthera onca,670292B,10,Humid Chaco,Paraguay,-58.288284,-23.395723,11.95,False,1,4265,service,936.7574589859466
5168.0,2014-10-15 02:00:00,-58.28918,-23.395731,Panthera onca,670292B,10,Humid Chaco,Paraguay,-58.28918,-23.395731,4.0,False,1,4265,service,944.0531168570368
5169.0,2014-10-15 04:00:00,-58.289,-23.395562,Panthera onca,670292B,10,Humid Chaco,Paraguay,-58.289,-23.395562,2.0,False,1,4265,service,924.0976761443186
5170.0,2014-10-15 06:03:00,-58.289473,-23.395198,Panthera onca,670292B,10,Humid Chaco,Paraguay,-58.289473,-23.395198,2.05,False,1,4265,service,887.3752606410958
5171.0,2014-10-15 08:03:00,-58.290208,-23.394345,Panthera onca,670292B,10,Humid Chaco,Paraguay,-58.290208,-23.394345,2.0,False,1,4265,service,803.9008959890632
5172.0,2014-10-15 10:03:00,-58.286127,-23.392954,Panthera onca,670292B,10,Humid Chaco,Paraguay,-58.286127,-23.392954,2.0,False,1,4265,service,634.8924494827262
5173.0,2014-10-15 22:02:00,-58.284764,-23.376313,Panthera onca,670292B,10,Humid Chaco,Paraguay,-58.284764,-23.376313,11.983333333333333,False,1,4275,service,81.88023667881332
5174.0,2014-10-16 00:03:00,-58.284466,-23.368817,Panthera onca,670292B,10,Humid Chaco,Paraguay,-58.284466,-23.368817,2.0166666666666666,False,1,4275,service,734.6910441911301
5175.0,2014-10-16 02:03:00,-58.281404,-23.361249,Panthera onca,670292B,10,Humid Chaco,Paraguay,-58.281404,-23.361249,2.0,False,1,4304,track,853.2941358604343
5176.0,2014-10-16 04:03:00,-58.282536,-23.359317,Panthera onca,670292B,10,Humid Chaco,Paraguay,-58.282536,-23.359317,2.0,False,1,4304,track,742.3218054973341
5177.0,2014-10-16 06:03:00,-58.272521,-23.348837,Panthera onca,670292B,10,Humid Chaco,Paraguay,-58.272521,-23.348837,2.0,False,1,4304,track,395.835698194825
5178.0,2014-10-16 08:03:00,-58.261656,-23.351944,Panthera onca,670292B,10,Humid Chaco,Paraguay,-58.261656,-23.351944,2.0,False,1,4262,track,374.737278902618
5179.0,2014-10-16 10:02:00,-58.261428,-23.362591,Panthera onca,670292B,10,Humid Chaco,Paraguay,-58.261428,-23.362591,1.9833333333333332,False,1,4262,track,54.14401803881471
5180.0,2014-10-16 22:00:00,-58.257291,-23.367358,Panthera onca,670292B,10,Humid Chaco,Paraguay,-58.257291,-23.367358,11.966666666666669,False,1,4262,track,634.1262563879881
5181.0,2014-10-17 00:01:00,-58.244198,-23.36731,Panthera onca,670292B,10,Humid Chaco,Paraguay,-58.244198,-23.36731,2.0166666666666666,False,1,4263,track,82.69505908511056
5182.0,2014-10-17 02:01:00,-58.244388,-23.358551,Panthera onca,670292B,10,Humid Chaco,Paraguay,-58.244388,-23.358551,2.0,False,1,4262,track,6.910473270981521
5183.0,2014-10-17 04:03:00,-58.229815,-23.35709,Panthera onca,670292B,10,Humid Chaco,Paraguay,-58.229815,-23.35709,2.033333333333333,False,1,4261,service,683.2100346037489
5184.0,2014-10-17 06:03:00,-58.229566,-23.358271,Panthera onca,670292B,10,Humid Chaco,Paraguay,-58.229566,-23.358271,2.0,False,1,4261,service,568.8709679879191
5185.0,2014-10-17 08:03:00,-58.225914,-23.366101,Panthera onca,670292B,10,Humid Chaco,Paraguay,-58.225914,-23.366101,2.0,False,1,4261,service,40.91089958180048
5186.0,2014-10-17 10:00:00,-58.223333,-23.366284,Panthera onca,670292B,10,Humid Chaco,Paraguay,-58.223333,-23.366284,1.95,False,1,4261,service,116.2458186103986
5187.0,2014-10-17 22:01:00,-58.222439,-23.36321,Panthera onca,670292B,10,Humid Chaco,Paraguay,-58.222439,-23.36321,12.016666666666667,False,1,4261,service,433.55146054848603
5188.0,2014-10-18 00:03:00,-58.215309,-23.363924,Panthera onca,670292B,10,Humid Chaco,Paraguay,-58.215309,-23.363924,2.033333333333333,False,1,4261,service,673.8462405081025
5189.0,2014-10-18 02:03:00,-58.195834,-23.368017,Panthera onca,670292B,10,Humid Chaco,Paraguay,-58.195834,-23.368017,2.0,False,1,4261,service,747.3273094746564
5190.0,2014-10-18 04:36:00,-58.194277,-23.373141,Panthera onca,670292B,10,Humid Chaco,Paraguay,-58.194277,-23.373141,2.55,False,1,4261,service,1217.094195071641
5191.0,2014-10-18 06:02:00,-58.198904,-23.378198,Panthera onca,670292B,10,Humid Chaco,Paraguay,-58.198904,-23.378198,1.4333333333333331,False,1,4261,service,1623.7197493459087
5192.0,2014-10-18 08:02:00,-58.204087,-23.391785,Panthera onca,670292B,10,Humid Chaco,Paraguay,-58.204087,-23.391785,2.0,False,1,4277,service,983.2934562975385
5193.0,2014-10-18 10:03:00,-58.208414,-23.416534,Panthera onca,670292B,10,Humid Chaco,Paraguay,-58.208414,-23.416534,2.0166666666666666,False,1,4277,service,1659.9353230898919
5194.0,2014-10-18 22:03:00,-58.211095,-23.425405,Panthera onca,670292B,10,Humid Chaco,Paraguay,-58.211095,-23.425405,12.0,False,1,4277,service,2590.0094722264976
5195.0,2014-10-19 00:03:00,-58.210676,-23.428462,Panthera onca,670292B,10,Humid Chaco,Paraguay,-58.210676,-23.428462,2.0,False,1,3159,track,2542.912353812522
5196.0,2014-10-19 02:03:00,-58.21069,-23.438054,Panthera onca,670292B,10,Humid Chaco,Paraguay,-58.21069,-23.438054,2.0,False,1,3159,track,1555.4566276431308
5197.0,2014-10-19 04:02:00,-58.210379,-23.437446,Panthera onca,670292B,10,Humid Chaco,Paraguay,-58.210379,-23.437446,1.9833333333333332,False,1,3159,track,1625.0462342752319
5198.0,2014-10-19 06:01:00,-58.210448,-23.43738,Panthera onca,670292B,10,Humid Chaco,Paraguay,-58.210448,-23.43738,1.9833333333333332,False,1,3159,track,1631.783674556582
5199.0,2014-10-19 08:03:00,-58.208487,-23.438076,Panthera onca,670292B,10,Humid Chaco,Paraguay,-58.208487,-23.438076,2.033333333333333,False,1,3159,track,1570.5352055344467
5200.0,2014-10-19 10:00:00,-58.21112,-23.438272,Panthera onca,670292B,10,Humid Chaco,Paraguay,-58.21112,-23.438272,1.95,False,1,3159,track,1527.97373395663
5201.0,2014-10-19 22:01:00,-58.199954,-23.447053,Panthera onca,670292B,10,Humid Chaco,Paraguay,-58.199954,-23.447053,12.016666666666667,False,1,3159,track,258.9346665228232
5202.0,2014-10-20 00:03:00,-58.192417,-23.455585,Panthera onca,670292B,10,Humid Chaco,Paraguay,-58.192417,-23.455585,2.033333333333333,False,1,3159,track,908.5986159998721
5203.0,2014-10-20 02:03:00,-58.192732,-23.455625,Panthera onca,670292B,10,Humid Chaco,Paraguay,-58.192732,-23.455625,2.0,False,1,3159,track,884.0532686562475
5204.0,2014-10-20 04:03:00,-58.195259,-23.45426,Panthera onca,670292B,10,Humid Chaco,Paraguay,-58.195259,-23.45426,2.0,False,1,3159,track,585.7216792047127
5205.0,2014-10-20 06:03:00,-58.192714,-23.455441,Panthera onca,670292B,10,Humid Chaco,Paraguay,-58.192714,-23.455441,2.0,False,1,3159,track,874.4432471061444
5206.0,2014-10-20 08:01:00,-58.197404,-23.454079,Panthera onca,670292B,10,Humid Chaco,Paraguay,-58.197404,-23.454079,1.9666666666666663,False,1,3159,track,410.64501644706365
5207.0,2014-10-20 10:02:00,-58.203627,-23.447764,Panthera onca,670292B,10,Humid Chaco,Paraguay,-58.203627,-23.447764,2.0166666666666666,False,1,3159,track,490.7441125315407
5208.0,2014-10-20 22:03:00,-58.195523,-23.439953,Panthera onca,670292B,10,Humid Chaco,Paraguay,-58.195523,-23.439953,12.016666666666667,False,1,3159,track,573.7100648491905
5209.0,2014-10-21 00:32:00,-58.186263,-23.442583,Panthera onca,670292B,10,Humid Chaco,Paraguay,-58.186263,-23.442583,2.4833333333333334,False,1,3159,track,3.1592875076979428
5210.0,2014-10-21 01:00:00,-58.183983,-23.444228,Panthera onca,670292B,10,Humid Chaco,Paraguay,-58.183983,-23.444228,0.4666666666666667,False,1,3159,track,227.55287147176853
5211.0,2014-10-21 02:01:00,-58.181454,-23.445118,Panthera onca,670292B,10,Humid Chaco,Paraguay,-58.181454,-23.445118,1.0166666666666666,False,1,3159,track,374.98642626564356
5212.0,2014-10-21 04:00:00,-58.18144,-23.445155,Panthera onca,670292B,10,Humid Chaco,Paraguay,-58.18144,-23.445155,1.9833333333333332,False,1,3159,track,379.28456285498254
5213.0,2014-10-21 06:03:00,-58.181349,-23.44506,Panthera onca,670292B,10,Humid Chaco,Paraguay,-58.181349,-23.44506,2.05,False,1,3159,track,370.7994786696454
5214.0,2014-10-21 08:02:00,-58.181761,-23.445779,Panthera onca,670292B,10,Humid Chaco,Paraguay,-58.181761,-23.445779,1.9833333333333332,False,1,3159,track,440.5784112156149
5215.0,2014-10-21 10:00:00,-58.182797,-23.445299,Panthera onca,670292B,10,Humid Chaco,Paraguay,-58.182797,-23.445299,1.9666666666666663,False,1,3159,track,367.6527589109467
5216.0,2014-10-21 22:03:00,-58.166178,-23.448248,Panthera onca,670292B,10,Humid Chaco,Paraguay,-58.166178,-23.448248,12.05,False,1,3210,service,549.9543934596994
5217.0,2014-10-22 00:00:00,-58.166981,-23.450252,Panthera onca,670292B,10,Humid Chaco,Paraguay,-58.166981,-23.450252,1.95,False,1,3210,service,631.7733281909152
5218.0,2014-10-22 02:01:00,-58.161086,-23.448171,Panthera onca,670292B,10,Humid Chaco,Paraguay,-58.161086,-23.448171,2.0166666666666666,False,1,3210,service,29.774756566680722
5219.0,2014-10-22 04:03:00,-58.156437,-23.449359,Panthera onca,670292B,10,Humid Chaco,Paraguay,-58.156437,-23.449359,2.033333333333333,False,1,3210,service,445.2735528172245
5220.0,2014-10-22 06:03:00,-58.155914,-23.449425,Panthera onca,670292B,10,Humid Chaco,Paraguay,-58.155914,-23.449425,2.0,False,1,3210,service,498.70799819650586
5221.0,2014-10-22 08:03:00,-58.156998,-23.448675,Panthera onca,670292B,10,Humid Chaco,Paraguay,-58.156998,-23.448675,2.0,False,1,3210,service,387.89589349531366
5222.0,2014-10-22 22:01:00,-58.158195,-23.428903,Panthera onca,670292B,10,Humid Chaco,Paraguay,-58.158195,-23.428903,13.966666666666669,False,1,3210,service,706.3135615365039
5223.0,2014-10-23 02:02:00,-58.158281,-23.429124,Panthera onca,670292B,10,Humid Chaco,Paraguay,-58.158281,-23.429124,4.016666666666667,False,1,3210,service,725.4974135116056
5224.0,2014-10-23 04:01:00,-58.1584,-23.429137,Panthera onca,670292B,10,Humid Chaco,Paraguay,-58.1584,-23.429137,1.9833333333333332,False,1,3210,service,736.8838623745871
5225.0,2014-10-23 06:00:00,-58.15842,-23.429021,Panthera onca,670292B,10,Humid Chaco,Paraguay,-58.15842,-23.429021,1.9833333333333332,False,1,3210,service,732.7311275924972
5226.0,2014-10-23 08:00:00,-58.158368,-23.429032,Panthera onca,670292B,10,Humid Chaco,Paraguay,-58.158368,-23.429032,2.0,False,1,3210,service,728.5696132099928
5227.0,2014-10-23 10:03:00,-58.156547,-23.427092,Panthera onca,670292B,10,Humid Chaco,Paraguay,-58.156547,-23.427092,2.05,False,1,3210,service,476.112448996705
5228.0,2014-10-23 22:03:00,-58.157903,-23.428719,Panthera onca,670292B,10,Humid Chaco,Paraguay,-58.157903,-23.428719,12.0,False,1,3210,service,670.4899746516404
5229.0,2014-10-24 00:03:00,-58.158829,-23.427144,Panthera onca,670292B,10,Humid Chaco,Paraguay,-58.158829,-23.427144,2.0,False,1,3210,service,705.1192734341573
5230.0,2014-10-24 02:02:00,-58.158398,-23.429204,Panthera onca,670292B,10,Humid Chaco,Paraguay,-58.158398,-23.429204,1.9833333333333332,False,1,3210,service,740.2322841499144
5231.0,2014-10-24 04:00:00,-58.158441,-23.429066,Panthera onca,670292B,10,Humid Chaco,Paraguay,-58.158441,-23.429066,1.9666666666666663,False,1,3210,service,736.92386796267
5232.0,2014-10-24 08:03:00,-58.158757,-23.428988,Panthera onca,670292B,10,Humid Chaco,Paraguay,-58.158757,-23.428988,4.05,False,1,3210,service,761.9286764469283
5233.0,2014-10-24 10:01:00,-58.15851,-23.429034,Panthera onca,670292B,10,Humid Chaco,Paraguay,-58.15851,-23.429034,1.9666666666666663,False,1,3210,service,741.5745338662314
5234.0,2014-10-24 22:03:00,-58.155853,-23.431781,Panthera onca,670292B,10,Humid Chaco,Paraguay,-58.155853,-23.431781,12.033333333333331,False,1,3210,service,642.6865189779218
5235.0,2014-10-25 00:03:00,-58.154747,-23.430075,Panthera onca,670292B,10,Humid Chaco,Paraguay,-58.154747,-23.430075,2.0,False,1,3210,service,466.39034591912883
5236.0,2014-10-25 02:02:00,-58.154377,-23.427368,Panthera onca,670292B,10,Humid Chaco,Paraguay,-58.154377,-23.427368,1.9833333333333332,False,1,3210,service,282.6334518100602
5237.0,2014-10-25 04:00:00,-58.158274,-23.429168,Panthera onca,670292B,10,Humid Chaco,Paraguay,-58.158274,-23.429168,1.9666666666666663,False,1,3210,service,727.2076820659072
5238.0,2014-10-25 06:01:00,-58.158222,-23.429091,Panthera onca,670292B,10,Humid Chaco,Paraguay,-58.158222,-23.429091,2.0166666666666666,False,1,3210,service,718.4563713310705
5239.0,2014-10-25 08:03:00,-58.158267,-23.429102,Panthera onca,670292B,10,Humid Chaco,Paraguay,-58.158267,-23.429102,2.033333333333333,False,1,3210,service,723.0796547564582
5240.0,2014-10-25 10:02:00,-58.159799,-23.429792,Panthera onca,670292B,10,Humid Chaco,Paraguay,-58.159799,-23.429792,1.9833333333333332,False,1,3210,service,897.1384013868751
5241.0,2014-10-25 22:02:00,-58.155383,-23.429498,Panthera onca,670292B,10,Humid Chaco,Paraguay,-58.155383,-23.429498,12.0,False,1,3210,service,490.19623548414546
5242.0,2014-10-26 00:02:00,-58.161096,-23.419909,Panthera onca,670292B,10,Humid Chaco,Paraguay,-58.161096,-23.419909,2.0,False,1,3210,service,1058.7364722495622
5243.0,2014-10-26 02:03:00,-58.15864,-23.408004,Panthera onca,670292B,10,Humid Chaco,Paraguay,-58.15864,-23.408004,2.0166666666666666,False,1,4332,service,202.26259944353754
5244.0,2014-10-26 04:30:00,-58.158469,-23.407956,Panthera onca,670292B,10,Humid Chaco,Paraguay,-58.158469,-23.407956,2.45,False,1,4332,service,194.04703791993458
5245.0,2014-10-26 06:02:00,-58.166207,-23.405012,Panthera onca,670292B,10,Humid Chaco,Paraguay,-58.166207,-23.405012,1.5333333333333334,False,1,4332,service,21.315199360351453
5246.0,2014-10-26 08:03:00,-58.173779,-23.403298,Panthera onca,670292B,10,Humid Chaco,Paraguay,-58.173779,-23.403298,2.0166666666666666,False,1,4332,service,47.44496391009174
5247.0,2014-10-26 10:02:00,-58.172507,-23.422933,Panthera onca,670292B,10,Humid Chaco,Paraguay,-58.172507,-23.422933,1.9833333333333332,False,1,4343,track,1264.6771493482745
5248.0,2014-10-26 22:00:00,-58.166558,-23.441829,Panthera onca,670292B,10,Humid Chaco,Paraguay,-58.166558,-23.441829,11.966666666666669,False,1,3159,track,322.64288735822953
5249.0,2014-10-27 00:03:00,-58.161005,-23.461152,Panthera onca,670292B,10,Humid Chaco,Paraguay,-58.161005,-23.461152,2.05,False,1,3210,service,20.171927220141246
5250.0,2014-10-27 02:03:00,-58.174201,-23.463042,Panthera onca,670292B,10,Humid Chaco,Paraguay,-58.174201,-23.463042,2.0,False,1,3210,service,1367.9036957631872
5251.0,2014-10-27 04:01:00,-58.176878,-23.460324,Panthera onca,670292B,10,Humid Chaco,Paraguay,-58.176878,-23.460324,1.9666666666666663,False,1,3210,service,1641.6625658815915
5252.0,2014-10-27 06:02:00,-58.176835,-23.460362,Panthera onca,670292B,10,Humid Chaco,Paraguay,-58.176835,-23.460362,2.0166666666666666,False,1,3210,service,1637.265804638846
5253.0,2014-10-27 08:02:00,-58.191985,-23.456768,Panthera onca,670292B,10,Humid Chaco,Paraguay,-58.191985,-23.456768,2.0,False,1,3159,track,1019.7650299174026
5254.0,2014-10-27 10:03:00,-58.204204,-23.445866,Panthera onca,670292B,10,Humid Chaco,Paraguay,-58.204204,-23.445866,2.0166666666666666,False,1,3159,track,650.7181919156225
5255.0,2014-10-27 22:03:00,-58.205596,-23.445107,Panthera onca,670292B,10,Humid Chaco,Paraguay,-58.205596,-23.445107,12.0,False,1,3159,track,814.65257415861
5256.0,2014-10-28 02:03:00,-58.207671,-23.449758,Panthera onca,670292B,10,Humid Chaco,Paraguay,-58.207671,-23.449758,4.0,False,1,3159,track,287.42672856462536
5257.0,2014-10-28 04:00:00,-58.20749,-23.449318,Panthera onca,670292B,10,Humid Chaco,Paraguay,-58.20749,-23.449318,1.95,False,1,3159,track,337.4370642181279
5258.0,2014-10-28 06:02:00,-58.20862,-23.451342,Panthera onca,670292B,10,Humid Chaco,Paraguay,-58.20862,-23.451342,2.033333333333333,False,1,3159,track,105.02624949215745
5259.0,2014-10-28 08:02:00,-58.192711,-23.455802,Panthera onca,670292B,10,Humid Chaco,Paraguay,-58.192711,-23.455802,2.0,False,1,3159,track,896.8561176641279
5260.0,2014-10-28 10:02:00,-58.198197,-23.448687,Panthera onca,670292B,10,Humid Chaco,Paraguay,-58.198197,-23.448687,2.0,False,1,3159,track,5.290678305828702
5261.0,2014-10-28 22:02:00,-58.192589,-23.45436,Panthera onca,670292B,10,Humid Chaco,Paraguay,-58.192589,-23.45436,12.0,False,1,3159,track,827.461782874486
5262.0,2014-10-29 00:00:00,-58.19085,-23.456382,Panthera onca,670292B,10,Humid Chaco,Paraguay,-58.19085,-23.456382,1.9666666666666663,False,1,3159,track,1091.0967409364991
5263.0,2014-10-29 02:01:00,-58.190364,-23.456174,Panthera onca,670292B,10,Humid Chaco,Paraguay,-58.190364,-23.456174,2.0166666666666666,False,1,3159,track,1122.0781146775573
5264.0,2014-10-29 04:00:00,-58.190558,-23.45599,Panthera onca,670292B,10,Humid Chaco,Paraguay,-58.190558,-23.45599,1.9833333333333332,False,1,3159,track,1094.8299230034904
5265.0,2014-10-29 06:00:00,-58.190409,-23.45595,Panthera onca,670292B,10,Humid Chaco,Paraguay,-58.190409,-23.45595,2.0,False,1,3159,track,1106.04124626352
5266.0,2014-10-29 08:02:00,-58.19083,-23.456091,Panthera onca,670292B,10,Humid Chaco,Paraguay,-58.19083,-23.456091,2.033333333333333,False,1,3159,track,1076.2246596051723
5267.0,2014-10-29 10:01:00,-58.196486,-23.447396,Panthera onca,670292B,10,Humid Chaco,Paraguay,-58.196486,-23.447396,1.9833333333333332,False,1,3159,track,4.619271071709526
5268.0,2014-10-29 22:03:00,-58.198216,-23.448892,Panthera onca,670292B,10,Humid Chaco,Paraguay,-58.198216,-23.448892,12.033333333333331,False,1,3159,track,11.07916409237916
5269.0,2014-10-30 00:02:00,-58.192329,-23.456842,Panthera onca,670292B,10,Humid Chaco,Paraguay,-58.192329,-23.456842,1.9833333333333332,False,1,3159,track,997.1623851663633
5270.0,2014-10-30 00:33:00,-58.191829,-23.456587,Panthera onca,670292B,10,Humid Chaco,Paraguay,-58.191829,-23.456587,0.5166666666666667,False,1,3159,track,1020.6201611206824
5271.0,2014-10-30 02:03:00,-58.193026,-23.456274,Panthera onca,670292B,10,Humid Chaco,Paraguay,-58.193026,-23.456274,1.5,False,1,3159,track,902.2676029973503
5272.0,2014-10-30 04:00:00,-58.194247,-23.460369,Panthera onca,670292B,10,Humid Chaco,Paraguay,-58.194247,-23.460369,1.95,False,1,3159,track,1162.6273018518443
5273.0,2014-10-30 06:00:00,-58.194254,-23.460301,Panthera onca,670292B,10,Humid Chaco,Paraguay,-58.194254,-23.460301,2.0,False,1,3159,track,1155.8585017912126
5274.0,2014-10-30 08:03:00,-58.213901,-23.451033,Panthera onca,670292B,10,Humid Chaco,Paraguay,-58.213901,-23.451033,2.05,False,1,3159,track,97.1647022076658
5275.0,2014-10-30 10:00:00,-58.21424,-23.448763,Panthera onca,670292B,10,Humid Chaco,Paraguay,-58.21424,-23.448763,1.95,False,1,3159,track,345.0579578269643
5276.0,2014-10-30 22:00:00,-58.196502,-23.447513,Panthera onca,670292B,10,Humid Chaco,Paraguay,-58.196502,-23.447513,12.0,False,1,3159,track,4.270109688459378
5277.0,2014-10-31 00:03:00,-58.214016,-23.448573,Panthera onca,670292B,10,Humid Chaco,Paraguay,-58.214016,-23.448573,2.05,False,1,3159,track,367.81308672389105
5278.0,2014-10-31 02:03:00,-58.2142,-23.448711,Panthera onca,670292B,10,Humid Chaco,Paraguay,-58.2142,-23.448711,2.0,False,1,3159,track,351.1163044374872
5279.0,2014-10-31 04:01:00,-58.213889,-23.448555,Panthera onca,670292B,10,Humid Chaco,Paraguay,-58.213889,-23.448555,1.9666666666666663,False,1,3159,track,370.80975551073715
5280.0,2014-10-31 06:01:00,-58.21382,-23.448597,Panthera onca,670292B,10,Humid Chaco,Paraguay,-58.21382,-23.448597,2.0,False,1,3159,track,366.72185305898364
5281.0,2014-10-31 08:01:00,-58.213697,-23.448736,Panthera onca,670292B,10,Humid Chaco,Paraguay,-58.213697,-23.448736,2.0,False,1,3159,track,352.35527179310867
5282.0,2014-10-31 10:01:00,-58.213257,-23.449071,Panthera onca,670292B,10,Humid Chaco,Paraguay,-58.213257,-23.449071,2.0,False,1,3159,track,318.8719468790796
5283.0,2014-10-31 22:03:00,-58.200655,-23.44622,Panthera onca,670292B,10,Humid Chaco,Paraguay,-58.200655,-23.44622,12.033333333333331,False,1,3159,track,375.6753187038985
5284.0,2014-11-01 00:02:00,-58.201541,-23.446701,Panthera onca,670292B,10,Humid Chaco,Paraguay,-58.201541,-23.446701,1.9833333333333332,False,1,3159,track,391.96155643482456
5285.0,2014-11-01 02:01:00,-58.201478,-23.446718,Panthera onca,670292B,10,Humid Chaco,Paraguay,-58.201478,-23.446718,1.9833333333333332,False,1,3159,track,386.39246712760627
5286.0,2014-11-01 04:00:00,-58.201534,-23.446807,Panthera onca,670292B,10,Humid Chaco,Paraguay,-58.201534,-23.446807,1.9833333333333332,False,1,3159,track,382.4922251791389
5287.0,2014-11-01 06:00:00,-58.201537,-23.446727,Panthera onca,670292B,10,Humid Chaco,Paraguay,-58.201537,-23.446727,2.0,False,1,3159,track,389.48944641886237
5288.0,2014-11-01 08:03:00,-58.213172,-23.450582,Panthera onca,670292B,10,Humid Chaco,Paraguay,-58.213172,-23.450582,2.05,False,1,3159,track,152.7463431796929
5289.0,2014-11-01 10:03:00,-58.228994,-23.437983,Panthera onca,670292B,10,Humid Chaco,Paraguay,-58.228994,-23.437983,2.0,False,1,3158,service,760.5737367960869
5290.0,2014-11-01 22:03:00,-58.229663,-23.439201,Panthera onca,670292B,10,Humid Chaco,Paraguay,-58.229663,-23.439201,12.0,False,1,3158,service,613.235491749259
5291.0,2014-11-02 00:03:00,-58.228853,-23.437394,Panthera onca,670292B,10,Humid Chaco,Paraguay,-58.228853,-23.437394,2.0,False,1,3158,service,821.1054315222702
5292.0,2014-11-02 04:01:00,-58.228476,-23.437717,Panthera onca,670292B,10,Humid Chaco,Paraguay,-58.228476,-23.437717,3.966666666666667,False,1,3158,service,816.8960753122096
5293.0,2014-11-02 06:00:00,-58.2286,-23.437637,Panthera onca,670292B,10,Humid Chaco,Paraguay,-58.2286,-23.437637,1.9833333333333332,False,1,3158,service,815.6515908951131
5294.0,2014-11-02 08:02:00,-58.228767,-23.437771,Panthera onca,670292B,10,Humid Chaco,Paraguay,-58.228767,-23.437771,2.033333333333333,False,1,3158,service,793.3902100229187
5295.0,2014-11-02 10:02:00,-58.225407,-23.438784,Panthera onca,670292B,10,Humid Chaco,Paraguay,-58.225407,-23.438784,2.0,False,1,3158,service,979.0822022502113
5296.0,2014-11-03 00:03:00,-58.227233,-23.43245,Panthera onca,670292B,10,Humid Chaco,Paraguay,-58.227233,-23.43245,14.016666666666667,False,1,3158,service,1373.2817698260656
5297.0,2014-11-03 00:29:00,-58.227001,-23.43115,Panthera onca,670292B,10,Humid Chaco,Paraguay,-58.227001,-23.43115,0.4333333333333333,False,1,3158,service,1511.919464570469
5298.0,2014-11-03 00:54:00,-58.231341,-23.429759,Panthera onca,670292B,10,Humid Chaco,Paraguay,-58.231341,-23.429759,0.4166666666666667,False,1,3158,service,1514.977391867369
5299.0,2014-11-03 02:03:00,-58.244225,-23.425127,Panthera onca,670292B,10,Humid Chaco,Paraguay,-58.244225,-23.425127,1.15,False,1,3158,service,2249.4058329945196
5300.0,2014-11-03 04:02:00,-58.245999,-23.419651,Panthera onca,670292B,10,Humid Chaco,Paraguay,-58.245999,-23.419651,1.9833333333333332,False,1,4299,track,1865.4863633822722
5301.0,2014-11-03 06:03:00,-58.242787,-23.416125,Panthera onca,670292B,10,Humid Chaco,Paraguay,-58.242787,-23.416125,2.0166666666666666,False,1,4299,track,1361.04170258707
5302.0,2014-11-03 08:01:00,-58.2394,-23.432867,Panthera onca,670292B,10,Humid Chaco,Paraguay,-58.2394,-23.432867,1.9666666666666663,False,1,3158,service,1263.0678186410141
5303.0,2014-11-03 10:02:00,-58.242314,-23.415791,Panthera onca,670292B,10,Humid Chaco,Paraguay,-58.242314,-23.415791,2.0166666666666666,False,1,4299,track,1305.021194753582
5304.0,2014-11-03 22:02:00,-58.22172,-23.40819,Panthera onca,670292B,10,Humid Chaco,Paraguay,-58.22172,-23.40819,12.0,False,1,4277,service,1019.6948044072494
5305.0,2014-11-04 00:01:00,-58.206061,-23.400944,Panthera onca,670292B,10,Humid Chaco,Paraguay,-58.206061,-23.400944,1.9833333333333332,False,1,4277,service,35.409061863940856
5306.0,2014-11-04 00:33:00,-58.205074,-23.401234,Panthera onca,670292B,10,Humid Chaco,Paraguay,-58.205074,-23.401234,0.5333333333333333,False,1,4277,service,63.35706725488062
5307.0,2014-11-04 01:03:00,-58.197032,-23.399333,Panthera onca,670292B,10,Humid Chaco,Paraguay,-58.197032,-23.399333,0.5,False,1,4277,service,18.718160405125396
5308.0,2014-11-04 02:03:00,-58.191907,-23.390799,Panthera onca,670292B,10,Humid Chaco,Paraguay,-58.191907,-23.390799,1.0,False,1,4277,service,803.9941661976655
5309.0,2014-11-04 04:03:00,-58.191422,-23.398231,Panthera onca,670292B,10,Humid Chaco,Paraguay,-58.191422,-23.398231,2.0,False,1,4277,service,14.126225046589806
5310.0,2014-11-04 06:01:00,-58.183972,-23.402774,Panthera onca,670292B,10,Humid Chaco,Paraguay,-58.183972,-23.402774,1.9666666666666663,False,1,4333,service,703.4367154367533
5311.0,2014-11-04 08:00:00,-58.181919,-23.4074,Panthera onca,670292B,10,Humid Chaco,Paraguay,-58.181919,-23.4074,1.9833333333333332,False,1,4332,service,864.2274921796025
5312.0,2014-11-04 10:02:00,-58.175317,-23.412129,Panthera onca,670292B,10,Humid Chaco,Paraguay,-58.175317,-23.412129,2.033333333333333,False,1,4343,track,480.5084694872165
5313.0,2014-11-04 22:01:00,-58.161732,-23.424519,Panthera onca,670292B,10,Humid Chaco,Paraguay,-58.161732,-23.424519,11.983333333333333,False,1,3210,service,999.3588789595833
5314.0,2014-11-05 00:03:00,-58.155017,-23.429112,Panthera onca,670292B,10,Humid Chaco,Paraguay,-58.155017,-23.429112,2.033333333333333,False,1,3210,service,436.3604962454861
5315.0,2014-11-05 02:03:00,-58.145314,-23.440962,Panthera onca,670292B,10,Humid Chaco,Paraguay,-58.145314,-23.440962,2.0,False,1,3210,service,687.5584576642299
5316.0,2014-11-05 04:02:00,-58.129747,-23.443159,Panthera onca,670292B,10,Humid Chaco,Paraguay,-58.129747,-23.443159,1.9833333333333332,False,1,3214,track,840.3824553863802
5317.0,2014-11-05 06:02:00,-58.12246,-23.446084,Panthera onca,670292B,10,Humid Chaco,Paraguay,-58.12246,-23.446084,2.0,False,1,3214,track,57.842776025108655
5318.0,2014-11-05 08:02:00,-58.118061,-23.451357,Panthera onca,670292B,10,Humid Chaco,Paraguay,-58.118061,-23.451357,2.0,False,1,3214,track,426.06933231850314
5319.0,2014-11-05 08:34:00,-58.119331,-23.450753,Panthera onca,670292B,10,Humid Chaco,Paraguay,-58.119331,-23.450753,0.5333333333333333,False,1,3214,track,292.52258754415556
5320.0,2014-11-05 09:06:00,-58.119685,-23.448797,Panthera onca,670292B,10,Humid Chaco,Paraguay,-58.119685,-23.448797,0.5333333333333333,False,1,3214,track,243.3134399820808
5321.0,2014-11-05 10:02:00,-58.119478,-23.450848,Panthera onca,670292B,10,Humid Chaco,Paraguay,-58.119478,-23.450848,0.9333333333333332,False,1,3214,track,278.1702671332462
5322.0,2014-11-05 22:01:00,-58.120832,-23.452337,Panthera onca,670292B,10,Humid Chaco,Paraguay,-58.120832,-23.452337,11.983333333333333,False,1,3214,track,150.0685709307601
5323.0,2014-11-06 00:00:00,-58.120938,-23.452378,Panthera onca,670292B,10,Humid Chaco,Paraguay,-58.120938,-23.452378,1.9833333333333332,False,1,3214,track,139.53224195270138
5324.0,2014-11-06 02:02:00,-58.120908,-23.452454,Panthera onca,670292B,10,Humid Chaco,Paraguay,-58.120908,-23.452454,2.033333333333333,False,1,3214,track,143.0962905379674
5325.0,2014-11-06 04:00:00,-58.121051,-23.452436,Panthera onca,670292B,10,Humid Chaco,Paraguay,-58.121051,-23.452436,1.9666666666666663,False,1,3214,track,128.39509078185634
5326.0,2014-11-06 08:00:00,-58.120962,-23.452311,Panthera onca,670292B,10,Humid Chaco,Paraguay,-58.120962,-23.452311,4.0,False,1,3214,track,136.63980555999075
5327.0,2014-11-06 10:01:00,-58.133226,-23.440304,Panthera onca,670292B,10,Humid Chaco,Paraguay,-58.133226,-23.440304,2.0166666666666666,False,1,3214,track,1288.7255741153967
5328.0,2014-11-06 22:02:00,-58.157757,-23.428671,Panthera onca,670292B,10,Humid Chaco,Paraguay,-58.157757,-23.428671,12.016666666666667,False,1,3210,service,654.7782245701712
5329.0,2014-11-07 00:03:00,-58.158638,-23.424672,Panthera onca,670292B,10,Humid Chaco,Paraguay,-58.158638,-23.424672,2.0166666666666666,False,1,3210,service,684.7703171363046
5330.0,2014-11-07 02:02:00,-58.158738,-23.424766,Panthera onca,670292B,10,Humid Chaco,Paraguay,-58.158738,-23.424766,1.9833333333333332,False,1,3210,service,692.9520954687936
5331.0,2014-11-07 04:01:00,-58.159334,-23.423946,Panthera onca,670292B,10,Humid Chaco,Paraguay,-58.159334,-23.423946,1.9833333333333332,False,1,3210,service,772.4777574551555
5332.0,2014-11-07 05:04:00,-58.158594,-23.423937,Panthera onca,670292B,10,Humid Chaco,Paraguay,-58.158594,-23.423937,1.05,False,1,3210,service,699.7109011686412
5333.0,2014-11-07 06:00:00,-58.158707,-23.424418,Panthera onca,670292B,10,Humid Chaco,Paraguay,-58.158707,-23.424418,0.9333333333333332,False,1,3210,service,697.4850744167272
5334.0,2014-11-07 08:03:00,-58.15865,-23.424535,Panthera onca,670292B,10,Humid Chaco,Paraguay,-58.15865,-23.424535,2.05,False,1,3210,service,688.9865472169334
5335.0,2014-11-07 10:01:00,-58.159281,-23.428866,Panthera onca,670292B,10,Humid Chaco,Paraguay,-58.159281,-23.428866,1.9666666666666663,False,1,3210,service,805.0607213782074
5336.0,2014-11-07 22:01:00,-58.160129,-23.42745,Panthera onca,670292B,10,Humid Chaco,Paraguay,-58.160129,-23.42745,12.0,False,1,3210,service,841.9264721754492
5337.0,2014-11-08 00:02:00,-58.160298,-23.426765,Panthera onca,670292B,10,Humid Chaco,Paraguay,-58.160298,-23.426765,2.0166666666666666,False,1,3210,service,847.9677019684896
5338.0,2014-11-08 00:31:00,-58.160523,-23.426822,Panthera onca,670292B,10,Humid Chaco,Paraguay,-58.160523,-23.426822,0.4833333333333333,False,1,3210,service,871.4823225075272
5339.0,2014-11-08 02:03:00,-58.160056,-23.427092,Panthera onca,670292B,10,Humid Chaco,Paraguay,-58.160056,-23.427092,1.5333333333333334,False,1,3210,service,827.8862301409349
5340.0,2014-11-08 08:34:00,-58.160672,-23.427019,Panthera onca,670292B,10,Humid Chaco,Paraguay,-58.160672,-23.427019,6.516666666666667,False,1,3210,service,889.1325950217638
5341.0,2014-11-08 10:03:00,-58.161049,-23.428986,Panthera onca,670292B,10,Humid Chaco,Paraguay,-58.161049,-23.428986,1.4833333333333334,False,1,3210,service,978.0819788286819
5342.0,2014-11-08 22:01:00,-58.158507,-23.428646,Panthera onca,670292B,10,Humid Chaco,Paraguay,-58.158507,-23.428646,11.966666666666669,False,1,3210,service,722.8359564418469
5343.0,2014-11-09 00:03:00,-58.164167,-23.428117,Panthera onca,670292B,10,Humid Chaco,Paraguay,-58.164167,-23.428117,2.033333333333333,False,1,3159,track,1126.119557148321
5344.0,2014-11-09 00:29:00,-58.16601,-23.423334,Panthera onca,670292B,10,Humid Chaco,Paraguay,-58.16601,-23.423334,0.4333333333333333,False,1,4343,track,1378.565730302713
5345.0,2014-11-09 00:59:00,-58.170022,-23.424625,Panthera onca,670292B,10,Humid Chaco,Paraguay,-58.170022,-23.424625,0.5,False,1,4343,track,1439.0286577347515
5346.0,2014-11-09 02:03:00,-58.174456,-23.424554,Panthera onca,670292B,10,Humid Chaco,Paraguay,-58.174456,-23.424554,1.0666666666666669,False,1,4343,track,1481.8571358745521
5347.0,2014-11-09 06:02:00,-58.175857,-23.425906,Panthera onca,670292B,10,Humid Chaco,Paraguay,-58.175857,-23.425906,3.983333333333333,False,1,3159,track,1595.39140181764
5348.0,2014-11-09 08:02:00,-58.176016,-23.425686,Panthera onca,670292B,10,Humid Chaco,Paraguay,-58.176016,-23.425686,2.0,False,1,3159,track,1622.5184053953376
5349.0,2014-11-09 10:03:00,-58.180647,-23.432408,Panthera onca,670292B,10,Humid Chaco,Paraguay,-58.180647,-23.432408,2.0166666666666666,False,1,3159,track,988.4577680602612
5350.0,2014-11-09 22:02:00,-58.19642,-23.447473,Panthera onca,670292B,10,Humid Chaco,Paraguay,-58.19642,-23.447473,11.983333333333333,False,1,3159,track,6.246497378380252
5351.0,2014-11-10 00:02:00,-58.205925,-23.444692,Panthera onca,670292B,10,Humid Chaco,Paraguay,-58.205925,-23.444692,2.0,False,1,3159,track,860.5613331104967
5352.0,2014-11-10 02:02:00,-58.210383,-23.438252,Panthera onca,670292B,10,Humid Chaco,Paraguay,-58.210383,-23.438252,2.0,False,1,3159,track,1536.0390845928835
5353.0,2014-11-10 04:03:00,-58.210523,-23.438344,Panthera onca,670292B,10,Humid Chaco,Paraguay,-58.210523,-23.438344,2.0166666666666666,False,1,3159,track,1524.770426334731
5354.0,2014-11-10 06:03:00,-58.210147,-23.437047,Panthera onca,670292B,10,Humid Chaco,Paraguay,-58.210147,-23.437047,2.0,False,1,3159,track,1670.9361616706967
5355.0,2014-11-10 08:03:00,-58.209777,-23.439055,Panthera onca,670292B,10,Humid Chaco,Paraguay,-58.209777,-23.439055,2.0,False,1,3159,track,1452.2109550163493
5356.0,2014-11-10 10:03:00,-58.219536,-23.431145,Panthera onca,670292B,10,Humid Chaco,Paraguay,-58.219536,-23.431145,2.0,False,1,3158,service,1975.3336699278593
5357.0,2014-11-10 22:02:00,-58.22994,-23.433171,Panthera onca,670292B,10,Humid Chaco,Paraguay,-58.22994,-23.433171,11.983333333333333,False,1,3158,service,1187.115518554524
5358.0,2014-11-11 00:03:00,-58.237182,-23.422313,Panthera onca,670292B,10,Humid Chaco,Paraguay,-58.237182,-23.422313,2.0166666666666666,False,1,4299,track,1866.1311895087142
5359.0,2014-11-11 00:37:00,-58.236539,-23.422097,Panthera onca,670292B,10,Humid Chaco,Paraguay,-58.236539,-23.422097,0.5666666666666667,False,1,4299,track,1839.5233446552575
5360.0,2014-11-11 02:01:00,-58.236923,-23.422162,Panthera onca,670292B,10,Humid Chaco,Paraguay,-58.236923,-23.422162,1.4,False,1,4299,track,1848.0635642210386
5361.0,2014-11-11 04:02:00,-58.242151,-23.415642,Panthera onca,670292B,10,Humid Chaco,Paraguay,-58.242151,-23.415642,2.0166666666666666,False,1,4299,track,1282.5262059599972
5362.0,2014-11-11 06:03:00,-58.242195,-23.415191,Panthera onca,670292B,10,Humid Chaco,Paraguay,-58.242195,-23.415191,2.0166666666666666,False,1,4299,track,1241.230095867323
5363.0,2014-11-11 08:02:00,-58.242176,-23.415589,Panthera onca,670292B,10,Humid Chaco,Paraguay,-58.242176,-23.415589,1.9833333333333332,False,1,4299,track,1278.621329185687
5364.0,2014-11-11 10:02:00,-58.237291,-23.408302,Panthera onca,670292B,10,Humid Chaco,Paraguay,-58.237291,-23.408302,2.0,False,1,4299,track,334.029991309255
5365.0,2014-11-12 00:03:00,-58.233361,-23.388379,Panthera onca,670292B,10,Humid Chaco,Paraguay,-58.233361,-23.388379,14.016666666666667,False,1,4265,service,96.61066610644487
5366.0,2014-11-12 04:03:00,-58.233387,-23.385188,Panthera onca,670292B,10,Humid Chaco,Paraguay,-58.233387,-23.385188,4.0,False,1,4265,service,323.81802045466446
5367.0,2014-11-12 06:01:00,-58.234254,-23.376008,Panthera onca,670292B,10,Humid Chaco,Paraguay,-58.234254,-23.376008,1.9666666666666663,False,1,4264,service,1169.8217268532376
5368.0,2014-11-12 08:03:00,-58.245388,-23.377799,Panthera onca,670292B,10,Humid Chaco,Paraguay,-58.245388,-23.377799,2.033333333333333,False,1,4265,service,1041.594332436124
5369.0,2014-11-12 08:31:00,-58.245661,-23.37776,Panthera onca,670292B,10,Humid Chaco,Paraguay,-58.245661,-23.37776,0.4666666666666667,False,1,4265,service,1033.0670116511326
5370.0,2014-11-12 09:02:00,-58.245561,-23.37782,Panthera onca,670292B,10,Humid Chaco,Paraguay,-58.245561,-23.37782,0.5166666666666667,False,1,4265,service,1031.5691757129414
5371.0,2014-11-12 22:03:00,-58.246603,-23.375991,Panthera onca,670292B,10,Humid Chaco,Paraguay,-58.246603,-23.375991,13.016666666666667,False,1,4263,track,1062.7348833402295
5372.0,2014-11-13 00:03:00,-58.232629,-23.37111,Panthera onca,670292B,10,Humid Chaco,Paraguay,-58.232629,-23.37111,2.0,False,1,4261,service,874.5556136721018
5373.0,2014-11-13 06:03:00,-58.223304,-23.367145,Panthera onca,670292B,10,Humid Chaco,Paraguay,-58.223304,-23.367145,6.0,False,1,4261,service,46.04397170346421
5374.0,2014-11-13 08:02:00,-58.232797,-23.354202,Panthera onca,670292B,10,Humid Chaco,Paraguay,-58.232797,-23.354202,1.9833333333333332,False,1,4261,service,880.377985948648
5375.0,2014-11-13 10:03:00,-58.23613,-23.34894,Panthera onca,670292B,10,Humid Chaco,Paraguay,-58.23613,-23.34894,2.0166666666666666,False,1,4261,service,927.740049897115
5376.0,2014-11-14 00:03:00,-58.236518,-23.34865,Panthera onca,670292B,10,Humid Chaco,Paraguay,-58.236518,-23.34865,14.0,False,1,4261,service,927.2697343302507
5377.0,2014-11-14 02:03:00,-58.236581,-23.348193,Panthera onca,670292B,10,Humid Chaco,Paraguay,-58.236581,-23.348193,2.0,False,1,4261,service,963.8960605826877
5378.0,2014-11-14 04:01:00,-58.236467,-23.348444,Panthera onca,670292B,10,Humid Chaco,Paraguay,-58.236467,-23.348444,1.9666666666666663,False,1,4261,service,948.5160614962118
5379.0,2014-11-14 06:01:00,-58.236248,-23.348935,Panthera onca,670292B,10,Humid Chaco,Paraguay,-58.236248,-23.348935,2.0,False,1,4261,service,920.2762987851826
5380.0,2014-11-14 08:03:00,-58.236306,-23.348842,Panthera onca,670292B,10,Humid Chaco,Paraguay,-58.236306,-23.348842,2.033333333333333,False,1,4261,service,924.3223534247489
5381.0,2014-11-14 10:03:00,-58.236576,-23.349229,Panthera onca,670292B,10,Humid Chaco,Paraguay,-58.236576,-23.349229,2.0,False,1,4261,service,873.7545223198183
5382.0,2014-11-15 00:00:00,-58.236478,-23.348638,Panthera onca,670292B,10,Humid Chaco,Paraguay,-58.236478,-23.348638,13.95,False,1,4261,service,930.8351516822815
5383.0,2014-11-15 02:01:00,-58.239638,-23.346496,Panthera onca,670292B,10,Humid Chaco,Paraguay,-58.239638,-23.346496,2.0166666666666666,False,1,4261,service,1001.7783946859901
5384.0,2014-11-15 04:03:00,-58.237006,-23.349159,Panthera onca,670292B,10,Humid Chaco,Paraguay,-58.237006,-23.349159,2.033333333333333,False,1,4261,service,852.1591125398406
5385.0,2014-11-15 06:01:00,-58.23649,-23.348596,Panthera onca,670292B,10,Humid Chaco,Paraguay,-58.23649,-23.348596,1.9666666666666663,False,1,4261,service,933.7463756390896
5386.0,2014-11-15 08:03:00,-58.236792,-23.348926,Panthera onca,670292B,10,Humid Chaco,Paraguay,-58.236792,-23.348926,2.033333333333333,False,1,4261,service,885.9508342372781
5387.0,2014-11-15 10:03:00,-58.240683,-23.338448,Panthera onca,670292B,10,Humid Chaco,Paraguay,-58.240683,-23.338448,2.0,False,1,4261,service,1866.494936416966
5388.0,2014-11-15 22:03:00,-58.241115,-23.337144,Panthera onca,670292B,10,Humid Chaco,Paraguay,-58.241115,-23.337144,12.0,False,1,4261,service,2007.7932225796399
5389.0,2014-11-16 00:02:00,-58.244733,-23.342658,Panthera onca,670292B,10,Humid Chaco,Paraguay,-58.244733,-23.342658,1.9833333333333332,False,1,4262,track,1366.2617947715205
5390.0,2014-11-16 00:36:00,-58.24775,-23.348143,Panthera onca,670292B,10,Humid Chaco,Paraguay,-58.24775,-23.348143,0.5666666666666667,False,1,4262,track,758.9224690552578
5391.0,2014-11-16 01:09:00,-58.256645,-23.349537,Panthera onca,670292B,10,Humid Chaco,Paraguay,-58.256645,-23.349537,0.55,False,1,4262,track,615.859804499648
5392.0,2014-11-16 02:03:00,-58.261727,-23.357294,Panthera onca,670292B,10,Humid Chaco,Paraguay,-58.261727,-23.357294,0.9,False,1,4262,track,83.9436597402262
5393.0,2014-11-16 04:02:00,-58.261672,-23.36571,Panthera onca,670292B,10,Humid Chaco,Paraguay,-58.261672,-23.36571,1.9833333333333332,False,1,4262,track,342.6668295805987
5394.0,2014-11-16 06:03:00,-58.265766,-23.371378,Panthera onca,670292B,10,Humid Chaco,Paraguay,-58.265766,-23.371378,2.0166666666666666,False,1,4262,track,1082.2022725565057
5395.0,2014-11-16 08:02:00,-58.269461,-23.371363,Panthera onca,670292B,10,Humid Chaco,Paraguay,-58.269461,-23.371363,1.9833333333333332,False,1,4265,service,1094.4848961660205
5396.0,2014-11-16 10:01:00,-58.268835,-23.370254,Panthera onca,670292B,10,Humid Chaco,Paraguay,-58.268835,-23.370254,1.9833333333333332,False,1,4262,track,1165.3704573698542
5397.0,2014-11-16 22:01:00,-58.268458,-23.371229,Panthera onca,670292B,10,Humid Chaco,Paraguay,-58.268458,-23.371229,12.0,False,1,4265,service,1104.163522161839
5398.0,2014-11-17 04:02:00,-58.268428,-23.371141,Panthera onca,670292B,10,Humid Chaco,Paraguay,-58.268428,-23.371141,6.016666666666667,False,1,4265,service,1113.9016109531353
5399.0,2014-11-17 06:02:00,-58.268255,-23.371037,Panthera onca,670292B,10,Humid Chaco,Paraguay,-58.268255,-23.371037,2.0,False,1,4265,service,1125.546565577841
5400.0,2014-11-17 10:02:00,-58.2686,-23.370964,Panthera onca,670292B,10,Humid Chaco,Paraguay,-58.2686,-23.370964,4.0,False,1,4265,service,1133.6463329702972
5401.0,2014-11-17 22:02:00,-58.263047,-23.372183,Panthera onca,670292B,10,Humid Chaco,Paraguay,-58.263047,-23.372183,12.0,False,1,4262,track,1072.8785272562166
5402.0,2014-11-18 04:34:00,-58.267697,-23.371174,Panthera onca,670292B,10,Humid Chaco,Paraguay,-58.267697,-23.371174,6.533333333333333,False,1,4265,service,1112.717793008089
5403.0,2014-11-18 06:02:00,-58.267351,-23.371365,Panthera onca,670292B,10,Humid Chaco,Paraguay,-58.267351,-23.371365,1.4666666666666666,False,1,4265,service,1094.348385617736
5404.0,2014-11-18 08:02:00,-58.271648,-23.375179,Panthera onca,670292B,10,Humid Chaco,Paraguay,-58.271648,-23.375179,2.0,False,1,4265,service,739.4082461930416
5405.0,2014-11-18 10:03:00,-58.273423,-23.371237,Panthera onca,670292B,10,Humid Chaco,Paraguay,-58.273423,-23.371237,2.0166666666666666,False,1,4275,service,922.6920658921879
5406.0,2014-11-18 22:03:00,-58.269438,-23.37194,Panthera onca,670292B,10,Humid Chaco,Paraguay,-58.269438,-23.37194,12.0,False,1,4265,service,1030.67544118577
5407.0,2014-11-19 04:36:00,-58.267728,-23.370835,Panthera onca,670292B,10,Humid Chaco,Paraguay,-58.267728,-23.370835,6.55,False,1,4262,track,1139.7557433166648
5408.0,2014-11-19 05:08:00,-58.267725,-23.370845,Panthera onca,670292B,10,Humid Chaco,Paraguay,-58.267725,-23.370845,0.5333333333333333,False,1,4262,track,1140.4434647460523
5409.0,2014-11-19 06:01:00,-58.26775,-23.370677,Panthera onca,670292B,10,Humid Chaco,Paraguay,-58.26775,-23.370677,0.8833333333333333,False,1,4262,track,1127.37435762775
5410.0,2014-11-19 08:01:00,-58.268096,-23.370526,Panthera onca,670292B,10,Humid Chaco,Paraguay,-58.268096,-23.370526,2.0,False,1,4262,track,1136.886217255532
5411.0,2014-11-19 10:02:00,-58.268144,-23.370458,Panthera onca,670292B,10,Humid Chaco,Paraguay,-58.268144,-23.370458,2.0166666666666666,False,1,4262,track,1134.354749558534
5412.0,2014-11-20 00:02:00,-58.267558,-23.370862,Panthera onca,670292B,10,Humid Chaco,Paraguay,-58.267558,-23.370862,14.0,False,1,4262,track,1131.5807983629445
5413.0,2014-11-20 00:33:00,-58.268081,-23.373534,Panthera onca,670292B,10,Humid Chaco,Paraguay,-58.268081,-23.373534,0.5166666666666667,False,1,4265,service,849.6446903254157
5414.0,2014-11-20 01:04:00,-58.267718,-23.370856,Panthera onca,670292B,10,Humid Chaco,Paraguay,-58.267718,-23.370856,0.5166666666666667,False,1,4262,track,1140.9696747294893
5415.0,2014-11-20 02:00:00,-58.267789,-23.370747,Panthera onca,670292B,10,Humid Chaco,Paraguay,-58.267789,-23.370747,0.9333333333333332,False,1,4262,track,1135.925930951543
5416.0,2014-11-20 04:02:00,-58.267728,-23.370778,Panthera onca,670292B,10,Humid Chaco,Paraguay,-58.267728,-23.370778,2.033333333333333,False,1,4262,track,1134.773665660639
5417.0,2014-11-20 08:02:00,-58.267756,-23.3707,Panthera onca,670292B,10,Humid Chaco,Paraguay,-58.267756,-23.3707,4.0,False,1,4262,track,1129.7515094950636
5418.0,2014-11-20 10:02:00,-58.267738,-23.370728,Panthera onca,670292B,10,Humid Chaco,Paraguay,-58.267738,-23.370728,2.0,False,1,4262,track,1131.0459995784654
5419.0,2014-11-20 22:03:00,-58.267529,-23.371035,Panthera onca,670292B,10,Humid Chaco,Paraguay,-58.267529,-23.371035,12.016666666666667,False,1,4265,service,1129.3319303980895
5420.0,2014-11-21 00:02:00,-58.264885,-23.36509,Panthera onca,670292B,10,Humid Chaco,Paraguay,-58.264885,-23.36509,1.9833333333333332,False,1,4262,track,486.0024739893088
5421.0,2014-11-21 02:02:00,-58.264231,-23.364086,Panthera onca,670292B,10,Humid Chaco,Paraguay,-58.264231,-23.364086,2.0,False,1,4262,track,373.7192036538591
5422.0,2014-11-21 06:01:00,-58.264094,-23.364103,Panthera onca,670292B,10,Humid Chaco,Paraguay,-58.264094,-23.364103,3.983333333333333,False,1,4262,track,361.8023680757728
5423.0,2014-11-21 08:01:00,-58.264235,-23.363929,Panthera onca,670292B,10,Humid Chaco,Paraguay,-58.264235,-23.363929,2.0,False,1,4262,track,367.2970026039619
5424.0,2014-11-21 10:00:00,-58.264202,-23.363237,Panthera onca,670292B,10,Humid Chaco,Paraguay,-58.264202,-23.363237,1.9833333333333332,False,1,4262,track,342.95133699539
5425.0,2014-11-21 22:03:00,-58.26802,-23.373898,Panthera onca,670292B,10,Humid Chaco,Paraguay,-58.26802,-23.373898,12.05,False,1,4265,service,809.667803184855
5426.0,2014-11-22 00:03:00,-58.268055,-23.373681,Panthera onca,670292B,10,Humid Chaco,Paraguay,-58.268055,-23.373681,2.0,False,1,4265,service,833.4970290369118
5427.0,2014-11-22 02:03:00,-58.268342,-23.373303,Panthera onca,670292B,10,Humid Chaco,Paraguay,-58.268342,-23.373303,2.0,False,1,4265,service,874.5458621769814
5428.0,2014-11-22 04:03:00,-58.267481,-23.373543,Panthera onca,670292B,10,Humid Chaco,Paraguay,-58.267481,-23.373543,2.0,False,1,4265,service,852.8883521771246
5429.0,2014-11-22 06:01:00,-58.267639,-23.373526,Panthera onca,670292B,10,Humid Chaco,Paraguay,-58.267639,-23.373526,1.9666666666666663,False,1,4265,service,853.4850357358831
5430.0,2014-11-22 08:01:00,-58.267644,-23.37347,Panthera onca,670292B,10,Humid Chaco,Paraguay,-58.267644,-23.37347,2.0,False,1,4265,service,859.6258018824241
5431.0,2014-11-22 10:03:00,-58.268512,-23.373389,Panthera onca,670292B,10,Humid Chaco,Paraguay,-58.268512,-23.373389,2.033333333333333,False,1,4265,service,865.0339698952845
5432.0,2014-11-23 00:02:00,-58.266789,-23.369788,Panthera onca,670292B,10,Humid Chaco,Paraguay,-58.266789,-23.369788,13.983333333333333,False,1,4262,track,989.335129322712
5433.0,2014-11-23 00:37:00,-58.26204,-23.368408,Panthera onca,670292B,10,Humid Chaco,Paraguay,-58.26204,-23.368408,0.5833333333333334,False,1,4262,track,642.8400697553835
5434.0,2014-11-23 02:01:00,-58.261997,-23.368829,Panthera onca,670292B,10,Humid Chaco,Paraguay,-58.261997,-23.368829,1.4,False,1,4262,track,688.0022392333034
5435.0,2014-11-23 06:01:00,-58.261951,-23.367378,Panthera onca,670292B,10,Humid Chaco,Paraguay,-58.261951,-23.367378,4.0,False,1,4262,track,529.1652058763528
5436.0,2014-11-23 08:03:00,-58.261789,-23.367245,Panthera onca,670292B,10,Humid Chaco,Paraguay,-58.261789,-23.367245,2.033333333333333,False,1,4262,track,511.54896972341885
5437.0,2014-11-23 22:03:00,-58.261286,-23.369176,Panthera onca,670292B,10,Humid Chaco,Paraguay,-58.261286,-23.369176,14.0,False,1,4262,track,718.2884129001656
5438.0,2014-11-24 04:00:00,-58.261962,-23.367393,Panthera onca,670292B,10,Humid Chaco,Paraguay,-58.261962,-23.367393,5.95,False,1,4262,track,531.0206514393592
5439.0,2014-11-24 06:03:00,-58.259242,-23.366283,Panthera onca,670292B,10,Humid Chaco,Paraguay,-58.259242,-23.366283,2.05,False,1,4262,track,431.4638247861755
5440.0,2014-11-24 10:01:00,-58.259716,-23.366825,Panthera onca,670292B,10,Humid Chaco,Paraguay,-58.259716,-23.366825,3.966666666666667,False,1,4262,track,472.58616258250214
5441.0,2014-11-24 22:02:00,-58.258641,-23.368131,Panthera onca,670292B,10,Humid Chaco,Paraguay,-58.258641,-23.368131,12.016666666666667,False,1,4262,track,644.2230370132235
5442.0,2014-11-25 02:02:00,-58.259613,-23.366727,Panthera onca,670292B,10,Humid Chaco,Paraguay,-58.259613,-23.366727,4.0,False,1,4262,track,464.968689131038
5443.0,2014-11-25 04:56:00,-58.25975,-23.366848,Panthera onca,670292B,10,Humid Chaco,Paraguay,-58.25975,-23.366848,2.9,False,1,4262,track,474.1763876600311
5444.0,2014-11-25 06:00:00,-58.259722,-23.366876,Panthera onca,670292B,10,Humid Chaco,Paraguay,-58.259722,-23.366876,1.0666666666666669,False,1,4262,track,477.8929943962548
5445.0,2014-11-25 10:01:00,-58.259766,-23.366917,Panthera onca,670292B,10,Humid Chaco,Paraguay,-58.259766,-23.366917,4.016666666666667,False,1,4262,track,481.18650249668167
5446.0,2014-11-26 00:03:00,-58.255435,-23.36972,Panthera onca,670292B,10,Humid Chaco,Paraguay,-58.255435,-23.36972,14.033333333333331,False,1,4262,track,957.2270050161106
5447.0,2014-11-26 00:32:00,-58.258345,-23.367289,Panthera onca,670292B,10,Humid Chaco,Paraguay,-58.258345,-23.367289,0.4833333333333333,False,1,4262,track,571.3490202830002
5448.0,2014-11-26 01:02:00,-58.260008,-23.366768,Panthera onca,670292B,10,Humid Chaco,Paraguay,-58.260008,-23.366768,0.5,False,1,4262,track,459.65939710528846
5449.0,2014-11-26 02:01:00,-58.259782,-23.366918,Panthera onca,670292B,10,Humid Chaco,Paraguay,-58.259782,-23.366918,0.9833333333333332,False,1,4262,track,480.90328086417674
5450.0,2014-11-26 04:01:00,-58.258236,-23.366329,Panthera onca,670292B,10,Humid Chaco,Paraguay,-58.258236,-23.366329,2.0,False,1,4262,track,485.41497183298634
5451.0,2014-11-26 06:03:00,-58.255936,-23.366678,Panthera onca,670292B,10,Humid Chaco,Paraguay,-58.255936,-23.366678,2.033333333333333,False,1,4262,track,671.8916439457527
5452.0,2014-11-26 08:02:00,-58.259289,-23.368956,Panthera onca,670292B,10,Humid Chaco,Paraguay,-58.259289,-23.368956,1.9833333333333332,False,1,4262,track,712.094111126745
5453.0,2014-11-26 10:03:00,-58.258652,-23.368918,Panthera onca,670292B,10,Humid Chaco,Paraguay,-58.258652,-23.368918,2.0166666666666666,False,1,4262,track,725.898596859508
5454.0,2014-11-27 00:03:00,-58.25208,-23.379806,Panthera onca,670292B,10,Humid Chaco,Paraguay,-58.25208,-23.379806,14.0,False,1,4265,service,640.4257452025038
5455.0,2014-11-27 02:03:00,-58.255575,-23.382095,Panthera onca,670292B,10,Humid Chaco,Paraguay,-58.255575,-23.382095,2.0,False,1,4265,service,294.709262326128
5456.0,2014-11-27 04:03:00,-58.255274,-23.383237,Panthera onca,670292B,10,Humid Chaco,Paraguay,-58.255274,-23.383237,2.0,False,1,4265,service,192.4403972993641
5457.0,2014-11-27 06:03:00,-58.255311,-23.383601,Panthera onca,670292B,10,Humid Chaco,Paraguay,-58.255311,-23.383601,2.0,False,1,4265,service,153.65585565360632
5458.0,2014-11-27 08:02:00,-58.255781,-23.38429,Panthera onca,670292B,10,Humid Chaco,Paraguay,-58.255781,-23.38429,1.9833333333333332,False,1,4265,service,64.88131474990057
5459.0,2014-11-27 22:01:00,-58.255652,-23.375849,Panthera onca,670292B,10,Humid Chaco,Paraguay,-58.255652,-23.375849,13.983333333333333,False,1,4265,service,951.1161885873443
5460.0,2014-11-28 00:03:00,-58.251093,-23.368222,Panthera onca,670292B,10,Humid Chaco,Paraguay,-58.251093,-23.368222,2.033333333333333,False,1,4263,track,702.2003614445862
5461.0,2014-11-28 04:02:00,-58.249749,-23.367443,Panthera onca,670292B,10,Humid Chaco,Paraguay,-58.249749,-23.367443,3.983333333333333,False,1,4263,track,549.4543768299678
5462.0,2014-11-28 10:01:00,-58.262147,-23.37014,Panthera onca,670292B,10,Humid Chaco,Paraguay,-58.262147,-23.37014,5.983333333333333,False,1,4262,track,833.7658783788876
5463.0,2014-11-29 00:03:00,-58.278807,-23.36926,Panthera onca,670292B,10,Humid Chaco,Paraguay,-58.278807,-23.36926,14.033333333333331,False,1,4275,service,698.8449568843195
5464.0,2014-11-29 02:03:00,-58.289171,-23.38115,Panthera onca,670292B,10,Humid Chaco,Paraguay,-58.289171,-23.38115,2.0,False,1,4275,service,609.9701317301865
5465.0,2014-11-29 04:01:00,-58.288554,-23.385477,Panthera onca,670292B,10,Humid Chaco,Paraguay,-58.288554,-23.385477,1.9666666666666663,False,1,4265,service,192.43972130157687
5466.0,2014-11-29 06:03:00,-58.289377,-23.385068,Panthera onca,670292B,10,Humid Chaco,Paraguay,-58.289377,-23.385068,2.033333333333333,False,1,4265,service,215.91624785759745
5467.0,2014-11-29 08:02:00,-58.289975,-23.388614,Panthera onca,670292B,10,Humid Chaco,Paraguay,-58.289975,-23.388614,1.9833333333333332,False,1,4265,service,176.07314756608437
5468.0,2014-11-29 22:00:00,-58.286175,-23.40244,Panthera onca,670292B,10,Humid Chaco,Paraguay,-58.286175,-23.40244,13.966666666666669,False,1,4265,service,1682.7734911939117
5469.0,2014-11-30 00:01:00,-58.290701,-23.408944,Panthera onca,670292B,10,Humid Chaco,Paraguay,-58.290701,-23.408944,2.0166666666666666,False,1,4266,service,1638.6840143668906
5470.0,2014-11-30 04:28:00,-58.290644,-23.408933,Panthera onca,670292B,10,Humid Chaco,Paraguay,-58.290644,-23.408933,4.45,False,1,4266,service,1643.1173490625056
5471.0,2014-11-30 06:02:00,-58.281938,-23.407836,Panthera onca,670292B,10,Humid Chaco,Paraguay,-58.281938,-23.407836,1.5666666666666669,False,1,4265,service,2324.837885982429
5472.0,2014-11-30 08:03:00,-58.290176,-23.4169,Panthera onca,670292B,10,Humid Chaco,Paraguay,-58.290176,-23.4169,2.0166666666666666,False,1,4266,service,2173.1556073389534
5473.0,2014-11-30 10:03:00,-58.291091,-23.408201,Panthera onca,670292B,10,Humid Chaco,Paraguay,-58.291091,-23.408201,2.0,False,1,4266,service,1563.003932722072
5474.0,2014-11-30 22:00:00,-58.294494,-23.410343,Panthera onca,670292B,10,Humid Chaco,Paraguay,-58.294494,-23.410343,11.95,False,1,4266,service,1384.6564923808808
5475.0,2014-12-01 02:02:00,-58.29405,-23.411587,Panthera onca,670292B,10,Humid Chaco,Paraguay,-58.29405,-23.411587,4.033333333333333,False,1,4266,service,1501.5969737637527
5476.0,2014-12-01 04:00:00,-58.278725,-23.42073,Panthera onca,670292B,10,Humid Chaco,Paraguay,-58.278725,-23.42073,1.9666666666666663,False,1,4266,service,3364.033667934909
5477.0,2014-12-01 04:30:00,-58.278407,-23.420561,Panthera onca,670292B,10,Humid Chaco,Paraguay,-58.278407,-23.420561,0.5,False,1,4266,service,3380.203793004167
5478.0,2014-12-01 06:02:00,-58.27848,-23.420539,Panthera onca,670292B,10,Humid Chaco,Paraguay,-58.27848,-23.420539,1.5333333333333334,False,1,4266,service,3372.666886950486
5479.0,2014-12-01 08:01:00,-58.279884,-23.420979,Panthera onca,670292B,10,Humid Chaco,Paraguay,-58.279884,-23.420979,1.9833333333333332,False,1,4266,service,3283.7682405042965
5480.0,2014-12-01 10:03:00,-58.279823,-23.42078,Panthera onca,670292B,10,Humid Chaco,Paraguay,-58.279823,-23.42078,2.033333333333333,False,1,4266,service,3275.786991960187
5481.0,2014-12-02 00:03:00,-58.279715,-23.420948,Panthera onca,670292B,10,Humid Chaco,Paraguay,-58.279715,-23.420948,14.0,False,1,4266,service,3295.6611557788815
5482.0,2014-12-02 00:28:00,-58.269874,-23.425679,Panthera onca,670292B,10,Humid Chaco,Paraguay,-58.269874,-23.425679,0.4166666666666667,False,1,4305,track,4060.1247646782404
5483.0,2014-12-02 02:03:00,-58.274675,-23.420476,Panthera onca,670292B,10,Humid Chaco,Paraguay,-58.274675,-23.420476,1.5833333333333333,False,1,4266,service,3696.8947544025336
5484.0,2014-12-02 04:03:00,-58.268513,-23.42046,Panthera onca,670292B,10,Humid Chaco,Paraguay,-58.268513,-23.42046,2.0,False,1,4305,track,3467.1889454978777
5485.0,2014-12-02 06:02:00,-58.268869,-23.420824,Panthera onca,670292B,10,Humid Chaco,Paraguay,-58.268869,-23.420824,1.9833333333333332,False,1,4305,track,3516.7825024050485
5486.0,2014-12-02 08:01:00,-58.269076,-23.420797,Panthera onca,670292B,10,Humid Chaco,Paraguay,-58.269076,-23.420797,1.9833333333333332,False,1,4305,track,3520.6234832555037
5487.0,2014-12-02 10:03:00,-58.269278,-23.415119,Panthera onca,670292B,10,Humid Chaco,Paraguay,-58.269278,-23.415119,2.033333333333333,False,1,4305,track,2939.463576369123
5488.0,2014-12-02 22:03:00,-58.267465,-23.41502,Panthera onca,670292B,10,Humid Chaco,Paraguay,-58.267465,-23.41502,12.0,False,1,4305,track,2862.225361072272
5489.0,2014-12-03 00:03:00,-58.263209,-23.412518,Panthera onca,670292B,10,Humid Chaco,Paraguay,-58.263209,-23.412518,2.0,False,1,4305,track,2476.1539034435655
5490.0,2014-12-03 00:29:00,-58.260127,-23.409458,Panthera onca,670292B,10,Humid Chaco,Paraguay,-58.260127,-23.409458,0.4333333333333333,False,1,4305,track,2091.9757252467
5491.0,2014-12-03 00:55:00,-58.260317,-23.407772,Panthera onca,670292B,10,Humid Chaco,Paraguay,-58.260317,-23.407772,0.4333333333333333,False,1,4305,track,1908.4959541516516
5492.0,2014-12-03 02:03:00,-58.257303,-23.397745,Panthera onca,670292B,10,Humid Chaco,Paraguay,-58.257303,-23.397745,1.1333333333333333,False,1,4305,track,789.0266458354351
5493.0,2014-12-03 04:01:00,-58.246421,-23.39766,Panthera onca,670292B,10,Humid Chaco,Paraguay,-58.246421,-23.39766,1.9666666666666663,False,1,4306,path,803.8350949392516
5494.0,2014-12-03 06:03:00,-58.233191,-23.399415,Panthera onca,670292B,10,Humid Chaco,Paraguay,-58.233191,-23.399415,2.033333333333333,False,1,4299,track,122.22726424305306
5495.0,2014-12-03 10:03:00,-58.219699,-23.402197,Panthera onca,670292B,10,Humid Chaco,Paraguay,-58.219699,-23.402197,4.0,False,1,4277,service,448.8059974488194
5496.0,2014-12-03 22:03:00,-58.214981,-23.398247,Panthera onca,670292B,10,Humid Chaco,Paraguay,-58.214981,-23.398247,12.0,False,1,4277,service,160.08006811355656
5497.0,2014-12-04 00:01:00,-58.219465,-23.396036,Panthera onca,670292B,10,Humid Chaco,Paraguay,-58.219465,-23.396036,1.9666666666666663,False,1,4277,service,145.55098314842044
5498.0,2014-12-04 02:02:00,-58.22254,-23.395596,Panthera onca,670292B,10,Humid Chaco,Paraguay,-58.22254,-23.395596,2.0166666666666666,False,1,4277,service,147.10318853310477
5499.0,2014-12-04 04:03:00,-58.222425,-23.385138,Panthera onca,670292B,10,Humid Chaco,Paraguay,-58.222425,-23.385138,2.0166666666666666,False,1,4264,service,402.8518077338525
5500.0,2014-12-04 08:03:00,-58.211858,-23.383525,Panthera onca,670292B,10,Humid Chaco,Paraguay,-58.211858,-23.383525,4.0,False,1,4264,service,1182.3970187594746
5501.0,2014-12-04 10:02:00,-58.210423,-23.388036,Panthera onca,670292B,10,Humid Chaco,Paraguay,-58.210423,-23.388036,1.9833333333333332,False,1,4277,service,1304.110457540768
5502.0,2014-12-04 22:03:00,-58.213986,-23.391441,Panthera onca,670292B,10,Humid Chaco,Paraguay,-58.213986,-23.391441,12.016666666666667,False,1,4277,service,806.421280345709
5503.0,2014-12-05 04:03:00,-58.21583,-23.389826,Panthera onca,670292B,10,Humid Chaco,Paraguay,-58.21583,-23.389826,6.0,False,1,4277,service,915.0390456877842
5504.0,2014-12-05 05:00:00,-58.215937,-23.390322,Panthera onca,670292B,10,Humid Chaco,Paraguay,-58.215937,-23.390322,0.95,False,1,4277,service,859.4626448788798
5505.0,2014-12-05 06:02:00,-58.215867,-23.390378,Panthera onca,670292B,10,Humid Chaco,Paraguay,-58.215867,-23.390378,1.0333333333333334,False,1,4277,service,855.8220354890011
5506.0,2014-12-05 08:02:00,-58.222812,-23.390875,Panthera onca,670292B,10,Humid Chaco,Paraguay,-58.222812,-23.390875,2.0,False,1,4277,service,600.0057095425964
5507.0,2014-12-06 00:03:00,-58.225652,-23.406568,Panthera onca,670292B,10,Humid Chaco,Paraguay,-58.225652,-23.406568,16.016666666666666,False,1,4299,track,1020.4970498198052
5508.0,2014-12-06 00:29:00,-58.229198,-23.405018,Panthera onca,670292B,10,Humid Chaco,Paraguay,-58.229198,-23.405018,0.4333333333333333,False,1,4299,track,640.5715868303577
5509.0,2014-12-06 00:54:00,-58.229759,-23.402362,Panthera onca,670292B,10,Humid Chaco,Paraguay,-58.229759,-23.402362,0.4166666666666667,False,1,4299,track,547.3209495003599
5510.0,2014-12-06 02:03:00,-58.234886,-23.399221,Panthera onca,670292B,10,Humid Chaco,Paraguay,-58.234886,-23.399221,1.15,False,1,4299,track,48.67275062026881
5511.0,2014-12-06 04:02:00,-58.236776,-23.393124,Panthera onca,670292B,10,Humid Chaco,Paraguay,-58.236776,-23.393124,1.9833333333333332,False,1,4299,track,392.9165596833055
5512.0,2014-12-06 06:03:00,-58.243433,-23.387748,Panthera onca,670292B,10,Humid Chaco,Paraguay,-58.243433,-23.387748,2.0166666666666666,False,1,4265,service,97.18955903885467
5513.0,2014-12-06 08:02:00,-58.239762,-23.378895,Panthera onca,670292B,10,Humid Chaco,Paraguay,-58.239762,-23.378895,1.9833333333333332,False,1,4265,service,993.9868406545156
5514.0,2014-12-06 10:02:00,-58.239618,-23.378749,Panthera onca,670292B,10,Humid Chaco,Paraguay,-58.239618,-23.378749,2.0,False,1,4265,service,1006.7625411389345
5515.0,2014-12-06 22:03:00,-58.239265,-23.378495,Panthera onca,670292B,10,Humid Chaco,Paraguay,-58.239265,-23.378495,12.016666666666667,False,1,4265,service,1028.0021384255333
5516.0,2014-12-07 00:03:00,-58.236362,-23.382611,Panthera onca,670292B,10,Humid Chaco,Paraguay,-58.236362,-23.382611,2.0,False,1,4265,service,565.9960817146214
5517.0,2014-12-07 02:03:00,-58.233823,-23.382844,Panthera onca,670292B,10,Humid Chaco,Paraguay,-58.233823,-23.382844,2.0,False,1,4265,service,506.0277092055326
5518.0,2014-12-07 04:03:00,-58.233975,-23.383495,Panthera onca,670292B,10,Humid Chaco,Paraguay,-58.233975,-23.383495,2.0,False,1,4265,service,468.86317993334126
5519.0,2014-12-07 04:31:00,-58.233328,-23.383198,Panthera onca,670292B,10,Humid Chaco,Paraguay,-58.233328,-23.383198,0.4666666666666667,False,1,4265,service,442.80013806421056
5520.0,2014-12-07 05:00:00,-58.23334,-23.382834,Panthera onca,670292B,10,Humid Chaco,Paraguay,-58.23334,-23.382834,0.4833333333333333,False,1,4265,service,473.9924021689051
5521.0,2014-12-07 06:02:00,-58.236339,-23.382751,Panthera onca,670292B,10,Humid Chaco,Paraguay,-58.236339,-23.382751,1.0333333333333334,False,1,4265,service,551.166422006302
5522.0,2014-12-07 08:03:00,-58.25142,-23.385851,Panthera onca,670292B,10,Humid Chaco,Paraguay,-58.25142,-23.385851,2.0166666666666666,False,1,4265,service,2.999279138407181
5523.0,2014-12-07 10:02:00,-58.249854,-23.390572,Panthera onca,670292B,10,Humid Chaco,Paraguay,-58.249854,-23.390572,1.9833333333333332,False,1,4265,service,400.9021937458988
5524.0,2014-12-07 22:03:00,-58.26255,-23.388632,Panthera onca,670292B,10,Humid Chaco,Paraguay,-58.26255,-23.388632,12.016666666666667,False,1,4305,track,489.9383358848616
5525.0,2014-12-08 02:02:00,-58.258716,-23.388601,Panthera onca,670292B,10,Humid Chaco,Paraguay,-58.258716,-23.388601,3.983333333333333,False,1,4305,track,130.94946074113128
5526.0,2014-12-08 04:03:00,-58.266308,-23.388277,Panthera onca,670292B,10,Humid Chaco,Paraguay,-58.266308,-23.388277,2.0166666666666666,False,1,4265,service,696.6001408256599
5527.0,2014-12-08 06:03:00,-58.275188,-23.399035,Panthera onca,670292B,10,Humid Chaco,Paraguay,-58.275188,-23.399035,2.0,False,1,4265,service,1563.3682236433187
5528.0,2014-12-08 08:03:00,-58.292632,-23.410894,Panthera onca,670292B,10,Humid Chaco,Paraguay,-58.292632,-23.410894,2.0,False,1,4266,service,1577.685236195902
5529.0,2014-12-08 08:31:00,-58.293585,-23.411456,Panthera onca,670292B,10,Humid Chaco,Paraguay,-58.293585,-23.411456,0.4666666666666667,False,1,4266,service,1531.2434648779563
5530.0,2014-12-08 09:01:00,-58.293429,-23.411479,Panthera onca,670292B,10,Humid Chaco,Paraguay,-58.293429,-23.411479,0.5,False,1,4266,service,1545.6932721897003
5531.0,2014-12-09 00:03:00,-58.305762,-23.39356,Panthera onca,670292B,10,Humid Chaco,Paraguay,-58.305762,-23.39356,15.033333333333331,False,1,4265,service,4.047152286714819
5532.0,2014-12-09 02:03:00,-58.287422,-23.387202,Panthera onca,670292B,10,Humid Chaco,Paraguay,-58.287422,-23.387202,2.0,False,1,4265,service,9.218082161977614
5533.0,2014-12-09 04:00:00,-58.277994,-23.375409,Panthera onca,670292B,10,Humid Chaco,Paraguay,-58.277994,-23.375409,1.95,False,1,4275,service,352.6920282594582
5534.0,2014-12-09 06:03:00,-58.278081,-23.369319,Panthera onca,670292B,10,Humid Chaco,Paraguay,-58.278081,-23.369319,2.05,False,1,4275,service,724.7416530599128
5535.0,2014-12-09 10:03:00,-58.275895,-23.369547,Panthera onca,670292B,10,Humid Chaco,Paraguay,-58.275895,-23.369547,4.0,False,1,4275,service,834.5118263661886
5536.0,2014-12-10 00:01:00,-58.277869,-23.369155,Panthera onca,670292B,10,Humid Chaco,Paraguay,-58.277869,-23.369155,13.966666666666669,False,1,4275,service,751.0526900375689
5537.0,2014-12-10 02:02:00,-58.277883,-23.369084,Panthera onca,670292B,10,Humid Chaco,Paraguay,-58.277883,-23.369084,2.0166666666666666,False,1,4275,service,757.2550670637933
5538.0,2014-12-10 06:02:00,-58.277916,-23.369174,Panthera onca,670292B,10,Humid Chaco,Paraguay,-58.277916,-23.369174,4.0,False,1,4275,service,746.8922520341564
5539.0,2014-12-10 08:03:00,-58.277939,-23.368964,Panthera onca,670292B,10,Humid Chaco,Paraguay,-58.277939,-23.368964,2.0166666666666666,False,1,4275,service,766.2694607765891
5540.0,2014-12-10 10:03:00,-58.27591,-23.369055,Panthera onca,670292B,10,Humid Chaco,Paraguay,-58.27591,-23.369055,2.0,False,1,4275,service,874.3656268441225
5541.0,2014-12-11 00:03:00,-58.278097,-23.369517,Panthera onca,670292B,10,Humid Chaco,Paraguay,-58.278097,-23.369517,14.0,False,1,4275,service,704.6967874611535
5542.0,2014-12-11 02:01:00,-58.277808,-23.369165,Panthera onca,670292B,10,Humid Chaco,Paraguay,-58.277808,-23.369165,1.9666666666666663,False,1,4275,service,753.1272349463648
5543.0,2014-12-11 08:03:00,-58.274316,-23.375029,Panthera onca,670292B,10,Humid Chaco,Paraguay,-58.274316,-23.375029,6.033333333333333,False,1,4275,service,726.9012186524645
5544.0,2014-12-11 10:02:00,-58.270196,-23.373613,Panthera onca,670292B,10,Humid Chaco,Paraguay,-58.270196,-23.373613,1.9833333333333332,False,1,4265,service,859.527160278257
5545.0,2014-12-11 22:02:00,-58.255801,-23.376578,Panthera onca,670292B,10,Humid Chaco,Paraguay,-58.255801,-23.376578,12.0,False,1,4265,service,869.5738422800036
5546.0,2014-12-12 00:03:00,-58.2518,-23.37728,Panthera onca,670292B,10,Humid Chaco,Paraguay,-58.2518,-23.37728,2.0166666666666666,False,1,4265,service,919.4586602737099
5547.0,2014-12-12 00:36:00,-58.251547,-23.37869,Panthera onca,670292B,10,Humid Chaco,Paraguay,-58.251547,-23.37869,0.55,False,1,4265,service,773.0375026143026
5548.0,2014-12-12 02:01:00,-58.251375,-23.377476,Panthera onca,670292B,10,Humid Chaco,Paraguay,-58.251375,-23.377476,1.4166666666666667,False,1,4265,service,907.9948330207556
5549.0,2014-12-12 04:01:00,-58.251256,-23.377491,Panthera onca,670292B,10,Humid Chaco,Paraguay,-58.251256,-23.377491,2.0,False,1,4265,service,909.0894480773599
5550.0,2014-12-12 06:00:00,-58.251348,-23.377483,Panthera onca,670292B,10,Humid Chaco,Paraguay,-58.251348,-23.377483,1.9833333333333332,False,1,4265,service,907.8549829061211
5551.0,2014-12-12 08:02:00,-58.251348,-23.377711,Panthera onca,670292B,10,Humid Chaco,Paraguay,-58.251348,-23.377711,2.033333333333333,False,1,4265,service,883.2454307936109
5552.0,2014-12-12 10:03:00,-58.251401,-23.377447,Panthera onca,670292B,10,Humid Chaco,Paraguay,-58.251401,-23.377447,2.0166666666666666,False,1,4265,service,910.5320922730778
5553.0,2014-12-12 22:03:00,-58.246023,-23.377597,Panthera onca,670292B,10,Humid Chaco,Paraguay,-58.246023,-23.377597,12.0,False,1,4265,service,1034.154358543929
5554.0,2014-12-13 00:01:00,-58.24646,-23.377446,Panthera onca,670292B,10,Humid Chaco,Paraguay,-58.24646,-23.377446,1.9666666666666663,False,1,4265,service,1032.9013719962875
5555.0,2014-12-13 02:02:00,-58.246473,-23.377462,Panthera onca,670292B,10,Humid Chaco,Paraguay,-58.246473,-23.377462,2.0166666666666666,False,1,4265,service,1030.7745420444498
5556.0,2014-12-13 04:00:00,-58.246431,-23.377471,Panthera onca,670292B,10,Humid Chaco,Paraguay,-58.246431,-23.377471,1.9666666666666663,False,1,4265,service,1031.3668232322282
5557.0,2014-12-13 06:01:00,-58.246462,-23.377341,Panthera onca,670292B,10,Humid Chaco,Paraguay,-58.246462,-23.377341,2.0166666666666666,False,1,4265,service,1043.7134102104935
5558.0,2014-12-13 08:00:00,-58.246456,-23.377467,Panthera onca,670292B,10,Humid Chaco,Paraguay,-58.246456,-23.377467,1.9833333333333332,False,1,4265,service,1030.8715403875904
5559.0,2014-12-13 10:00:00,-58.246056,-23.377564,Panthera onca,670292B,10,Humid Chaco,Paraguay,-58.246056,-23.377564,2.0,False,1,4265,service,1036.1822972214588
5560.0,2014-12-14 00:03:00,-58.246966,-23.377217,Panthera onca,670292B,10,Humid Chaco,Paraguay,-58.246966,-23.377217,14.05,False,1,4265,service,1039.9162548817503
5561.0,2014-12-14 02:01:00,-58.246211,-23.377548,Panthera onca,670292B,10,Humid Chaco,Paraguay,-58.246211,-23.377548,1.9666666666666663,False,1,4265,service,1031.7097863506249
5562.0,2014-12-14 04:02:00,-58.246122,-23.377491,Panthera onca,670292B,10,Humid Chaco,Paraguay,-58.246122,-23.377491,2.0166666666666666,False,1,4265,service,1041.0132556277172
5563.0,2014-12-14 08:02:00,-58.246002,-23.377685,Panthera onca,670292B,10,Humid Chaco,Paraguay,-58.246002,-23.377685,4.0,False,1,4265,service,1026.0755415121887
5564.0,2014-12-14 10:01:00,-58.245288,-23.378052,Panthera onca,670292B,10,Humid Chaco,Paraguay,-58.245288,-23.378052,1.9833333333333332,False,1,4265,service,1021.5525058896035
5565.0,2014-12-15 00:03:00,-58.245251,-23.377513,Panthera onca,670292B,10,Humid Chaco,Paraguay,-58.245251,-23.377513,14.033333333333331,False,1,4265,service,1076.1659970071723
5566.0,2014-12-15 01:06:00,-58.244447,-23.377859,Panthera onca,670292B,10,Humid Chaco,Paraguay,-58.244447,-23.377859,1.05,False,1,4265,service,1083.154012672898
5567.0,2014-12-15 02:01:00,-58.244326,-23.377543,Panthera onca,670292B,10,Humid Chaco,Paraguay,-58.244326,-23.377543,0.9166666666666666,False,1,4265,service,1119.4356813320371
5568.0,2014-12-15 04:00:00,-58.244342,-23.3778,Panthera onca,670292B,10,Humid Chaco,Paraguay,-58.244342,-23.3778,1.9833333333333332,False,1,4265,service,1094.3775486801608
5569.0,2014-12-15 06:03:00,-58.23876,-23.374763,Panthera onca,670292B,10,Humid Chaco,Paraguay,-58.23876,-23.374763,2.05,False,1,4263,track,1074.8539443328104
5570.0,2014-12-15 08:03:00,-58.232135,-23.378507,Panthera onca,670292B,10,Humid Chaco,Paraguay,-58.232135,-23.378507,2.0,False,1,4264,service,831.2191019990003
5571.0,2014-12-15 10:03:00,-58.216817,-23.378697,Panthera onca,670292B,10,Humid Chaco,Paraguay,-58.216817,-23.378697,2.0,False,1,4264,service,500.6851459625511
5572.0,2014-12-16 00:02:00,-58.209075,-23.374154,Panthera onca,670292B,10,Humid Chaco,Paraguay,-58.209075,-23.374154,13.983333333333333,False,1,4261,service,593.8549748881541
5573.0,2014-12-16 00:35:00,-58.209104,-23.373543,Panthera onca,670292B,10,Humid Chaco,Paraguay,-58.209104,-23.373543,0.55,False,1,4261,service,540.7171381382462
5574.0,2014-12-16 01:07:00,-58.209044,-23.37388,Panthera onca,670292B,10,Humid Chaco,Paraguay,-58.209044,-23.37388,0.5333333333333333,False,1,4261,service,572.5996494985105
5575.0,2014-12-16 02:01:00,-58.209108,-23.373962,Panthera onca,670292B,10,Humid Chaco,Paraguay,-58.209108,-23.373962,0.9,False,1,4261,service,575.2726795422935
5576.0,2014-12-16 04:01:00,-58.209042,-23.373884,Panthera onca,670292B,10,Humid Chaco,Paraguay,-58.209042,-23.373884,2.0,False,1,4261,service,573.0681658153509
5577.0,2014-12-16 06:02:00,-58.21328,-23.379859,Panthera onca,670292B,10,Humid Chaco,Paraguay,-58.21328,-23.379859,2.0166666666666666,False,1,4264,service,883.3992523003535
5578.0,2014-12-16 08:03:00,-58.212058,-23.391113,Panthera onca,670292B,10,Humid Chaco,Paraguay,-58.212058,-23.391113,2.0166666666666666,False,1,4277,service,925.3069099122637
5579.0,2014-12-16 10:01:00,-58.209573,-23.392265,Panthera onca,670292B,10,Humid Chaco,Paraguay,-58.209573,-23.392265,1.9666666666666663,False,1,4277,service,954.0310432030857
5580.0,2014-12-16 22:02:00,-58.214257,-23.394826,Panthera onca,670292B,10,Humid Chaco,Paraguay,-58.214257,-23.394826,12.016666666666667,False,1,4277,service,457.09610559067994
5581.0,2014-12-17 02:02:00,-58.224431,-23.402451,Panthera onca,670292B,10,Humid Chaco,Paraguay,-58.224431,-23.402451,4.0,False,1,4277,service,596.4347155445165
5582.0,2014-12-17 04:02:00,-58.21568,-23.39557,Panthera onca,670292B,10,Humid Chaco,Paraguay,-58.21568,-23.39557,2.0,False,1,4277,service,318.02110672020075
5583.0,2014-12-17 08:03:00,-58.220766,-23.397704,Panthera onca,670292B,10,Humid Chaco,Paraguay,-58.220766,-23.397704,4.016666666666667,False,1,4277,service,78.96591298524628
5584.0,2014-12-17 10:03:00,-58.217757,-23.402521,Panthera onca,670292B,10,Humid Chaco,Paraguay,-58.217757,-23.402521,2.0,False,1,4277,service,286.12983918804827
5585.0,2014-12-17 22:03:00,-58.213638,-23.398048,Panthera onca,670292B,10,Humid Chaco,Paraguay,-58.213638,-23.398048,12.0,False,1,4277,service,296.72372467196254
5586.0,2014-12-18 00:02:00,-58.217353,-23.394694,Panthera onca,670292B,10,Humid Chaco,Paraguay,-58.217353,-23.394694,1.9833333333333332,False,1,4277,service,354.4095296526914
5587.0,2014-12-18 08:03:00,-58.208648,-23.399056,Panthera onca,670292B,10,Humid Chaco,Paraguay,-58.208648,-23.399056,8.016666666666667,False,1,4277,service,201.48483704631263
5588.0,2014-12-18 22:02:00,-58.209006,-23.398815,Panthera onca,670292B,10,Humid Chaco,Paraguay,-58.209006,-23.398815,13.983333333333333,False,1,4277,service,236.37352778934255
5589.0,2014-12-19 00:03:00,-58.204789,-23.400708,Panthera onca,670292B,10,Humid Chaco,Paraguay,-58.204789,-23.400708,2.0166666666666666,False,1,4277,service,3.615972352597715
5590.0,2014-12-19 02:01:00,-58.208147,-23.396677,Panthera onca,670292B,10,Humid Chaco,Paraguay,-58.208147,-23.396677,1.9666666666666663,False,1,4277,service,447.21558881578386
5591.0,2014-12-19 04:01:00,-58.209023,-23.398753,Panthera onca,670292B,10,Humid Chaco,Paraguay,-58.209023,-23.398753,2.0,False,1,4277,service,243.45497159586347
5592.0,2014-12-19 06:03:00,-58.208482,-23.399101,Panthera onca,670292B,10,Humid Chaco,Paraguay,-58.208482,-23.399101,2.033333333333333,False,1,4277,service,192.4695992975405
5593.0,2014-12-20 04:03:00,-58.216656,-23.398481,Panthera onca,670292B,10,Humid Chaco,Paraguay,-58.216656,-23.398481,22.0,False,1,4277,service,9.813166944800725
5594.0,2014-12-20 06:03:00,-58.217103,-23.398136,Panthera onca,670292B,10,Humid Chaco,Paraguay,-58.217103,-23.398136,2.0,False,1,4277,service,0.5894479458710244
5595.0,2014-12-20 08:02:00,-58.238349,-23.399898,Panthera onca,670292B,10,Humid Chaco,Paraguay,-58.238349,-23.399898,1.9833333333333332,False,1,4299,track,367.00202912141515
5596.0,2014-12-20 10:02:00,-58.249803,-23.390983,Panthera onca,670292B,10,Humid Chaco,Paraguay,-58.249803,-23.390983,2.0,False,1,4265,service,438.42906416041143
5597.0,2014-12-21 04:01:00,-58.246557,-23.388538,Panthera onca,670292B,10,Humid Chaco,Paraguay,-58.246557,-23.388538,17.983333333333334,False,1,4307,path,37.56347333857293
5598.0,2014-12-21 06:03:00,-58.242465,-23.383055,Panthera onca,670292B,10,Humid Chaco,Paraguay,-58.242465,-23.383055,2.033333333333333,False,1,4265,service,625.3646053089174
5599.0,2014-12-21 08:00:00,-58.244229,-23.378183,Panthera onca,670292B,10,Humid Chaco,Paraguay,-58.244229,-23.378183,1.95,False,1,4265,service,1065.0328115565992
5600.0,2014-12-21 10:02:00,-58.244245,-23.378168,Panthera onca,670292B,10,Humid Chaco,Paraguay,-58.244245,-23.378168,2.033333333333333,False,1,4265,service,1065.5239053363061
5601.0,2014-12-21 22:02:00,-58.244287,-23.378263,Panthera onca,670292B,10,Humid Chaco,Paraguay,-58.244287,-23.378263,12.0,False,1,4265,service,1054.3742785374202
5602.0,2014-12-22 00:03:00,-58.229908,-23.378741,Panthera onca,670292B,10,Humid Chaco,Paraguay,-58.229908,-23.378741,2.0166666666666666,False,1,4264,service,632.7536306683378
5603.0,2014-12-22 02:03:00,-58.231592,-23.376651,Panthera onca,670292B,10,Humid Chaco,Paraguay,-58.231592,-23.376651,2.0,False,1,4264,service,908.8798882216045
5604.0,2014-12-22 04:02:00,-58.228343,-23.379434,Panthera onca,670292B,10,Humid Chaco,Paraguay,-58.228343,-23.379434,1.9833333333333332,False,1,4264,service,458.56549940706816
5605.0,2014-12-22 04:33:00,-58.224178,-23.379999,Panthera onca,670292B,10,Humid Chaco,Paraguay,-58.224178,-23.379999,0.5166666666666667,False,1,4264,service,79.39190075231154
5606.0,2014-12-22 05:04:00,-58.224643,-23.379879,Panthera onca,670292B,10,Humid Chaco,Paraguay,-58.224643,-23.379879,0.5166666666666667,False,1,4264,service,125.47999290285254
5607.0,2014-12-22 06:01:00,-58.222254,-23.382138,Panthera onca,670292B,10,Humid Chaco,Paraguay,-58.222254,-23.382138,0.95,False,1,4264,service,219.65993177236678
5608.0,2014-12-22 08:03:00,-58.223112,-23.387891,Panthera onca,670292B,10,Humid Chaco,Paraguay,-58.223112,-23.387891,2.033333333333333,False,1,4264,service,511.3300585716827
5609.0,2014-12-22 10:03:00,-58.217902,-23.390346,Panthera onca,670292B,10,Humid Chaco,Paraguay,-58.217902,-23.390346,2.0,False,1,4277,service,785.4285136845523
5610.0,2014-12-23 02:03:00,-58.215315,-23.395603,Panthera onca,670292B,10,Humid Chaco,Paraguay,-58.215315,-23.395603,16.0,False,1,4277,service,330.30052483837005
5611.0,2014-12-23 06:01:00,-58.215649,-23.396254,Panthera onca,670292B,10,Humid Chaco,Paraguay,-58.215649,-23.396254,3.966666666666667,False,1,4277,service,250.54859627377522
5612.0,2014-12-23 10:00:00,-58.216295,-23.397243,Panthera onca,670292B,10,Humid Chaco,Paraguay,-58.216295,-23.397243,3.983333333333333,False,1,4277,service,123.46684611548226
5613.0,2014-12-23 22:03:00,-58.21411,-23.395597,Panthera onca,670292B,10,Humid Chaco,Paraguay,-58.21411,-23.395597,12.05,False,1,4277,service,396.61611435815524
5614.0,2014-12-24 04:01:00,-58.215148,-23.395876,Panthera onca,670292B,10,Humid Chaco,Paraguay,-58.215148,-23.395876,5.966666666666667,False,1,4277,service,310.74366638890353
5615.0,2014-12-24 08:03:00,-58.215319,-23.395541,Panthera onca,670292B,10,Humid Chaco,Paraguay,-58.215319,-23.395541,4.033333333333333,False,1,4277,service,336.3656027787095
5616.0,2014-12-24 10:03:00,-58.215285,-23.396706,Panthera onca,670292B,10,Humid Chaco,Paraguay,-58.215285,-23.396706,2.0,False,1,4277,service,225.69704258590775
5617.0,2014-12-25 00:01:00,-58.215734,-23.396912,Panthera onca,670292B,10,Humid Chaco,Paraguay,-58.215734,-23.396912,13.966666666666669,False,1,4277,service,181.3850728904739
5618.0,2014-12-25 06:03:00,-58.217643,-23.394611,Panthera onca,670292B,10,Humid Chaco,Paraguay,-58.217643,-23.394611,6.033333333333333,False,1,4277,service,353.828185414778
5619.0,2014-12-25 08:03:00,-58.217319,-23.395607,Panthera onca,670292B,10,Humid Chaco,Paraguay,-58.217319,-23.395607,2.0,False,1,4277,service,259.5208215063704
5620.0,2014-12-25 10:03:00,-58.218374,-23.383576,Panthera onca,670292B,10,Humid Chaco,Paraguay,-58.218374,-23.383576,2.0,False,1,4264,service,633.0290991750009
5621.0,2014-12-26 00:02:00,-58.224114,-23.384003,Panthera onca,670292B,10,Humid Chaco,Paraguay,-58.224114,-23.384003,13.983333333333333,False,1,4264,service,189.36534256276713
5622.0,2014-12-26 00:35:00,-58.225741,-23.388301,Panthera onca,670292B,10,Humid Chaco,Paraguay,-58.225741,-23.388301,0.55,False,1,4264,service,369.7660136239004
5623.0,2014-12-26 04:02:00,-58.22524,-23.388172,Panthera onca,670292B,10,Humid Chaco,Paraguay,-58.22524,-23.388172,3.45,False,1,4264,service,384.3066324275126
5624.0,2014-12-26 06:03:00,-58.225016,-23.387867,Panthera onca,670292B,10,Humid Chaco,Paraguay,-58.225016,-23.387867,2.0166666666666666,False,1,4264,service,369.1108316937544
5625.0,2014-12-26 08:03:00,-58.225529,-23.390378,Panthera onca,670292B,10,Humid Chaco,Paraguay,-58.225529,-23.390378,2.0,False,1,4277,service,411.3658318970082
5626.0,2014-12-26 10:01:00,-58.222303,-23.383499,Panthera onca,670292B,10,Humid Chaco,Paraguay,-58.222303,-23.383499,1.9666666666666663,False,1,4264,service,305.4239904480444
5627.0,2014-12-26 22:02:00,-58.222449,-23.384241,Panthera onca,670292B,10,Humid Chaco,Paraguay,-58.222449,-23.384241,12.016666666666667,False,1,4264,service,342.3897023847384
5628.0,2014-12-27 00:02:00,-58.225228,-23.388273,Panthera onca,670292B,10,Humid Chaco,Paraguay,-58.225228,-23.388273,2.0,False,1,4264,service,394.3905840506469
5629.0,2014-12-27 00:31:00,-58.226027,-23.388828,Panthera onca,670292B,10,Humid Chaco,Paraguay,-58.226027,-23.388828,0.4833333333333333,False,1,4277,service,382.8562731175635
5630.0,2014-12-27 00:58:00,-58.223877,-23.389054,Panthera onca,670292B,10,Humid Chaco,Paraguay,-58.223877,-23.389054,0.45,False,1,4264,service,544.2543034544233
5631.0,2014-12-27 02:00:00,-58.22508,-23.388073,Panthera onca,670292B,10,Humid Chaco,Paraguay,-58.22508,-23.388073,1.0333333333333334,False,1,4264,service,383.96822307387527
5632.0,2014-12-27 04:03:00,-58.225221,-23.387165,Panthera onca,670292B,10,Humid Chaco,Paraguay,-58.225221,-23.387165,2.05,False,1,4264,service,295.72890203526913
5633.0,2014-12-27 06:00:00,-58.225167,-23.388238,Panthera onca,670292B,10,Humid Chaco,Paraguay,-58.225167,-23.388238,1.95,False,1,4264,service,394.4822274914058
5634.0,2014-12-27 08:02:00,-58.225202,-23.388263,Panthera onca,670292B,10,Humid Chaco,Paraguay,-58.225202,-23.388263,2.033333333333333,False,1,4264,service,394.8885075754013
5635.0,2014-12-27 10:03:00,-58.223936,-23.385831,Panthera onca,670292B,10,Humid Chaco,Paraguay,-58.223936,-23.385831,2.0166666666666666,False,1,4264,service,319.1196049776118
5636.0,2014-12-27 22:02:00,-58.222187,-23.383701,Panthera onca,670292B,10,Humid Chaco,Paraguay,-58.222187,-23.383701,11.983333333333333,False,1,4264,service,328.2722770316345
5637.0,2014-12-28 00:03:00,-58.222163,-23.381804,Panthera onca,670292B,10,Humid Chaco,Paraguay,-58.222163,-23.381804,2.0166666666666666,False,1,4264,service,205.09575208040314
5638.0,2014-12-28 02:01:00,-58.225867,-23.388906,Panthera onca,670292B,10,Humid Chaco,Paraguay,-58.225867,-23.388906,1.9666666666666663,False,1,4277,service,399.13599874627363
5639.0,2014-12-28 04:00:00,-58.225852,-23.388919,Panthera onca,670292B,10,Humid Chaco,Paraguay,-58.225852,-23.388919,1.9833333333333332,False,1,4277,service,400.6569303244127
5640.0,2014-12-28 06:00:00,-58.225868,-23.388867,Panthera onca,670292B,10,Humid Chaco,Paraguay,-58.225868,-23.388867,2.0,False,1,4277,service,399.07008231887903
5641.0,2014-12-28 08:03:00,-58.222912,-23.384091,Panthera onca,670292B,10,Humid Chaco,Paraguay,-58.222912,-23.384091,2.05,False,1,4264,service,294.4876947575219
5642.0,2014-12-28 22:03:00,-58.22295,-23.384006,Panthera onca,670292B,10,Humid Chaco,Paraguay,-58.22295,-23.384006,14.0,False,1,4264,service,285.7608210638979
5643.0,2014-12-29 00:01:00,-58.225546,-23.386402,Panthera onca,670292B,10,Humid Chaco,Paraguay,-58.225546,-23.386402,1.9666666666666663,False,1,4264,service,213.4215171588274
5644.0,2014-12-29 02:01:00,-58.220837,-23.396415,Panthera onca,670292B,10,Humid Chaco,Paraguay,-58.220837,-23.396415,2.0,False,1,4277,service,51.88851106228984
5645.0,2014-12-29 04:01:00,-58.210822,-23.401726,Panthera onca,670292B,10,Humid Chaco,Paraguay,-58.210822,-23.401726,2.0,False,1,4277,service,23.453776795062304
5646.0,2014-12-29 06:01:00,-58.212564,-23.40208,Panthera onca,670292B,10,Humid Chaco,Paraguay,-58.212564,-23.40208,2.0,False,1,4277,service,6.044774540606441
5647.0,2014-12-29 08:03:00,-58.221248,-23.390012,Panthera onca,670292B,10,Humid Chaco,Paraguay,-58.221248,-23.390012,2.033333333333333,False,1,4277,service,749.8760095967856
5648.0,2014-12-29 10:00:00,-58.222255,-23.383826,Panthera onca,670292B,10,Humid Chaco,Paraguay,-58.222255,-23.383826,1.95,False,1,4264,service,330.9366850544623
5649.0,2014-12-30 00:02:00,-58.220979,-23.375283,Panthera onca,670292B,10,Humid Chaco,Paraguay,-58.220979,-23.375283,14.033333333333331,False,1,4264,service,41.03571126664613
5650.0,2014-12-30 00:31:00,-58.216773,-23.371518,Panthera onca,670292B,10,Humid Chaco,Paraguay,-58.216773,-23.371518,0.4833333333333333,False,1,4261,service,41.023651177988846
5651.0,2014-12-30 01:01:00,-58.216958,-23.371468,Panthera onca,670292B,10,Humid Chaco,Paraguay,-58.216958,-23.371468,0.5,False,1,4261,service,52.9499886061296
5652.0,2014-12-30 02:03:00,-58.221766,-23.368982,Panthera onca,670292B,10,Humid Chaco,Paraguay,-58.221766,-23.368982,1.0333333333333334,False,1,4261,service,6.663589740916209
5653.0,2014-12-30 04:01:00,-58.222922,-23.36417,Panthera onca,670292B,10,Humid Chaco,Paraguay,-58.222922,-23.36417,1.9666666666666663,False,1,4261,service,320.83721869912944
5654.0,2014-12-30 06:03:00,-58.222567,-23.364353,Panthera onca,670292B,10,Humid Chaco,Paraguay,-58.222567,-23.364353,2.033333333333333,False,1,4261,service,329.22906678636235
5655.0,2014-12-31 00:01:00,-58.221654,-23.368879,Panthera onca,670292B,10,Humid Chaco,Paraguay,-58.221654,-23.368879,17.966666666666665,False,1,4261,service,9.44214849286762
5656.0,2014-12-31 00:34:00,-58.216877,-23.374173,Panthera onca,670292B,10,Humid Chaco,Paraguay,-58.216877,-23.374173,0.55,False,1,4264,service,226.29010730150108
5657.0,2014-12-31 02:03:00,-58.205584,-23.391682,Panthera onca,670292B,10,Humid Chaco,Paraguay,-58.205584,-23.391682,1.4833333333333334,False,1,4277,service,991.272044816457
5658.0,2014-12-31 08:01:00,-58.201033,-23.396955,Panthera onca,670292B,10,Humid Chaco,Paraguay,-58.201033,-23.396955,5.966666666666667,False,1,4277,service,359.4542675618985
5659.0,2014-12-31 10:03:00,-58.207272,-23.389665,Panthera onca,670292B,10,Humid Chaco,Paraguay,-58.207272,-23.389665,2.033333333333333,False,1,4277,service,1215.319196638928
5660.0,2014-12-31 22:02:00,-58.222339,-23.383721,Panthera onca,670292B,10,Humid Chaco,Paraguay,-58.222339,-23.383721,11.983333333333333,False,1,4264,service,317.1143864902556
5661.0,2015-01-01 00:01:00,-58.22229,-23.383833,Panthera onca,670292B,10,Humid Chaco,Paraguay,-58.22229,-23.383833,1.9833333333333332,False,1,4264,service,328.52541976251337
5662.0,2015-01-01 02:01:00,-58.222328,-23.383895,Panthera onca,670292B,10,Humid Chaco,Paraguay,-58.222328,-23.383895,2.0,False,1,4264,service,329.4962956410857
5663.0,2015-01-01 04:02:00,-58.216519,-23.384731,Panthera onca,670292B,10,Humid Chaco,Paraguay,-58.216519,-23.384731,2.0166666666666666,False,1,4264,service,861.4974133524223
5664.0,2015-01-01 06:03:00,-58.211067,-23.385117,Panthera onca,670292B,10,Humid Chaco,Paraguay,-58.211067,-23.385117,2.0166666666666666,False,1,4264,service,1341.9916464009752
5665.0,2015-01-01 08:02:00,-58.211294,-23.38459,Panthera onca,670292B,10,Humid Chaco,Paraguay,-58.211294,-23.38459,1.9833333333333332,False,1,4264,service,1291.1512897123819
5666.0,2015-01-01 10:03:00,-58.217998,-23.38453,Panthera onca,670292B,10,Humid Chaco,Paraguay,-58.217998,-23.38453,2.0166666666666666,False,1,4264,service,726.828330294693
5667.0,2015-01-02 00:03:00,-58.224436,-23.383646,Panthera onca,670292B,10,Humid Chaco,Paraguay,-58.224436,-23.383646,14.0,False,1,4264,service,139.75908561950484
5668.0,2015-01-02 00:35:00,-58.224534,-23.38337,Panthera onca,670292B,10,Humid Chaco,Paraguay,-58.224534,-23.38337,0.5333333333333333,False,1,4264,service,113.77693626888214
5669.0,2015-01-02 02:01:00,-58.224469,-23.383467,Panthera onca,670292B,10,Humid Chaco,Paraguay,-58.224469,-23.383467,1.4333333333333331,False,1,4264,service,125.51189761115869
5670.0,2015-01-02 04:00:00,-58.224438,-23.383501,Panthera onca,670292B,10,Humid Chaco,Paraguay,-58.224438,-23.383501,1.9833333333333332,False,1,4264,service,130.29964761355725
5671.0,2015-01-02 08:02:00,-58.223378,-23.383851,Panthera onca,670292B,10,Humid Chaco,Paraguay,-58.223378,-23.383851,4.033333333333333,False,1,4264,service,240.40197693596602
5672.0,2015-01-02 22:03:00,-58.225821,-23.38851,Panthera onca,670292B,10,Humid Chaco,Paraguay,-58.225821,-23.38851,14.016666666666667,False,1,4264,service,386.67055649183175
5673.0,2015-01-03 00:02:00,-58.22042,-23.372595,Panthera onca,670292B,10,Humid Chaco,Paraguay,-58.22042,-23.372595,1.9833333333333332,False,1,4264,service,120.76825754621386
5674.0,2015-01-03 06:03:00,-58.222493,-23.375104,Panthera onca,670292B,10,Humid Chaco,Paraguay,-58.222493,-23.375104,6.016666666666667,False,1,4264,service,190.644106049001
5675.0,2015-01-03 22:02:00,-58.22238,-23.384142,Panthera onca,670292B,10,Humid Chaco,Paraguay,-58.22238,-23.384142,15.983333333333333,False,1,4264,service,341.52258700578807
5676.0,2015-01-04 06:01:00,-58.222199,-23.383792,Panthera onca,670292B,10,Humid Chaco,Paraguay,-58.222199,-23.383792,7.983333333333333,False,1,4264,service,333.2905752573564
5677.0,2015-01-04 08:01:00,-58.222228,-23.383767,Panthera onca,670292B,10,Humid Chaco,Paraguay,-58.222228,-23.383767,2.0,False,1,4264,service,329.26076472684304
5678.0,2015-01-04 10:00:00,-58.222363,-23.383137,Panthera onca,670292B,10,Humid Chaco,Paraguay,-58.222363,-23.383137,1.9833333333333332,False,1,4264,service,276.6172431550839
5679.0,2015-01-05 00:03:00,-58.222303,-23.38392,Panthera onca,670292B,10,Humid Chaco,Paraguay,-58.222303,-23.38392,14.05,False,1,4264,service,333.1977547368315
5680.0,2015-01-05 02:02:00,-58.222282,-23.383822,Panthera onca,670292B,10,Humid Chaco,Paraguay,-58.222282,-23.383822,1.9833333333333332,False,1,4264,service,328.45643932388106
5681.0,2015-01-05 04:01:00,-58.222204,-23.383816,Panthera onca,670292B,10,Humid Chaco,Paraguay,-58.222204,-23.383816,1.9833333333333332,False,1,4264,service,334.4634386570642
5682.0,2015-01-05 08:03:00,-58.222434,-23.383727,Panthera onca,670292B,10,Humid Chaco,Paraguay,-58.222434,-23.383727,4.033333333333333,False,1,4264,service,309.71189988809914
5683.0,2015-01-06 00:33:00,-58.222472,-23.383843,Panthera onca,670292B,10,Humid Chaco,Paraguay,-58.222472,-23.383843,16.5,False,1,4264,service,314.2452174105727
5684.0,2015-01-06 02:03:00,-58.222523,-23.384093,Panthera onca,670292B,10,Humid Chaco,Paraguay,-58.222523,-23.384093,1.5,False,1,4264,service,326.551532669955
5685.0,2015-01-06 04:03:00,-58.221379,-23.383711,Panthera onca,670292B,10,Humid Chaco,Paraguay,-58.221379,-23.383711,2.0,False,1,4264,service,395.25888587140173
5686.0,2015-01-07 00:03:00,-58.222407,-23.383132,Panthera onca,670292B,10,Humid Chaco,Paraguay,-58.222407,-23.383132,20.0,False,1,4264,service,272.67552175212467
5687.0,2015-01-07 02:03:00,-58.222429,-23.383862,Panthera onca,670292B,10,Humid Chaco,Paraguay,-58.222429,-23.383862,2.0,False,1,4264,service,319.02842500646483
5688.0,2015-01-07 06:03:00,-58.221126,-23.382859,Panthera onca,670292B,10,Humid Chaco,Paraguay,-58.221126,-23.382859,4.0,False,1,4264,service,359.8205540773627
5689.0,2015-01-07 10:03:00,-58.222465,-23.383769,Panthera onca,670292B,10,Humid Chaco,Paraguay,-58.222465,-23.383769,4.0,False,1,4264,service,309.9379719389302
5690.0,2015-01-07 22:02:00,-58.21837,-23.382452,Panthera onca,670292B,10,Humid Chaco,Paraguay,-58.21837,-23.382452,11.983333333333333,False,1,4264,service,560.3294080443019
5691.0,2015-01-08 00:03:00,-58.223293,-23.383489,Panthera onca,670292B,10,Humid Chaco,Paraguay,-58.223293,-23.383489,2.0166666666666666,False,1,4264,service,223.4976688570764
5692.0,2015-01-08 00:36:00,-58.22312,-23.38378,Panthera onca,670292B,10,Humid Chaco,Paraguay,-58.22312,-23.38378,0.55,False,1,4264,service,256.8964693015288
5693.0,2015-01-08 02:03:00,-58.222026,-23.384359,Panthera onca,670292B,10,Humid Chaco,Paraguay,-58.222026,-23.384359,1.45,False,1,4264,service,384.8971531062088
5694.0,2015-01-08 04:01:00,-58.221494,-23.383381,Panthera onca,670292B,10,Humid Chaco,Paraguay,-58.221494,-23.383381,1.9666666666666663,False,1,4264,service,364.0485421856561
5695.0,2015-01-08 06:02:00,-58.22139,-23.383162,Panthera onca,670292B,10,Humid Chaco,Paraguay,-58.22139,-23.383162,2.0166666666666666,False,1,4264,service,358.1381998403813
5696.0,2015-01-08 08:03:00,-58.221275,-23.383082,Panthera onca,670292B,10,Humid Chaco,Paraguay,-58.221275,-23.383082,2.0166666666666666,False,1,4264,service,362.30073085848517
5697.0,2015-01-08 08:34:00,-58.220142,-23.38029,Panthera onca,670292B,10,Humid Chaco,Paraguay,-58.220142,-23.38029,0.5166666666666667,False,1,4264,service,274.83660241393727
5698.0,2015-01-08 09:05:00,-58.220013,-23.381618,Panthera onca,670292B,10,Humid Chaco,Paraguay,-58.220013,-23.381618,0.5166666666666667,False,1,4264,service,369.76076558054194
5699.0,2015-01-08 22:02:00,-58.206639,-23.379456,Panthera onca,670292B,10,Humid Chaco,Paraguay,-58.206639,-23.379456,12.95,False,1,4261,service,1217.2325829311449
5700.0,2015-01-09 02:03:00,-58.219299,-23.371597,Panthera onca,670292B,10,Humid Chaco,Paraguay,-58.219299,-23.371597,4.016666666666667,False,1,4261,service,63.61141398280947
5701.0,2015-01-09 04:02:00,-58.221939,-23.381871,Panthera onca,670292B,10,Humid Chaco,Paraguay,-58.221939,-23.381871,1.9833333333333332,False,1,4264,service,227.90368829430307
5702.0,2015-01-09 06:03:00,-58.22157,-23.383493,Panthera onca,670292B,10,Humid Chaco,Paraguay,-58.22157,-23.383493,2.0166666666666666,False,1,4264,service,365.19854123566915
5703.0,2015-01-09 08:03:00,-58.2226,-23.383877,Panthera onca,670292B,10,Humid Chaco,Paraguay,-58.2226,-23.383877,2.0,False,1,4264,service,305.98105310862223
5704.0,2015-01-09 10:03:00,-58.218607,-23.377121,Panthera onca,670292B,10,Humid Chaco,Paraguay,-58.218607,-23.377121,2.0,False,1,4264,service,262.894527725551
5705.0,2015-01-10 02:03:00,-58.209093,-23.373383,Panthera onca,670292B,10,Humid Chaco,Paraguay,-58.209093,-23.373383,16.0,False,1,4261,service,528.3756796556288
5706.0,2015-01-10 06:03:00,-58.209,-23.373699,Panthera onca,670292B,10,Humid Chaco,Paraguay,-58.209,-23.373699,4.0,False,1,4261,service,560.6458917702842
5707.0,2015-01-10 08:03:00,-58.22096,-23.380642,Panthera onca,670292B,10,Humid Chaco,Paraguay,-58.22096,-23.380642,2.0,False,1,4264,service,228.54979266547443
5708.0,2015-01-10 10:03:00,-58.221609,-23.380691,Panthera onca,670292B,10,Humid Chaco,Paraguay,-58.221609,-23.380691,2.0,False,1,4264,service,177.2415815898028
5709.0,2015-01-11 00:36:00,-58.223644,-23.384422,Panthera onca,670292B,10,Humid Chaco,Paraguay,-58.223644,-23.384422,14.55,False,1,4264,service,255.3062547209662
5710.0,2015-01-11 02:03:00,-58.223021,-23.384358,Panthera onca,670292B,10,Humid Chaco,Paraguay,-58.223021,-23.384358,1.45,False,1,4264,service,303.15457523513686
5711.0,2015-01-11 04:03:00,-58.226981,-23.383642,Panthera onca,670292B,10,Humid Chaco,Paraguay,-58.226981,-23.383642,2.0,False,1,4264,service,73.86200952205874
5712.0,2015-01-11 06:03:00,-58.227963,-23.374997,Panthera onca,670292B,10,Humid Chaco,Paraguay,-58.227963,-23.374997,2.0,False,1,4264,service,707.0703630391354
5713.0,2015-01-11 08:03:00,-58.227351,-23.373725,Panthera onca,670292B,10,Humid Chaco,Paraguay,-58.227351,-23.373725,2.0,False,1,4264,service,706.6218579055092
5714.0,2015-01-11 10:01:00,-58.22375,-23.364432,Panthera onca,670292B,10,Humid Chaco,Paraguay,-58.22375,-23.364432,1.9666666666666663,False,1,4261,service,243.54944189046356
5715.0,2015-01-11 22:01:00,-58.223352,-23.364105,Panthera onca,670292B,10,Humid Chaco,Paraguay,-58.223352,-23.364105,12.0,False,1,4261,service,297.54615701759
5716.0,2015-01-12 00:03:00,-58.223341,-23.362712,Panthera onca,670292B,10,Humid Chaco,Paraguay,-58.223341,-23.362712,2.033333333333333,False,1,4261,service,414.9954978919717
5717.0,2015-01-12 02:03:00,-58.227597,-23.373558,Panthera onca,670292B,10,Humid Chaco,Paraguay,-58.227597,-23.373558,2.0,False,1,4264,service,737.0888378513463
5718.0,2015-01-12 04:01:00,-58.223407,-23.38158,Panthera onca,670292B,10,Humid Chaco,Paraguay,-58.223407,-23.38158,1.9666666666666663,False,1,4264,service,88.19994644399004
5719.0,2015-01-12 06:00:00,-58.22342,-23.381458,Panthera onca,670292B,10,Humid Chaco,Paraguay,-58.22342,-23.381458,1.9833333333333332,False,1,4264,service,79.08426572696239
5720.0,2015-01-12 08:03:00,-58.218997,-23.376786,Panthera onca,670292B,10,Humid Chaco,Paraguay,-58.218997,-23.376786,2.05,False,1,4264,service,211.45885548275947
5721.0,2015-01-12 10:02:00,-58.215285,-23.379775,Panthera onca,670292B,10,Humid Chaco,Paraguay,-58.215285,-23.379775,1.9833333333333332,False,1,4264,service,692.1083770971671
5722.0,2015-01-13 02:02:00,-58.209082,-23.373551,Panthera onca,670292B,10,Humid Chaco,Paraguay,-58.209082,-23.373551,16.0,False,1,4261,service,542.8861928444273
5723.0,2015-01-13 04:03:00,-58.211087,-23.373464,Panthera onca,670292B,10,Humid Chaco,Paraguay,-58.211087,-23.373464,2.0166666666666666,False,1,4261,service,412.9333093127796
5724.0,2015-01-13 06:03:00,-58.209022,-23.373386,Panthera onca,670292B,10,Humid Chaco,Paraguay,-58.209022,-23.373386,2.0,False,1,4261,service,533.5077901706118
5725.0,2015-01-13 08:02:00,-58.209023,-23.373379,Panthera onca,670292B,10,Humid Chaco,Paraguay,-58.209023,-23.373379,1.9833333333333332,False,1,4261,service,532.8659059379349
5726.0,2015-01-13 22:02:00,-58.209324,-23.373819,Panthera onca,670292B,10,Humid Chaco,Paraguay,-58.209324,-23.373819,14.0,False,1,4261,service,549.0092599129666
5727.0,2015-01-14 00:03:00,-58.209306,-23.373807,Panthera onca,670292B,10,Humid Chaco,Paraguay,-58.209306,-23.373807,2.0166666666666666,False,1,4261,service,549.1454049354593
5728.0,2015-01-14 02:03:00,-58.208826,-23.373169,Panthera onca,670292B,10,Humid Chaco,Paraguay,-58.208826,-23.373169,2.0,False,1,4261,service,529.2324941085097
5729.0,2015-01-14 04:02:00,-58.20883,-23.374399,Panthera onca,670292B,10,Humid Chaco,Paraguay,-58.20883,-23.374399,1.9833333333333332,False,1,4261,service,630.6937972476685
5730.0,2015-01-14 06:03:00,-58.207138,-23.374108,Panthera onca,670292B,10,Humid Chaco,Paraguay,-58.207138,-23.374108,2.0166666666666666,False,1,4261,service,722.2797015331379
5731.0,2015-01-14 08:03:00,-58.207907,-23.373282,Panthera onca,670292B,10,Humid Chaco,Paraguay,-58.207907,-23.373282,2.0,False,1,4261,service,601.7330544281897
5732.0,2015-01-14 08:33:00,-58.207957,-23.373257,Panthera onca,670292B,10,Humid Chaco,Paraguay,-58.207957,-23.373257,0.5,False,1,4261,service,596.2451882494768
5733.0,2015-01-14 09:05:00,-58.208001,-23.373558,Panthera onca,670292B,10,Humid Chaco,Paraguay,-58.208001,-23.373558,0.5333333333333333,False,1,4261,service,617.858316828166
5734.0,2015-01-14 22:03:00,-58.206776,-23.368771,Panthera onca,670292B,10,Humid Chaco,Paraguay,-58.206776,-23.368771,12.966666666666669,False,1,4261,service,310.189733244722
5735.0,2015-01-15 00:02:00,-58.225894,-23.365728,Panthera onca,670292B,10,Humid Chaco,Paraguay,-58.225894,-23.365728,1.9833333333333332,False,1,4261,service,8.322480759182874
5736.0,2015-01-15 02:03:00,-58.229125,-23.359908,Panthera onca,670292B,10,Humid Chaco,Paraguay,-58.229125,-23.359908,2.0166666666666666,False,1,4261,service,413.71328728235284
5737.0,2015-01-15 04:02:00,-58.229078,-23.359753,Panthera onca,670292B,10,Humid Chaco,Paraguay,-58.229078,-23.359753,1.9833333333333332,False,1,4261,service,431.48734021739
5738.0,2015-01-15 04:30:00,-58.227783,-23.358443,Panthera onca,670292B,10,Humid Chaco,Paraguay,-58.227783,-23.358443,0.4666666666666667,False,1,4261,service,612.8899054806359
5739.0,2015-01-15 04:58:00,-58.228518,-23.359775,Panthera onca,670292B,10,Humid Chaco,Paraguay,-58.228518,-23.359775,0.4666666666666667,False,1,4261,service,448.64723403280374
5740.0,2015-01-15 06:02:00,-58.228775,-23.35993,Panthera onca,670292B,10,Humid Chaco,Paraguay,-58.228775,-23.35993,1.0666666666666669,False,1,4261,service,423.57909758368
5741.0,2015-01-15 08:03:00,-58.246178,-23.361888,Panthera onca,670292B,10,Humid Chaco,Paraguay,-58.246178,-23.361888,2.0166666666666666,False,1,4263,track,188.75406946991438
5742.0,2015-01-15 10:02:00,-58.249191,-23.369983,Panthera onca,670292B,10,Humid Chaco,Paraguay,-58.249191,-23.369983,1.9833333333333332,False,1,4263,track,612.3110109030215
5743.0,2015-01-16 00:03:00,-58.257721,-23.36275,Panthera onca,670292B,10,Humid Chaco,Paraguay,-58.257721,-23.36275,14.016666666666667,False,1,4262,track,324.8435639888396
5744.0,2015-01-16 02:02:00,-58.267551,-23.371184,Panthera onca,670292B,10,Humid Chaco,Paraguay,-58.267551,-23.371184,1.9833333333333332,False,1,4265,service,1112.7071551215174
5745.0,2015-01-16 22:02:00,-58.267874,-23.375037,Panthera onca,670292B,10,Humid Chaco,Paraguay,-58.267874,-23.375037,20.0,False,1,4265,service,684.7977502119213
5746.0,2015-01-17 00:02:00,-58.261671,-23.369468,Panthera onca,670292B,10,Humid Chaco,Paraguay,-58.261671,-23.369468,2.0,False,1,4262,track,753.6778208503613
5747.0,2015-01-17 02:02:00,-58.254399,-23.391288,Panthera onca,670292B,10,Humid Chaco,Paraguay,-58.254399,-23.391288,2.0,False,1,4305,track,385.0084861457045
5748.0,2015-01-17 04:03:00,-58.248185,-23.390786,Panthera onca,670292B,10,Humid Chaco,Paraguay,-58.248185,-23.390786,2.0166666666666666,False,1,4307,path,315.142593794722
5749.0,2015-01-17 04:35:00,-58.24292,-23.388677,Panthera onca,670292B,10,Humid Chaco,Paraguay,-58.24292,-23.388677,0.5333333333333333,False,1,4265,service,9.980151274339903
5750.0,2015-01-17 06:03:00,-58.240411,-23.383736,Panthera onca,670292B,10,Humid Chaco,Paraguay,-58.240411,-23.383736,1.4666666666666666,False,1,4265,service,510.2388637276394
5751.0,2015-01-17 10:01:00,-58.241493,-23.3819,Panthera onca,670292B,10,Humid Chaco,Paraguay,-58.241493,-23.3819,3.966666666666667,False,1,4265,service,740.6319450951764
5752.0,2015-01-18 00:03:00,-58.238732,-23.387518,Panthera onca,670292B,10,Humid Chaco,Paraguay,-58.238732,-23.387518,14.033333333333331,False,1,4265,service,57.71989893042009
5753.0,2015-01-18 00:35:00,-58.238711,-23.387489,Panthera onca,670292B,10,Humid Chaco,Paraguay,-58.238711,-23.387489,0.5333333333333333,False,1,4265,service,59.830099577659624
5754.0,2015-01-18 02:02:00,-58.237267,-23.390863,Panthera onca,670292B,10,Humid Chaco,Paraguay,-58.237267,-23.390863,1.45,False,1,4265,service,278.16941689148985
5755.0,2015-01-18 06:02:00,-58.237868,-23.388968,Panthera onca,670292B,10,Humid Chaco,Paraguay,-58.237868,-23.388968,4.0,False,1,4265,service,124.61473843353531
5756.0,2015-01-18 10:03:00,-58.23894,-23.393748,Panthera onca,670292B,10,Humid Chaco,Paraguay,-58.23894,-23.393748,4.016666666666667,False,1,4306,path,250.26898239320192
5757.0,2015-01-18 22:00:00,-58.236648,-23.395314,Panthera onca,670292B,10,Humid Chaco,Paraguay,-58.236648,-23.395314,11.95,False,1,4299,track,251.72569459842543
5758.0,2015-01-19 00:03:00,-58.235908,-23.407095,Panthera onca,670292B,10,Humid Chaco,Paraguay,-58.235908,-23.407095,2.05,False,1,4299,track,179.08264035635094
5759.0,2015-01-19 02:02:00,-58.234638,-23.400197,Panthera onca,670292B,10,Humid Chaco,Paraguay,-58.234638,-23.400197,1.9833333333333332,False,1,4299,track,4.988551962397621
5760.0,2015-01-19 04:01:00,-58.23197,-23.396504,Panthera onca,670292B,10,Humid Chaco,Paraguay,-58.23197,-23.396504,1.9833333333333332,False,1,4299,track,214.06924362019424
5761.0,2015-01-19 06:00:00,-58.231831,-23.396776,Panthera onca,670292B,10,Humid Chaco,Paraguay,-58.231831,-23.396776,1.9833333333333332,False,1,4299,track,246.70605880114707
5762.0,2015-01-19 08:03:00,-58.228774,-23.397047,Panthera onca,670292B,10,Humid Chaco,Paraguay,-58.228774,-23.397047,2.05,False,1,4277,service,268.2200565943311
5763.0,2015-01-19 10:02:00,-58.220194,-23.402633,Panthera onca,670292B,10,Humid Chaco,Paraguay,-58.220194,-23.402633,1.9833333333333332,False,1,4277,service,512.7249632432078
5764.0,2015-01-19 22:03:00,-58.22504,-23.398923,Panthera onca,670292B,10,Humid Chaco,Paraguay,-58.22504,-23.398923,12.016666666666667,False,1,4277,service,220.29335195379866
5765.0,2015-01-20 00:31:00,-58.233099,-23.399337,Panthera onca,670292B,10,Humid Chaco,Paraguay,-58.233099,-23.399337,2.466666666666667,False,1,4299,track,132.08645792676444
5766.0,2015-01-20 02:02:00,-58.232995,-23.399641,Panthera onca,670292B,10,Humid Chaco,Paraguay,-58.232995,-23.399641,1.5166666666666666,False,1,4299,track,143.02723031184226
5767.0,2015-01-20 04:02:00,-58.232492,-23.398592,Panthera onca,670292B,10,Humid Chaco,Paraguay,-58.232492,-23.398592,2.0,False,1,4299,track,200.65223980505436
5768.0,2015-01-20 08:01:00,-58.23315,-23.399274,Panthera onca,670292B,10,Humid Chaco,Paraguay,-58.23315,-23.399274,3.983333333333333,False,1,4299,track,127.51688755726099
5769.0,2015-01-20 10:02:00,-58.233266,-23.399318,Panthera onca,670292B,10,Humid Chaco,Paraguay,-58.233266,-23.399318,2.0166666666666666,False,1,4299,track,115.27448468076516
5770.0,2015-01-21 00:03:00,-58.232164,-23.399054,Panthera onca,670292B,10,Humid Chaco,Paraguay,-58.232164,-23.399054,14.016666666666667,False,1,4299,track,230.05574763883791
5771.0,2015-01-21 02:02:00,-58.23347,-23.398938,Panthera onca,670292B,10,Humid Chaco,Paraguay,-58.23347,-23.398938,1.9833333333333332,False,1,4299,track,98.2313146318843
5772.0,2015-01-21 04:03:00,-58.240606,-23.392951,Panthera onca,670292B,10,Humid Chaco,Paraguay,-58.240606,-23.392951,2.0166666666666666,False,1,4306,path,85.37904586387965
5773.0,2015-01-21 06:01:00,-58.241431,-23.391584,Panthera onca,670292B,10,Humid Chaco,Paraguay,-58.241431,-23.391584,1.9666666666666663,False,1,4306,path,11.663818065007487
5774.0,2015-01-21 08:03:00,-58.242404,-23.382547,Panthera onca,670292B,10,Humid Chaco,Paraguay,-58.242404,-23.382547,2.033333333333333,False,1,4265,service,681.4598776083167
5775.0,2015-01-21 22:01:00,-58.235793,-23.379786,Panthera onca,670292B,10,Humid Chaco,Paraguay,-58.235793,-23.379786,13.966666666666669,False,1,4265,service,884.1533903429998
5776.0,2015-01-22 00:03:00,-58.231588,-23.385382,Panthera onca,670292B,10,Humid Chaco,Paraguay,-58.231588,-23.385382,2.033333333333333,False,1,4265,service,148.24897497308484
5777.0,2015-01-22 02:02:00,-58.225083,-23.377996,Panthera onca,670292B,10,Humid Chaco,Paraguay,-58.225083,-23.377996,1.9833333333333332,False,1,4264,service,284.70954150296296
5778.0,2015-01-22 06:03:00,-58.224561,-23.379361,Panthera onca,670292B,10,Humid Chaco,Paraguay,-58.224561,-23.379361,4.016666666666667,False,1,4264,service,152.92229729240097
5779.0,2015-01-22 08:03:00,-58.225935,-23.367488,Panthera onca,670292B,10,Humid Chaco,Paraguay,-58.225935,-23.367488,2.0,False,1,4261,service,158.52406552964607
5780.0,2015-01-22 22:03:00,-58.217225,-23.357692,Panthera onca,670292B,10,Humid Chaco,Paraguay,-58.217225,-23.357692,14.0,False,1,4261,service,1244.3476854904611
5781.0,2015-01-23 00:03:00,-58.196559,-23.360766,Panthera onca,670292B,10,Humid Chaco,Paraguay,-58.196559,-23.360766,2.0,False,1,4261,service,12.375378776439499
5782.0,2015-01-23 00:33:00,-58.189618,-23.362656,Panthera onca,670292B,10,Humid Chaco,Paraguay,-58.189618,-23.362656,0.5,False,1,4261,service,50.00991033371292
5783.0,2015-01-23 01:04:00,-58.186567,-23.366939,Panthera onca,670292B,10,Humid Chaco,Paraguay,-58.186567,-23.366939,0.5166666666666667,False,1,4261,service,604.97084491848
5784.0,2015-01-23 02:03:00,-58.183465,-23.370038,Panthera onca,670292B,10,Humid Chaco,Paraguay,-58.183465,-23.370038,0.9833333333333332,False,1,4261,service,1039.606747427793
5785.0,2015-01-23 04:03:00,-58.183839,-23.371457,Panthera onca,670292B,10,Humid Chaco,Paraguay,-58.183839,-23.371457,2.0,False,1,4261,service,1172.2367973386074
5786.0,2015-01-23 06:02:00,-58.181245,-23.386818,Panthera onca,670292B,10,Humid Chaco,Paraguay,-58.181245,-23.386818,1.9833333333333332,False,1,4277,service,678.6983071090758
5787.0,2015-01-23 08:03:00,-58.168697,-23.396853,Panthera onca,670292B,10,Humid Chaco,Paraguay,-58.168697,-23.396853,2.0166666666666666,False,1,4332,service,780.2807976721101
5788.0,2015-01-23 10:02:00,-58.178166,-23.406467,Panthera onca,670292B,10,Humid Chaco,Paraguay,-58.178166,-23.406467,1.9833333333333332,False,1,4332,service,528.7270590982243
5789.0,2015-01-23 22:02:00,-58.186892,-23.397798,Panthera onca,670292B,10,Humid Chaco,Paraguay,-58.186892,-23.397798,12.0,False,1,4277,service,98.86671427793819
5790.0,2015-01-24 00:03:00,-58.191396,-23.393557,Panthera onca,670292B,10,Humid Chaco,Paraguay,-58.191396,-23.393557,2.0166666666666666,False,1,4277,service,499.2551982742006
5791.0,2015-01-24 00:32:00,-58.182733,-23.393731,Panthera onca,670292B,10,Humid Chaco,Paraguay,-58.182733,-23.393731,0.4833333333333333,False,1,4277,service,178.52313873491713
5792.0,2015-01-24 01:01:00,-58.182493,-23.385406,Panthera onca,670292B,10,Humid Chaco,Paraguay,-58.182493,-23.385406,0.4833333333333333,False,1,4277,service,876.3802047579272
5793.0,2015-01-24 02:03:00,-58.178621,-23.38675,Panthera onca,670292B,10,Humid Chaco,Paraguay,-58.178621,-23.38675,1.0333333333333334,False,1,4277,service,594.5723540492605
5794.0,2015-01-24 04:02:00,-58.17555,-23.389509,Panthera onca,670292B,10,Humid Chaco,Paraguay,-58.17555,-23.389509,1.9833333333333332,False,1,4332,service,296.805967556159
5795.0,2015-01-24 06:03:00,-58.184385,-23.381694,Panthera onca,670292B,10,Humid Chaco,Paraguay,-58.184385,-23.381694,2.0166666666666666,False,1,4277,service,1330.1762432564783
5796.0,2015-01-24 08:02:00,-58.183751,-23.370168,Panthera onca,670292B,10,Humid Chaco,Paraguay,-58.183751,-23.370168,1.9833333333333332,False,1,4261,service,1042.4441354452642
5797.0,2015-01-24 10:03:00,-58.185629,-23.360355,Panthera onca,670292B,10,Humid Chaco,Paraguay,-58.185629,-23.360355,2.0166666666666666,False,1,4261,service,0.4433694082547467
5798.0,2015-01-24 22:03:00,-58.193103,-23.363937,Panthera onca,670292B,10,Humid Chaco,Paraguay,-58.193103,-23.363937,12.0,False,1,4261,service,229.04479139133886
5799.0,2015-01-25 00:03:00,-58.196743,-23.350875,Panthera onca,670292B,10,Humid Chaco,Paraguay,-58.196743,-23.350875,2.0,False,1,4261,service,1104.9022084859846
5800.0,2015-01-25 00:33:00,-58.196262,-23.345886,Panthera onca,670292B,10,Humid Chaco,Paraguay,-58.196262,-23.345886,0.5,False,1,4261,service,1659.1693235934692
5801.0,2015-01-25 01:02:00,-58.200205,-23.345861,Panthera onca,670292B,10,Humid Chaco,Paraguay,-58.200205,-23.345861,0.4833333333333333,False,1,4261,service,1660.943362019071
5802.0,2015-01-25 02:03:00,-58.200239,-23.349482,Panthera onca,670292B,10,Humid Chaco,Paraguay,-58.200239,-23.349482,1.0166666666666666,False,1,4261,service,1263.3744798164996
5803.0,2015-01-25 04:03:00,-58.200068,-23.349078,Panthera onca,670292B,10,Humid Chaco,Paraguay,-58.200068,-23.349078,2.0,False,1,4261,service,1305.4320234539643
5804.0,2015-01-25 08:03:00,-58.2001,-23.349801,Panthera onca,670292B,10,Humid Chaco,Paraguay,-58.2001,-23.349801,4.0,False,1,4261,service,1226.445369823499
5805.0,2015-01-25 22:03:00,-58.204709,-23.352066,Panthera onca,670292B,10,Humid Chaco,Paraguay,-58.204709,-23.352066,14.0,False,1,4261,service,1111.52663308989
5806.0,2015-01-26 00:03:00,-58.203829,-23.362489,Panthera onca,670292B,10,Humid Chaco,Paraguay,-58.203829,-23.362489,2.0,False,1,4261,service,8.4984560691457
5807.0,2015-01-26 02:03:00,-58.210236,-23.367879,Panthera onca,670292B,10,Humid Chaco,Paraguay,-58.210236,-23.367879,2.0,False,1,4261,service,0.9376199411731134
5808.0,2015-01-26 10:03:00,-58.228696,-23.372268,Panthera onca,670292B,10,Humid Chaco,Paraguay,-58.228696,-23.372268,8.0,False,1,4261,service,743.5309979755415
5809.0,2015-01-27 00:03:00,-58.254157,-23.362641,Panthera onca,670292B,10,Humid Chaco,Paraguay,-58.254157,-23.362641,14.0,False,1,4262,track,689.1376298417415
5810.0,2015-01-27 02:02:00,-58.256953,-23.347226,Panthera onca,670292B,10,Humid Chaco,Paraguay,-58.256953,-23.347226,1.9833333333333332,False,1,4262,track,872.1316521840223
5811.0,2015-01-27 04:03:00,-58.259762,-23.343397,Panthera onca,670292B,10,Humid Chaco,Paraguay,-58.259762,-23.343397,2.0166666666666666,False,1,4262,track,1299.7368978384206
5812.0,2015-01-27 06:02:00,-58.259667,-23.343405,Panthera onca,670292B,10,Humid Chaco,Paraguay,-58.259667,-23.343405,1.9833333333333332,False,1,4262,track,1298.7272742140183
5813.0,2015-01-27 08:01:00,-58.259736,-23.34334,Panthera onca,670292B,10,Humid Chaco,Paraguay,-58.259736,-23.34334,1.9833333333333332,False,1,4262,track,1306.0139335013967
5814.0,2015-01-27 10:03:00,-58.262444,-23.352638,Panthera onca,670292B,10,Humid Chaco,Paraguay,-58.262444,-23.352638,2.033333333333333,False,1,4262,track,338.901294360248
5815.0,2015-01-28 00:03:00,-58.262156,-23.352159,Panthera onca,670292B,10,Humid Chaco,Paraguay,-58.262156,-23.352159,14.0,False,1,4262,track,370.72873630726724
5816.0,2015-01-28 02:03:00,-58.261892,-23.352478,Panthera onca,670292B,10,Humid Chaco,Paraguay,-58.261892,-23.352478,2.0,False,1,4262,track,327.4046473446488
5817.0,2015-01-28 04:02:00,-58.262452,-23.350525,Panthera onca,670292B,10,Humid Chaco,Paraguay,-58.262452,-23.350525,1.9833333333333332,False,1,4262,track,549.5501156324224
5818.0,2015-01-28 06:03:00,-58.266716,-23.344608,Panthera onca,670292B,10,Humid Chaco,Paraguay,-58.266716,-23.344608,2.0166666666666666,False,1,4304,track,1062.2888651468097
5819.0,2015-01-28 08:02:00,-58.266295,-23.34361,Panthera onca,670292B,10,Humid Chaco,Paraguay,-58.266295,-23.34361,1.9833333333333332,False,1,4304,track,1177.5437871324843
5820.0,2015-01-28 10:02:00,-58.268043,-23.356122,Panthera onca,670292B,10,Humid Chaco,Paraguay,-58.268043,-23.356122,2.0,False,1,4304,track,634.8822232380426
5821.0,2015-01-28 22:01:00,-58.269052,-23.358576,Panthera onca,670292B,10,Humid Chaco,Paraguay,-58.269052,-23.358576,11.983333333333333,False,1,4304,track,782.0087529071915
5822.0,2015-01-29 00:02:00,-58.273496,-23.352956,Panthera onca,670292B,10,Humid Chaco,Paraguay,-58.273496,-23.352956,2.0166666666666666,False,1,4304,track,24.316758423085034
5823.0,2015-01-29 02:02:00,-58.275262,-23.352045,Panthera onca,670292B,10,Humid Chaco,Paraguay,-58.275262,-23.352045,2.0,False,1,4304,track,143.02756269732362
5824.0,2015-01-29 04:03:00,-58.283274,-23.349832,Panthera onca,670292B,10,Humid Chaco,Paraguay,-58.283274,-23.349832,2.0166666666666666,False,1,4304,track,172.31401327762813
5825.0,2015-01-29 04:26:00,-58.282328,-23.350749,Panthera onca,670292B,10,Humid Chaco,Paraguay,-58.282328,-23.350749,0.3833333333333333,False,1,4304,track,41.88154129397614
5826.0,2015-01-29 04:54:00,-58.28465,-23.349379,Panthera onca,670292B,10,Humid Chaco,Paraguay,-58.28465,-23.349379,0.4666666666666667,False,1,4304,track,271.6449374160067
5827.0,2015-01-29 06:03:00,-58.28873,-23.344056,Panthera onca,670292B,10,Humid Chaco,Paraguay,-58.28873,-23.344056,1.15,False,1,4304,track,968.6255541574038
5828.0,2015-01-29 08:03:00,-58.285175,-23.342437,Panthera onca,670292B,10,Humid Chaco,Paraguay,-58.285175,-23.342437,2.0,False,1,4304,track,1004.1908804108442
5829.0,2015-01-29 10:03:00,-58.279059,-23.356248,Panthera onca,670292B,10,Humid Chaco,Paraguay,-58.279059,-23.356248,2.0,False,1,4304,track,253.67293894821185
5830.0,2015-01-29 22:02:00,-58.268368,-23.365452,Panthera onca,670292B,10,Humid Chaco,Paraguay,-58.268368,-23.365452,11.983333333333333,False,1,4262,track,822.2066260211576
5831.0,2015-01-30 00:03:00,-58.260855,-23.363159,Panthera onca,670292B,10,Humid Chaco,Paraguay,-58.260855,-23.363159,2.0166666666666666,False,1,4262,track,51.13678709334013
5832.0,2015-01-30 02:03:00,-58.246623,-23.358277,Panthera onca,670292B,10,Humid Chaco,Paraguay,-58.246623,-23.358277,2.0,False,1,4262,track,236.0396049431918
5833.0,2015-01-30 04:03:00,-58.239396,-23.362265,Panthera onca,670292B,10,Humid Chaco,Paraguay,-58.239396,-23.362265,2.0,False,1,4261,service,188.52591905474483
5834.0,2015-01-30 04:37:00,-58.236497,-23.368626,Panthera onca,670292B,10,Humid Chaco,Paraguay,-58.236497,-23.368626,0.5666666666666667,False,1,4261,service,750.2340160946088
5835.0,2015-01-30 06:03:00,-58.235216,-23.371518,Panthera onca,670292B,10,Humid Chaco,Paraguay,-58.235216,-23.371518,1.4333333333333331,False,1,4261,service,1006.9025399198326
5836.0,2015-01-30 10:03:00,-58.243305,-23.372371,Panthera onca,670292B,10,Humid Chaco,Paraguay,-58.243305,-23.372371,4.0,False,1,4263,track,649.5732234889082
5837.0,2015-01-31 00:03:00,-58.23546,-23.371269,Panthera onca,670292B,10,Humid Chaco,Paraguay,-58.23546,-23.371269,14.0,False,1,4261,service,989.4477623020329
5838.0,2015-01-31 02:03:00,-58.234824,-23.371787,Panthera onca,670292B,10,Humid Chaco,Paraguay,-58.234824,-23.371787,2.0,False,1,4261,service,1021.2993240832285
5839.0,2015-01-31 04:03:00,-58.238021,-23.376447,Panthera onca,670292B,10,Humid Chaco,Paraguay,-58.238021,-23.376447,2.0,False,1,4265,service,1241.8207598564104
5840.0,2015-01-31 06:03:00,-58.235222,-23.371749,Panthera onca,670292B,10,Humid Chaco,Paraguay,-58.235222,-23.371749,2.0,False,1,4261,service,1031.166752779966
5841.0,2015-01-31 08:02:00,-58.235322,-23.371517,Panthera onca,670292B,10,Humid Chaco,Paraguay,-58.235322,-23.371517,1.9833333333333332,False,1,4261,service,1010.4803709941301
5842.0,2015-01-31 22:02:00,-58.236033,-23.371987,Panthera onca,670292B,10,Humid Chaco,Paraguay,-58.236033,-23.371987,14.0,False,1,4263,track,1047.0374521407205
5843.0,2015-02-01 00:02:00,-58.236603,-23.373182,Panthera onca,670292B,10,Humid Chaco,Paraguay,-58.236603,-23.373182,2.0,False,1,4263,track,1083.8474066082792
5844.0,2015-02-01 02:03:00,-58.233822,-23.377656,Panthera onca,670292B,10,Humid Chaco,Paraguay,-58.233822,-23.377656,2.0166666666666666,False,1,4265,service,1002.4629036907941
5845.0,2015-02-01 04:02:00,-58.234343,-23.37733,Panthera onca,670292B,10,Humid Chaco,Paraguay,-58.234343,-23.37733,1.9833333333333332,False,1,4265,service,1055.5686331378909
5846.0,2015-02-01 06:01:00,-58.233117,-23.376584,Panthera onca,670292B,10,Humid Chaco,Paraguay,-58.233117,-23.376584,1.9833333333333332,False,1,4264,service,1038.4846746426529
5847.0,2015-02-01 08:00:00,-58.233085,-23.376561,Panthera onca,670292B,10,Humid Chaco,Paraguay,-58.233085,-23.376561,1.9833333333333332,False,1,4264,service,1037.3753479894995
5848.0,2015-02-01 22:02:00,-58.235537,-23.379731,Panthera onca,670292B,10,Humid Chaco,Paraguay,-58.235537,-23.379731,14.033333333333331,False,1,4265,service,883.1105459737051
5849.0,2015-02-02 00:03:00,-58.2336,-23.387017,Panthera onca,670292B,10,Humid Chaco,Paraguay,-58.2336,-23.387017,2.0166666666666666,False,1,4265,service,164.32085835603118
5850.0,2015-02-02 00:34:00,-58.232885,-23.387299,Panthera onca,670292B,10,Humid Chaco,Paraguay,-58.232885,-23.387299,0.5166666666666667,False,1,4265,service,192.96999963138038
5851.0,2015-02-02 01:06:00,-58.238229,-23.386921,Panthera onca,670292B,10,Humid Chaco,Paraguay,-58.238229,-23.386921,0.5333333333333333,False,1,4265,service,98.15708510542075
5852.0,2015-02-02 02:01:00,-58.238219,-23.386995,Panthera onca,670292B,10,Humid Chaco,Paraguay,-58.238219,-23.386995,0.9166666666666666,False,1,4265,service,90.2488448197169
5853.0,2015-02-02 04:01:00,-58.239051,-23.387927,Panthera onca,670292B,10,Humid Chaco,Paraguay,-58.239051,-23.387927,2.0,False,1,4265,service,28.874970732871308
5854.0,2015-02-02 08:01:00,-58.238985,-23.386926,Panthera onca,670292B,10,Humid Chaco,Paraguay,-58.238985,-23.386926,4.0,False,1,4265,service,128.15900553518196
5855.0,2015-02-02 22:03:00,-58.234611,-23.379377,Panthera onca,670292B,10,Humid Chaco,Paraguay,-58.234611,-23.379377,14.033333333333331,False,1,4265,service,863.9504138652787
5856.0,2015-02-03 00:03:00,-58.238211,-23.387353,Panthera onca,670292B,10,Humid Chaco,Paraguay,-58.238211,-23.387353,2.0,False,1,4265,service,53.609873055244584
5857.0,2015-02-03 02:02:00,-58.238873,-23.387171,Panthera onca,670292B,10,Humid Chaco,Paraguay,-58.238873,-23.387171,1.9833333333333332,False,1,4265,service,98.714846484469
5858.0,2015-02-03 04:00:00,-58.239092,-23.386899,Panthera onca,670292B,10,Humid Chaco,Paraguay,-58.239092,-23.386899,1.9666666666666663,False,1,4265,service,135.2032516072957
5859.0,2015-02-03 06:01:00,-58.238957,-23.387016,Panthera onca,670292B,10,Humid Chaco,Paraguay,-58.238957,-23.387016,2.0166666666666666,False,1,4265,service,117.87031536932578
5860.0,2015-02-03 08:01:00,-58.239072,-23.387042,Panthera onca,670292B,10,Humid Chaco,Paraguay,-58.239072,-23.387042,2.0,False,1,4265,service,119.8386057494791
5861.0,2015-02-03 10:02:00,-58.251001,-23.389489,Panthera onca,670292B,10,Humid Chaco,Paraguay,-58.251001,-23.389489,2.0166666666666666,False,1,4265,service,361.3500595649598
5862.0,2015-02-03 22:03:00,-58.25817,-23.388374,Panthera onca,670292B,10,Humid Chaco,Paraguay,-58.25817,-23.388374,12.016666666666667,False,1,4305,track,91.34856001553439
5863.0,2015-02-04 00:02:00,-58.24864,-23.387149,Panthera onca,670292B,10,Humid Chaco,Paraguay,-58.24864,-23.387149,1.9833333333333332,False,1,4265,service,12.323725798212974
5864.0,2015-02-04 00:27:00,-58.242625,-23.388738,Panthera onca,670292B,10,Humid Chaco,Paraguay,-58.242625,-23.388738,0.4166666666666667,False,1,4265,service,10.686814612791753
5865.0,2015-02-04 00:56:00,-58.23864,-23.386366,Panthera onca,670292B,10,Humid Chaco,Paraguay,-58.23864,-23.386366,0.4833333333333333,False,1,4265,service,171.33669351400297
5866.0,2015-02-04 02:02:00,-58.235958,-23.39163,Panthera onca,670292B,10,Humid Chaco,Paraguay,-58.235958,-23.39163,1.1,False,1,4265,service,240.69035323332866
5867.0,2015-02-04 04:01:00,-58.236494,-23.396251,Panthera onca,670292B,10,Humid Chaco,Paraguay,-58.236494,-23.396251,1.9833333333333332,False,1,4299,track,182.27544746930903
5868.0,2015-02-04 06:03:00,-58.236425,-23.39759,Panthera onca,670292B,10,Humid Chaco,Paraguay,-58.236425,-23.39759,2.033333333333333,False,1,4299,track,137.24253475397236
5869.0,2015-02-04 08:02:00,-58.217092,-23.390786,Panthera onca,670292B,10,Humid Chaco,Paraguay,-58.217092,-23.390786,1.9833333333333332,False,1,4277,service,773.2104850057736
5870.0,2015-02-04 10:03:00,-58.21716,-23.389661,Panthera onca,670292B,10,Humid Chaco,Paraguay,-58.21716,-23.389661,2.0166666666666666,False,1,4277,service,883.5746665835344
5871.0,2015-02-05 00:03:00,-58.206669,-23.376554,Panthera onca,670292B,10,Humid Chaco,Paraguay,-58.206669,-23.376554,14.0,False,1,4261,service,955.3897678699182
5872.0,2015-02-05 00:33:00,-58.201914,-23.379396,Panthera onca,670292B,10,Humid Chaco,Paraguay,-58.201914,-23.379396,0.5,False,1,4261,service,1514.7130151643094
5873.0,2015-02-05 02:01:00,-58.198907,-23.373954,Panthera onca,670292B,10,Humid Chaco,Paraguay,-58.198907,-23.373954,1.4666666666666666,False,1,4261,service,1293.677244581101
5874.0,2015-02-05 04:03:00,-58.194236,-23.361148,Panthera onca,670292B,10,Humid Chaco,Paraguay,-58.194236,-23.361148,2.033333333333333,False,1,4261,service,26.592799192631787
5875.0,2015-02-05 08:03:00,-58.191496,-23.359572,Panthera onca,670292B,10,Humid Chaco,Paraguay,-58.191496,-23.359572,4.0,False,1,4261,service,278.8533370944648
5876.0,2015-02-05 10:03:00,-58.186833,-23.356558,Panthera onca,670292B,10,Humid Chaco,Paraguay,-58.186833,-23.356558,2.0,False,1,4261,service,411.9901051453599
5877.0,2015-02-06 00:03:00,-58.182128,-23.358096,Panthera onca,670292B,10,Humid Chaco,Paraguay,-58.182128,-23.358096,14.0,False,1,4261,service,2.0894304596240723
5878.0,2015-02-06 02:03:00,-58.175109,-23.374094,Panthera onca,670292B,10,Humid Chaco,Paraguay,-58.175109,-23.374094,2.0,False,1,4261,service,1862.164760429011
5879.0,2015-02-06 06:02:00,-58.175171,-23.389034,Panthera onca,670292B,10,Humid Chaco,Paraguay,-58.175171,-23.389034,3.983333333333333,False,1,4332,service,361.5161003607067
5880.0,2015-02-06 08:03:00,-58.175422,-23.390333,Panthera onca,670292B,10,Humid Chaco,Paraguay,-58.175422,-23.390333,2.0166666666666666,False,1,4332,service,228.60582561630451
5881.0,2015-02-06 10:02:00,-58.1715,-23.385609,Panthera onca,670292B,10,Humid Chaco,Paraguay,-58.1715,-23.385609,1.9833333333333332,False,1,4332,service,887.2009083741642
5882.0,2015-02-06 22:03:00,-58.170977,-23.385989,Panthera onca,670292B,10,Humid Chaco,Paraguay,-58.170977,-23.385989,12.016666666666667,False,1,4332,service,890.1222025324522
5883.0,2015-02-07 00:02:00,-58.180263,-23.388665,Panthera onca,670292B,10,Humid Chaco,Paraguay,-58.180263,-23.388665,1.9833333333333332,False,1,4277,service,450.9625360628042
5884.0,2015-02-07 02:02:00,-58.182358,-23.388884,Panthera onca,670292B,10,Humid Chaco,Paraguay,-58.182358,-23.388884,2.0,False,1,4277,service,556.6019532454918
5885.0,2015-02-07 04:03:00,-58.182519,-23.38804,Panthera onca,670292B,10,Humid Chaco,Paraguay,-58.182519,-23.38804,2.0166666666666666,False,1,4277,service,635.9554500664115
5886.0,2015-02-07 06:02:00,-58.183329,-23.387892,Panthera onca,670292B,10,Humid Chaco,Paraguay,-58.183329,-23.387892,1.9833333333333332,False,1,4277,service,704.3859486563528
5887.0,2015-02-07 08:02:00,-58.183102,-23.388186,Panthera onca,670292B,10,Humid Chaco,Paraguay,-58.183102,-23.388186,2.0,False,1,4277,service,665.0004077357515
5888.0,2015-02-07 10:03:00,-58.179254,-23.382865,Panthera onca,670292B,10,Humid Chaco,Paraguay,-58.179254,-23.382865,2.0166666666666666,False,1,4332,service,1026.9384302110386
5889.0,2015-02-07 22:02:00,-58.176183,-23.384578,Panthera onca,670292B,10,Humid Chaco,Paraguay,-58.176183,-23.384578,11.983333333333333,False,1,4332,service,812.0363479665419
5890.0,2015-02-08 00:03:00,-58.183089,-23.387922,Panthera onca,670292B,10,Humid Chaco,Paraguay,-58.183089,-23.387922,2.0166666666666666,False,1,4277,service,684.8447866352357
5891.0,2015-02-08 00:32:00,-58.182441,-23.387827,Panthera onca,670292B,10,Humid Chaco,Paraguay,-58.182441,-23.387827,0.4833333333333333,False,1,4277,service,648.9486003097709
5892.0,2015-02-08 02:03:00,-58.186472,-23.399085,Panthera onca,670292B,10,Humid Chaco,Paraguay,-58.186472,-23.399085,1.5166666666666666,False,1,4277,service,247.51142732046853
5893.0,2015-02-08 04:02:00,-58.175187,-23.401957,Panthera onca,670292B,10,Humid Chaco,Paraguay,-58.175187,-23.401957,1.9833333333333332,False,1,4332,service,50.32263702352622
5894.0,2015-02-08 06:02:00,-58.178475,-23.401132,Panthera onca,670292B,10,Humid Chaco,Paraguay,-58.178475,-23.401132,2.0,False,1,4333,service,154.7513509199039
5895.0,2015-02-08 08:03:00,-58.179238,-23.402652,Panthera onca,670292B,10,Humid Chaco,Paraguay,-58.179238,-23.402652,2.0166666666666666,False,1,4333,service,319.3026881391341
5896.0,2015-02-08 08:34:00,-58.180249,-23.402343,Panthera onca,670292B,10,Humid Chaco,Paraguay,-58.180249,-23.402343,0.5166666666666667,False,1,4333,service,380.19623851420846
5897.0,2015-02-08 09:06:00,-58.183859,-23.401321,Panthera onca,670292B,10,Humid Chaco,Paraguay,-58.183859,-23.401321,0.5333333333333333,False,1,4277,service,570.33590676164
5898.0,2015-02-08 10:02:00,-58.183911,-23.401242,Panthera onca,670292B,10,Humid Chaco,Paraguay,-58.183911,-23.401242,0.9333333333333332,False,1,4277,service,560.3126718829997
5899.0,2015-02-08 22:03:00,-58.181477,-23.40016,Panthera onca,670292B,10,Humid Chaco,Paraguay,-58.181477,-23.40016,12.016666666666667,False,1,4333,service,319.7830734126438
5900.0,2015-02-09 00:03:00,-58.175165,-23.402394,Panthera onca,670292B,10,Humid Chaco,Paraguay,-58.175165,-23.402394,2.0,False,1,4332,service,10.942803686446805
5901.0,2015-02-09 02:03:00,-58.182152,-23.398924,Panthera onca,670292B,10,Humid Chaco,Paraguay,-58.182152,-23.398924,2.0,False,1,4333,service,277.723163044724
5902.0,2015-02-09 04:02:00,-58.192976,-23.391494,Panthera onca,670292B,10,Humid Chaco,Paraguay,-58.192976,-23.391494,1.9833333333333332,False,1,4277,service,769.2500081667328
5903.0,2015-02-09 06:01:00,-58.199416,-23.381794,Panthera onca,670292B,10,Humid Chaco,Paraguay,-58.199416,-23.381794,1.9833333333333332,False,1,4261,service,1882.9402196240271
5904.0,2015-02-09 08:03:00,-58.216367,-23.371596,Panthera onca,670292B,10,Humid Chaco,Paraguay,-58.216367,-23.371596,2.033333333333333,False,1,4261,service,18.1316033393981
5905.0,2015-02-10 00:01:00,-58.218951,-23.371068,Panthera onca,670292B,10,Humid Chaco,Paraguay,-58.218951,-23.371068,15.966666666666669,False,1,4261,service,4.0468330533346935
5906.0,2015-02-10 00:59:00,-58.218959,-23.371639,Panthera onca,670292B,10,Humid Chaco,Paraguay,-58.218959,-23.371639,0.9666666666666668,False,1,4261,service,44.61936783756934
5907.0,2015-02-10 02:03:00,-58.219028,-23.371587,Panthera onca,670292B,10,Humid Chaco,Paraguay,-58.219028,-23.371587,1.0666666666666669,False,1,4261,service,44.80851009295535
5908.0,2015-02-10 04:01:00,-58.218951,-23.371711,Panthera onca,670292B,10,Humid Chaco,Paraguay,-58.218951,-23.371711,1.9666666666666663,False,1,4261,service,50.15887817776399
5909.0,2015-02-10 06:03:00,-58.219017,-23.371681,Panthera onca,670292B,10,Humid Chaco,Paraguay,-58.219017,-23.371681,2.033333333333333,False,1,4261,service,52.0038269698156
5910.0,2015-02-10 08:03:00,-58.219616,-23.370621,Panthera onca,670292B,10,Humid Chaco,Paraguay,-58.219616,-23.370621,2.0,False,1,4261,service,2.3421706417230155
5911.0,2015-02-10 10:02:00,-58.223037,-23.369097,Panthera onca,670292B,10,Humid Chaco,Paraguay,-58.223037,-23.369097,1.9833333333333332,False,1,4261,service,100.59444057094031
5912.0,2015-02-10 22:01:00,-58.224604,-23.363691,Panthera onca,670292B,10,Humid Chaco,Paraguay,-58.224604,-23.363691,11.983333333333333,False,1,4261,service,248.56084433179055
5913.0,2015-02-11 00:01:00,-58.22654,-23.36474,Panthera onca,670292B,10,Humid Chaco,Paraguay,-58.22654,-23.36474,2.0,False,1,4261,service,31.283568987419685
5914.0,2015-02-11 00:29:00,-58.226871,-23.3653,Panthera onca,670292B,10,Humid Chaco,Paraguay,-58.226871,-23.3653,0.4666666666666667,False,1,4261,service,37.757263924658005
5915.0,2015-02-11 00:56:00,-58.228681,-23.366425,Panthera onca,670292B,10,Humid Chaco,Paraguay,-58.228681,-23.366425,0.45,False,1,4261,service,249.53969864413207
5916.0,2015-02-11 02:02:00,-58.227447,-23.367449,Panthera onca,670292B,10,Humid Chaco,Paraguay,-58.227447,-23.367449,1.1,False,1,4261,service,256.30498265468844
5917.0,2015-02-11 04:02:00,-58.227892,-23.368472,Panthera onca,670292B,10,Humid Chaco,Paraguay,-58.227892,-23.368472,2.0,False,1,4261,service,371.7560613905413
5918.0,2015-02-11 06:03:00,-58.229147,-23.36758,Panthera onca,670292B,10,Humid Chaco,Paraguay,-58.229147,-23.36758,2.0166666666666666,False,1,4261,service,380.89489321637046
5919.0,2015-02-11 08:01:00,-58.227885,-23.369802,Panthera onca,670292B,10,Humid Chaco,Paraguay,-58.227885,-23.369802,1.9666666666666663,False,1,4261,service,482.72093485860853
5920.0,2015-02-11 10:03:00,-58.228459,-23.370966,Panthera onca,670292B,10,Humid Chaco,Paraguay,-58.228459,-23.370966,2.033333333333333,False,1,4261,service,618.6059960831608
5921.0,2015-02-12 00:03:00,-58.233932,-23.349288,Panthera onca,670292B,10,Humid Chaco,Paraguay,-58.233932,-23.349288,14.0,False,1,4261,service,1064.3595565142434
5922.0,2015-02-12 02:03:00,-58.233009,-23.350131,Panthera onca,670292B,10,Humid Chaco,Paraguay,-58.233009,-23.350131,2.0,False,1,4261,service,1088.410700376183
5923.0,2015-02-12 04:03:00,-58.23327,-23.352595,Panthera onca,670292B,10,Humid Chaco,Paraguay,-58.23327,-23.352595,2.0,False,1,4261,service,949.028601297781
5924.0,2015-02-12 22:01:00,-58.21981,-23.367568,Panthera onca,670292B,10,Humid Chaco,Paraguay,-58.21981,-23.367568,17.966666666666665,False,1,4261,service,242.17139915482633
5925.0,2015-02-13 00:02:00,-58.219843,-23.367864,Panthera onca,670292B,10,Humid Chaco,Paraguay,-58.219843,-23.367864,2.0166666666666666,False,1,4261,service,215.03126210117108
5926.0,2015-02-13 04:01:00,-58.220305,-23.369703,Panthera onca,670292B,10,Humid Chaco,Paraguay,-58.220305,-23.369703,3.983333333333333,False,1,4261,service,29.383329488451942
5927.0,2015-02-13 06:03:00,-58.222487,-23.36824,Panthera onca,670292B,10,Humid Chaco,Paraguay,-58.222487,-23.36824,2.033333333333333,False,1,4261,service,8.102066949701223
5928.0,2015-02-13 08:02:00,-58.236063,-23.372362,Panthera onca,670292B,10,Humid Chaco,Paraguay,-58.236063,-23.372362,1.9833333333333332,False,1,4263,track,1068.7692421405561
5929.0,2015-02-14 00:02:00,-58.222944,-23.359975,Panthera onca,670292B,10,Humid Chaco,Paraguay,-58.222944,-23.359975,16.0,False,1,4261,service,670.8510053965882
5930.0,2015-02-14 02:01:00,-58.223327,-23.359986,Panthera onca,670292B,10,Humid Chaco,Paraguay,-58.223327,-23.359986,1.9833333333333332,False,1,4261,service,644.5021567622529
5931.0,2015-02-14 06:03:00,-58.222796,-23.360059,Panthera onca,670292B,10,Humid Chaco,Paraguay,-58.222796,-23.360059,4.033333333333333,False,1,4261,service,673.704141139479
5932.0,2015-02-14 08:01:00,-58.22296,-23.36012,Panthera onca,670292B,10,Humid Chaco,Paraguay,-58.22296,-23.36012,1.9666666666666663,False,1,4261,service,657.6326504331993
5933.0,2015-02-14 22:01:00,-58.224764,-23.364687,Panthera onca,670292B,10,Humid Chaco,Paraguay,-58.224764,-23.364687,14.0,False,1,4261,service,154.41738189630877
5934.0,2015-02-15 00:02:00,-58.225317,-23.364472,Panthera onca,670292B,10,Humid Chaco,Paraguay,-58.225317,-23.364472,2.0166666666666666,False,1,4261,service,135.47343265028024
5935.0,2015-02-15 02:03:00,-58.226511,-23.366146,Panthera onca,670292B,10,Humid Chaco,Paraguay,-58.226511,-23.366146,2.0166666666666666,False,1,4261,service,84.57956260124092
5936.0,2015-02-15 04:01:00,-58.227285,-23.365691,Panthera onca,670292B,10,Humid Chaco,Paraguay,-58.227285,-23.365691,1.9666666666666663,False,1,4261,service,98.18549287000462
5937.0,2015-02-15 06:03:00,-58.22801,-23.365887,Panthera onca,670292B,10,Humid Chaco,Paraguay,-58.22801,-23.365887,2.033333333333333,False,1,4261,service,163.06064429424998
5938.0,2015-02-16 00:01:00,-58.226715,-23.368232,Panthera onca,670292B,10,Humid Chaco,Paraguay,-58.226715,-23.368232,17.966666666666665,False,1,4261,service,272.98780901878047
5939.0,2015-02-16 02:02:00,-58.226811,-23.368604,Panthera onca,670292B,10,Humid Chaco,Paraguay,-58.226811,-23.368604,2.0166666666666666,False,1,4261,service,310.5713905332708
5940.0,2015-02-16 04:02:00,-58.224688,-23.3676,Panthera onca,670292B,10,Humid Chaco,Paraguay,-58.224688,-23.3676,2.0,False,1,4261,service,84.57072039149611
5941.0,2015-02-16 06:02:00,-58.223546,-23.368327,Panthera onca,670292B,10,Humid Chaco,Paraguay,-58.223546,-23.368327,2.0,False,1,4261,service,69.41866617433277
5942.0,2015-02-16 08:01:00,-58.223467,-23.368289,Panthera onca,670292B,10,Humid Chaco,Paraguay,-58.223467,-23.368289,1.9833333333333332,False,1,4261,service,60.97944330770595
5943.0,2015-02-16 10:03:00,-58.226917,-23.367955,Panthera onca,670292B,10,Humid Chaco,Paraguay,-58.226917,-23.367955,2.033333333333333,False,1,4261,service,263.27932400486833
5944.0,2015-02-17 00:02:00,-58.231083,-23.365231,Panthera onca,670292B,10,Humid Chaco,Paraguay,-58.231083,-23.365231,13.983333333333333,False,1,4261,service,208.6270317131187
5945.0,2015-02-17 00:33:00,-58.231604,-23.364025,Panthera onca,670292B,10,Humid Chaco,Paraguay,-58.231604,-23.364025,0.5166666666666667,False,1,4261,service,101.13260434356802
5946.0,2015-02-17 01:04:00,-58.234296,-23.364534,Panthera onca,670292B,10,Humid Chaco,Paraguay,-58.234296,-23.364534,0.5166666666666667,False,1,4261,service,247.64725336845515
5947.0,2015-02-17 02:03:00,-58.236312,-23.362948,Panthera onca,670292B,10,Humid Chaco,Paraguay,-58.236312,-23.362948,0.9833333333333332,False,1,4261,service,152.51544124314103
5948.0,2015-02-17 04:03:00,-58.236655,-23.365201,Panthera onca,670292B,10,Humid Chaco,Paraguay,-58.236655,-23.365201,2.0,False,1,4261,service,399.0521033766007
5949.0,2015-02-17 06:03:00,-58.238392,-23.365276,Panthera onca,670292B,10,Humid Chaco,Paraguay,-58.238392,-23.365276,2.0,False,1,4261,service,467.20317636008946
5950.0,2015-02-17 08:03:00,-58.23673,-23.366602,Panthera onca,670292B,10,Humid Chaco,Paraguay,-58.23673,-23.366602,2.0,False,1,4261,service,547.5538330106731
5951.0,2015-02-17 10:02:00,-58.244044,-23.37445,Panthera onca,670292B,10,Humid Chaco,Paraguay,-58.244044,-23.37445,1.9833333333333332,False,1,4263,track,870.1072472036944
5952.0,2015-02-18 02:00:00,-58.247867,-23.365385,Panthera onca,670292B,10,Humid Chaco,Paraguay,-58.247867,-23.365385,15.966666666666669,False,1,4263,track,352.19394223785713
5953.0,2015-02-18 04:03:00,-58.250508,-23.355833,Panthera onca,670292B,10,Humid Chaco,Paraguay,-58.250508,-23.355833,2.05,False,1,4262,track,89.24770281982515
5954.0,2015-02-18 06:01:00,-58.251326,-23.361769,Panthera onca,670292B,10,Humid Chaco,Paraguay,-58.251326,-23.361769,1.9666666666666663,False,1,4263,track,715.1826893528148
5955.0,2015-02-18 10:03:00,-58.255464,-23.364885,Panthera onca,670292B,10,Humid Chaco,Paraguay,-58.255464,-23.364885,4.033333333333333,False,1,4262,track,605.9625378109004
5956.0,2015-02-18 22:03:00,-58.225812,-23.380509,Panthera onca,670292B,10,Humid Chaco,Paraguay,-58.225812,-23.380509,12.0,False,1,4264,service,179.878816316233
5957.0,2015-02-19 00:02:00,-58.223691,-23.381772,Panthera onca,670292B,10,Humid Chaco,Paraguay,-58.223691,-23.381772,1.9833333333333332,False,1,4264,service,77.55341368069504
5958.0,2015-02-19 04:01:00,-58.223708,-23.381584,Panthera onca,670292B,10,Humid Chaco,Paraguay,-58.223708,-23.381584,3.983333333333333,False,1,4264,service,63.75522429509099
5959.0,2015-02-19 06:02:00,-58.223628,-23.381161,Panthera onca,670292B,10,Humid Chaco,Paraguay,-58.223628,-23.381161,2.0166666666666666,False,1,4264,service,42.416267789965126
5960.0,2015-02-20 00:03:00,-58.220553,-23.380712,Panthera onca,670292B,10,Humid Chaco,Paraguay,-58.220553,-23.380712,18.016666666666666,False,1,4264,service,267.1059192850593
5961.0,2015-02-20 06:03:00,-58.220621,-23.380996,Panthera onca,670292B,10,Humid Chaco,Paraguay,-58.220621,-23.380996,6.0,False,1,4264,service,279.3920716880192
5962.0,2015-02-20 22:01:00,-58.220046,-23.381873,Panthera onca,670292B,10,Humid Chaco,Paraguay,-58.220046,-23.381873,15.966666666666669,False,1,4264,service,383.43054526181965
5963.0,2015-02-21 00:02:00,-58.225849,-23.392843,Panthera onca,670292B,10,Humid Chaco,Paraguay,-58.225849,-23.392843,2.0166666666666666,False,1,4277,service,220.76014083611966
5964.0,2015-02-21 02:03:00,-58.207606,-23.401917,Panthera onca,670292B,10,Humid Chaco,Paraguay,-58.207606,-23.401917,2.0166666666666666,False,1,4277,service,131.78444874113134
5965.0,2015-02-21 04:03:00,-58.207402,-23.402051,Panthera onca,670292B,10,Humid Chaco,Paraguay,-58.207402,-23.402051,2.0,False,1,4277,service,151.3078976525993
5966.0,2015-02-21 04:34:00,-58.207377,-23.401973,Panthera onca,670292B,10,Humid Chaco,Paraguay,-58.207377,-23.401973,0.5166666666666667,False,1,4277,service,143.5689314605729
5967.0,2015-02-21 08:02:00,-58.207467,-23.402068,Panthera onca,670292B,10,Humid Chaco,Paraguay,-58.207467,-23.402068,3.466666666666667,False,1,4277,service,151.492650689419
5968.0,2015-02-21 22:02:00,-58.171917,-23.419513,Panthera onca,670292B,10,Humid Chaco,Paraguay,-58.171917,-23.419513,14.0,False,1,4343,track,881.2408510336621
5969.0,2015-02-22 00:02:00,-58.155289,-23.414997,Panthera onca,670292B,10,Humid Chaco,Paraguay,-58.155289,-23.414997,2.0,False,1,3210,service,587.2272054717819
5970.0,2015-02-22 00:32:00,-58.154968,-23.415491,Panthera onca,670292B,10,Humid Chaco,Paraguay,-58.154968,-23.415491,0.5,False,1,3210,service,544.0351503248859
5971.0,2015-02-22 01:03:00,-58.154903,-23.415356,Panthera onca,670292B,10,Humid Chaco,Paraguay,-58.154903,-23.415356,0.5166666666666667,False,1,3210,service,540.5559287418738
5972.0,2015-02-22 04:03:00,-58.153489,-23.42308,Panthera onca,670292B,10,Humid Chaco,Paraguay,-58.153489,-23.42308,3.0,False,1,3210,service,220.53125224702333
5973.0,2015-02-22 06:03:00,-58.153931,-23.429118,Panthera onca,670292B,10,Humid Chaco,Paraguay,-58.153931,-23.429118,2.0,False,1,3210,service,340.90863559562723
5974.0,2015-02-22 08:03:00,-58.153068,-23.428657,Panthera onca,670292B,10,Humid Chaco,Paraguay,-58.153068,-23.428657,2.0,False,1,3210,service,239.0260865528806
5975.0,2015-02-22 22:02:00,-58.153059,-23.435503,Panthera onca,670292B,10,Humid Chaco,Paraguay,-58.153059,-23.435503,13.983333333333333,False,1,3210,service,262.4622231234791
5976.0,2015-02-23 00:03:00,-58.152892,-23.435687,Panthera onca,670292B,10,Humid Chaco,Paraguay,-58.152892,-23.435687,2.0166666666666666,False,1,3210,service,241.63301290628883
5977.0,2015-02-23 02:02:00,-58.152924,-23.435666,Panthera onca,670292B,10,Humid Chaco,Paraguay,-58.152924,-23.435666,1.9833333333333332,False,1,3210,service,244.04616494564453
5978.0,2015-02-23 04:02:00,-58.152969,-23.435674,Panthera onca,670292B,10,Humid Chaco,Paraguay,-58.152969,-23.435674,2.0,False,1,3210,service,243.285550684996
5979.0,2015-02-23 06:03:00,-58.153184,-23.436435,Panthera onca,670292B,10,Humid Chaco,Paraguay,-58.153184,-23.436435,2.0166666666666666,False,1,3210,service,159.65154898232728
5980.0,2015-02-23 08:03:00,-58.151766,-23.437902,Panthera onca,670292B,10,Humid Chaco,Paraguay,-58.151766,-23.437902,2.0,False,1,3210,service,6.656607284326431
5981.0,2015-02-23 22:01:00,-58.158916,-23.429491,Panthera onca,670292B,10,Humid Chaco,Paraguay,-58.158916,-23.429491,13.966666666666669,False,1,3210,service,801.9179295545515
5982.0,2015-02-24 00:03:00,-58.158872,-23.42948,Panthera onca,670292B,10,Humid Chaco,Paraguay,-58.158872,-23.42948,2.033333333333333,False,1,3210,service,797.3930616267971
5983.0,2015-02-24 02:01:00,-58.159057,-23.429526,Panthera onca,670292B,10,Humid Chaco,Paraguay,-58.159057,-23.429526,1.9666666666666663,False,1,3210,service,816.4148912038619
5984.0,2015-02-24 04:01:00,-58.159018,-23.42945,Panthera onca,670292B,10,Humid Chaco,Paraguay,-58.159018,-23.42945,2.0,False,1,3210,service,808.9082780703797
5985.0,2015-02-24 06:02:00,-58.158898,-23.42933,Panthera onca,670292B,10,Humid Chaco,Paraguay,-58.158898,-23.42933,2.0166666666666666,False,1,3210,service,791.846715387292
5986.0,2015-02-24 08:03:00,-58.159037,-23.429445,Panthera onca,670292B,10,Humid Chaco,Paraguay,-58.159037,-23.429445,2.0166666666666666,False,1,3210,service,810.358841772256
5987.0,2015-02-24 10:03:00,-58.159013,-23.429413,Panthera onca,670292B,10,Humid Chaco,Paraguay,-58.159013,-23.429413,2.0,False,1,3210,service,806.5294049823749
5988.0,2015-02-24 22:03:00,-58.159103,-23.42952,Panthera onca,670292B,10,Humid Chaco,Paraguay,-58.159103,-23.42952,12.0,False,1,3210,service,820.229011035562
5989.0,2015-02-25 00:02:00,-58.159053,-23.429396,Panthera onca,670292B,10,Humid Chaco,Paraguay,-58.159053,-23.429396,1.9833333333333332,False,1,3210,service,809.2648726382507
5990.0,2015-02-25 02:01:00,-58.159255,-23.429497,Panthera onca,670292B,10,Humid Chaco,Paraguay,-58.159255,-23.429497,1.9833333333333332,False,1,3210,service,832.7368150974064
5991.0,2015-02-25 04:02:00,-58.158984,-23.429579,Panthera onca,670292B,10,Humid Chaco,Paraguay,-58.158984,-23.429579,2.0166666666666666,False,1,3210,service,812.719898076042
5992.0,2015-02-25 08:35:00,-58.158601,-23.429398,Panthera onca,670292B,10,Humid Chaco,Paraguay,-58.158601,-23.429398,4.55,False,1,3210,service,768.7851019550657
5993.0,2015-02-25 10:03:00,-58.159277,-23.428479,Panthera onca,670292B,10,Humid Chaco,Paraguay,-58.159277,-23.428479,1.4666666666666666,False,1,3210,service,788.7596859325147
5994.0,2015-02-25 22:02:00,-58.171886,-23.422573,Panthera onca,670292B,10,Humid Chaco,Paraguay,-58.171886,-23.422573,11.983333333333333,False,1,4343,track,1217.0439975903296
5995.0,2015-02-26 00:02:00,-58.171518,-23.425226,Panthera onca,670292B,10,Humid Chaco,Paraguay,-58.171518,-23.425226,2.0,False,1,4343,track,1506.8141963468079
5996.0,2015-02-26 02:03:00,-58.183145,-23.445556,Panthera onca,670292B,10,Humid Chaco,Paraguay,-58.183145,-23.445556,2.0166666666666666,False,1,3159,track,388.56177153536896
5997.0,2015-02-26 08:03:00,-58.183037,-23.44534,Panthera onca,670292B,10,Humid Chaco,Paraguay,-58.183037,-23.44534,6.0,False,1,3159,track,367.28190477437283
5998.0,2015-02-26 22:02:00,-58.183022,-23.446401,Panthera onca,670292B,10,Humid Chaco,Paraguay,-58.183022,-23.446401,13.983333333333333,False,1,3159,track,482.7692287953273
5999.0,2015-02-27 00:03:00,-58.171286,-23.455061,Panthera onca,670292B,10,Humid Chaco,Paraguay,-58.171286,-23.455061,2.0166666666666666,False,1,3210,service,1071.0270275693317
6000.0,2015-02-27 02:03:00,-58.18249,-23.45978,Panthera onca,670292B,10,Humid Chaco,Paraguay,-58.18249,-23.45978,2.0,False,1,3159,track,1945.9306220753233
6001.0,2015-02-27 06:03:00,-58.162337,-23.465709,Panthera onca,670292B,10,Humid Chaco,Paraguay,-58.162337,-23.465709,4.0,False,1,3210,service,155.50489540125477
6002.0,2015-02-27 08:01:00,-58.163282,-23.469091,Panthera onca,670292B,10,Humid Chaco,Paraguay,-58.163282,-23.469091,1.9666666666666663,False,1,3210,service,251.166015091456
6003.0,2015-02-27 10:02:00,-58.169329,-23.4604,Panthera onca,670292B,10,Humid Chaco,Paraguay,-58.169329,-23.4604,2.0166666666666666,False,1,3210,service,870.5330762901671
6004.0,2015-02-27 22:01:00,-58.169233,-23.461015,Panthera onca,670292B,10,Humid Chaco,Paraguay,-58.169233,-23.461015,11.983333333333333,False,1,3210,service,860.659861888042
6005.0,2015-02-28 00:03:00,-58.169301,-23.460842,Panthera onca,670292B,10,Humid Chaco,Paraguay,-58.169301,-23.460842,2.033333333333333,False,1,3210,service,867.624778307504
6006.0,2015-02-28 02:02:00,-58.169119,-23.460994,Panthera onca,670292B,10,Humid Chaco,Paraguay,-58.169119,-23.460994,1.9833333333333332,False,1,3210,service,849.0172584043939
6007.0,2015-02-28 04:03:00,-58.171038,-23.45557,Panthera onca,670292B,10,Humid Chaco,Paraguay,-58.171038,-23.45557,2.0166666666666666,False,1,3210,service,1045.637121754913
6008.0,2015-02-28 06:01:00,-58.17174,-23.455082,Panthera onca,670292B,10,Humid Chaco,Paraguay,-58.17174,-23.455082,1.9666666666666663,False,1,3210,service,1117.4020728258656
6009.0,2015-02-28 08:00:00,-58.171702,-23.454988,Panthera onca,670292B,10,Humid Chaco,Paraguay,-58.171702,-23.454988,1.9833333333333332,False,1,3210,service,1113.5306589999348
6010.0,2015-02-28 10:01:00,-58.182955,-23.446489,Panthera onca,670292B,10,Humid Chaco,Paraguay,-58.182955,-23.446489,2.0166666666666666,False,1,3159,track,493.6689370116384
6011.0,2015-02-28 22:03:00,-58.196273,-23.447166,Panthera onca,670292B,10,Humid Chaco,Paraguay,-58.196273,-23.447166,12.033333333333331,False,1,3159,track,10.196145492746972
6012.0,2015-03-01 00:03:00,-58.194919,-23.44794,Panthera onca,670292B,10,Humid Chaco,Paraguay,-58.194919,-23.44794,2.0,False,1,3159,track,144.28373571201843
6013.0,2015-03-01 02:02:00,-58.194937,-23.447021,Panthera onca,670292B,10,Humid Chaco,Paraguay,-58.194937,-23.447021,1.9833333333333332,False,1,3159,track,65.04509148358332
6014.0,2015-03-01 08:29:00,-58.20179,-23.418576,Panthera onca,670292B,10,Humid Chaco,Paraguay,-58.20179,-23.418576,6.45,False,1,4277,service,1981.8286060916416
6015.0,2015-03-01 22:02:00,-58.203486,-23.416098,Panthera onca,670292B,10,Humid Chaco,Paraguay,-58.203486,-23.416098,13.55,False,1,4277,service,1698.6912332733946
6016.0,2015-03-02 02:02:00,-58.201817,-23.410319,Panthera onca,670292B,10,Humid Chaco,Paraguay,-58.201817,-23.410319,4.0,False,1,4277,service,1074.606782903344
6017.0,2015-03-02 04:02:00,-58.203644,-23.405705,Panthera onca,670292B,10,Humid Chaco,Paraguay,-58.203644,-23.405705,2.0,False,1,4277,service,547.8686559493082
6018.0,2015-03-02 08:03:00,-58.210836,-23.39126,Panthera onca,670292B,10,Humid Chaco,Paraguay,-58.210836,-23.39126,4.016666666666667,False,1,4277,service,980.9267657570837
6019.0,2015-03-02 10:01:00,-58.202562,-23.380277,Panthera onca,670292B,10,Humid Chaco,Paraguay,-58.202562,-23.380277,1.9666666666666663,False,1,4261,service,1542.2358969835675
6020.0,2015-03-02 22:03:00,-58.202301,-23.37891,Panthera onca,670292B,10,Humid Chaco,Paraguay,-58.202301,-23.37891,12.033333333333331,False,1,4261,service,1448.2929152867164
6021.0,2015-03-03 00:03:00,-58.201354,-23.376484,Panthera onca,670292B,10,Humid Chaco,Paraguay,-58.201354,-23.376484,2.0,False,1,4261,service,1314.8065809256757
6022.0,2015-03-03 02:02:00,-58.201162,-23.376251,Panthera onca,670292B,10,Humid Chaco,Paraguay,-58.201162,-23.376251,1.9833333333333332,False,1,4261,service,1308.9355487098148
6023.0,2015-03-03 10:03:00,-58.200759,-23.3757,Panthera onca,670292B,10,Humid Chaco,Paraguay,-58.200759,-23.3757,8.016666666666667,False,1,4261,service,1291.5402776785918
6024.0,2015-03-03 22:01:00,-58.194924,-23.368562,Panthera onca,670292B,10,Humid Chaco,Paraguay,-58.194924,-23.368562,11.966666666666669,False,1,4261,service,768.2445052478313
6025.0,2015-03-04 00:01:00,-58.195061,-23.367604,Panthera onca,670292B,10,Humid Chaco,Paraguay,-58.195061,-23.367604,2.0,False,1,4261,service,679.4912534068517
6026.0,2015-03-04 02:03:00,-58.195224,-23.368496,Panthera onca,670292B,10,Humid Chaco,Paraguay,-58.195224,-23.368496,2.033333333333333,False,1,4261,service,776.3278237582102
6027.0,2015-03-04 04:01:00,-58.194759,-23.368684,Panthera onca,670292B,10,Humid Chaco,Paraguay,-58.194759,-23.368684,1.9666666666666663,False,1,4261,service,772.1875398270383
6028.0,2015-03-04 06:03:00,-58.195487,-23.368017,Panthera onca,670292B,10,Humid Chaco,Paraguay,-58.195487,-23.368017,2.033333333333333,False,1,4261,service,736.4064901034371
6029.0,2015-03-05 00:03:00,-58.192579,-23.366041,Panthera onca,670292B,10,Humid Chaco,Paraguay,-58.192579,-23.366041,18.0,False,1,4261,service,413.9544399071687
6030.0,2015-03-05 02:02:00,-58.191559,-23.366656,Panthera onca,670292B,10,Humid Chaco,Paraguay,-58.191559,-23.366656,1.9833333333333332,False,1,4261,service,459.97740667496277
6031.0,2015-03-05 04:02:00,-58.192561,-23.366326,Panthera onca,670292B,10,Humid Chaco,Paraguay,-58.192561,-23.366326,2.0,False,1,4261,service,443.30038057502645
6032.0,2015-03-05 06:03:00,-58.193784,-23.365812,Panthera onca,670292B,10,Humid Chaco,Paraguay,-58.193784,-23.365812,2.0166666666666666,False,1,4261,service,444.86911047608316
6033.0,2015-03-05 08:03:00,-58.193553,-23.364711,Panthera onca,670292B,10,Humid Chaco,Paraguay,-58.193553,-23.364711,2.0,False,1,4261,service,326.311173652222
6034.0,2015-03-05 22:02:00,-58.172464,-23.361521,Panthera onca,670292B,10,Humid Chaco,Paraguay,-58.172464,-23.361521,13.983333333333333,False,1,4261,service,649.0675790760654
6035.0,2015-03-06 02:01:00,-58.171614,-23.36091,Panthera onca,670292B,10,Humid Chaco,Paraguay,-58.171614,-23.36091,3.983333333333333,False,1,4261,service,613.7819691573595
6036.0,2015-03-06 04:03:00,-58.173317,-23.362595,Panthera onca,670292B,10,Humid Chaco,Paraguay,-58.173317,-23.362595,2.033333333333333,False,1,4261,service,731.0357451252122
6037.0,2015-03-06 10:02:00,-58.171657,-23.360745,Panthera onca,670292B,10,Humid Chaco,Paraguay,-58.171657,-23.360745,5.983333333333333,False,1,4261,service,595.0835761941573
6038.0,2015-03-06 22:03:00,-58.172928,-23.359153,Panthera onca,670292B,10,Humid Chaco,Paraguay,-58.172928,-23.359153,12.016666666666667,False,1,4261,service,385.868435728422
6039.0,2015-03-07 00:01:00,-58.173469,-23.359526,Panthera onca,670292B,10,Humid Chaco,Paraguay,-58.173469,-23.359526,1.9666666666666663,False,1,4261,service,406.38617451137065
6040.0,2015-03-07 04:02:00,-58.173547,-23.3596,Panthera onca,670292B,10,Humid Chaco,Paraguay,-58.173547,-23.3596,4.016666666666667,False,1,4261,service,411.36002968829087
6041.0,2015-03-07 06:02:00,-58.173383,-23.359535,Panthera onca,670292B,10,Humid Chaco,Paraguay,-58.173383,-23.359535,2.0,False,1,4261,service,410.3282812483912
6042.0,2015-03-07 08:03:00,-58.173588,-23.359508,Panthera onca,670292B,10,Humid Chaco,Paraguay,-58.173588,-23.359508,2.0166666666666666,False,1,4261,service,400.354277230513
6043.0,2015-03-07 10:03:00,-58.173636,-23.359591,Panthera onca,670292B,10,Humid Chaco,Paraguay,-58.173636,-23.359591,2.0,False,1,4261,service,407.31308614648685
6044.0,2015-03-07 22:02:00,-58.171527,-23.360848,Panthera onca,670292B,10,Humid Chaco,Paraguay,-58.171527,-23.360848,11.983333333333333,False,1,4261,service,610.2266411388824
6045.0,2015-03-08 00:02:00,-58.171732,-23.360709,Panthera onca,670292B,10,Humid Chaco,Paraguay,-58.171732,-23.360709,2.0,False,1,4261,service,588.7962067624936
6046.0,2015-03-08 02:01:00,-58.17158,-23.360783,Panthera onca,670292B,10,Humid Chaco,Paraguay,-58.17158,-23.360783,1.9833333333333332,False,1,4261,service,601.6473488228823
6047.0,2015-03-08 04:02:00,-58.171645,-23.360849,Panthera onca,670292B,10,Humid Chaco,Paraguay,-58.171645,-23.360849,2.0166666666666666,False,1,4261,service,606.3610896317858
6048.0,2015-03-08 06:03:00,-58.17153,-23.360592,Panthera onca,670292B,10,Humid Chaco,Paraguay,-58.17153,-23.360592,2.0166666666666666,False,1,4261,service,583.3595022748949
6049.0,2015-03-08 08:01:00,-58.171614,-23.360733,Panthera onca,670292B,10,Humid Chaco,Paraguay,-58.171614,-23.360733,1.9666666666666663,False,1,4261,service,595.2756438728389
6050.0,2015-03-08 10:02:00,-58.171644,-23.360725,Panthera onca,670292B,10,Humid Chaco,Paraguay,-58.171644,-23.360725,2.0166666666666666,False,1,4261,service,593.4298503668867
6051.0,2015-03-08 22:01:00,-58.170449,-23.362308,Panthera onca,670292B,10,Humid Chaco,Paraguay,-58.170449,-23.362308,11.983333333333333,False,1,4261,service,799.14693767584
6052.0,2015-03-09 00:00:00,-58.164597,-23.360978,Panthera onca,670292B,10,Humid Chaco,Paraguay,-58.164597,-23.360978,1.9833333333333332,False,1,4261,service,891.3378389511345
6053.0,2015-03-09 06:01:00,-58.171582,-23.360734,Panthera onca,670292B,10,Humid Chaco,Paraguay,-58.171582,-23.360734,6.016666666666667,False,1,4261,service,596.4568393582797
6054.0,2015-03-09 08:02:00,-58.171606,-23.360784,Panthera onca,670292B,10,Humid Chaco,Paraguay,-58.171606,-23.360784,2.0166666666666666,False,1,4261,service,600.8771346245994
6055.0,2015-03-09 22:03:00,-58.16887,-23.347164,Panthera onca,670292B,10,Humid Chaco,Paraguay,-58.16887,-23.347164,14.016666666666667,False,1,4261,service,659.4415188469525
6056.0,2015-03-10 01:02:00,-58.179125,-23.340999,Panthera onca,670292B,10,Humid Chaco,Paraguay,-58.179125,-23.340999,2.9833333333333334,False,1,4261,service,1720.7489096390427
6057.0,2015-03-10 10:02:00,-58.184305,-23.331289,Panthera onca,670292B,10,Humid Chaco,Paraguay,-58.184305,-23.331289,9.0,False,1,4318,service,2873.394928860017
6058.0,2015-03-10 22:01:00,-58.212106,-23.316816,Panthera onca,670292B,10,Humid Chaco,Paraguay,-58.212106,-23.316816,11.983333333333333,False,1,4300,track,3068.555632422166
6059.0,2015-03-11 00:02:00,-58.213449,-23.315738,Panthera onca,670292B,10,Humid Chaco,Paraguay,-58.213449,-23.315738,2.0166666666666666,False,1,4300,track,2887.067094889626
6060.0,2015-03-11 02:01:00,-58.216671,-23.324653,Panthera onca,670292B,10,Humid Chaco,Paraguay,-58.216671,-23.324653,1.9833333333333332,False,1,4300,track,3482.1474690192535
6061.0,2015-03-11 08:03:00,-58.216393,-23.325277,Panthera onca,670292B,10,Humid Chaco,Paraguay,-58.216393,-23.325277,6.033333333333333,False,1,4300,track,3556.32569987995
6062.0,2015-03-11 22:03:00,-58.211835,-23.317334,Panthera onca,670292B,10,Humid Chaco,Paraguay,-58.211835,-23.317334,14.0,False,1,4300,track,3128.7722189346837
6063.0,2015-03-12 02:01:00,-58.211322,-23.317427,Panthera onca,670292B,10,Humid Chaco,Paraguay,-58.211322,-23.317427,3.966666666666667,False,1,4300,track,3173.0984035421534
6064.0,2015-03-12 04:02:00,-58.211297,-23.317658,Panthera onca,670292B,10,Humid Chaco,Paraguay,-58.211297,-23.317658,2.0166666666666666,False,1,4300,track,3192.9838938343464
6065.0,2015-03-12 08:02:00,-58.208541,-23.31886,Panthera onca,670292B,10,Humid Chaco,Paraguay,-58.208541,-23.31886,4.0,False,1,4318,service,3466.8089075192115
6066.0,2015-03-12 10:01:00,-58.208963,-23.319003,Panthera onca,670292B,10,Humid Chaco,Paraguay,-58.208963,-23.319003,1.9833333333333332,False,1,4300,track,3467.517906700193
6067.0,2015-03-12 22:02:00,-58.19912,-23.33466,Panthera onca,670292B,10,Humid Chaco,Paraguay,-58.19912,-23.33466,12.016666666666667,False,1,4261,service,2892.771626239182
6068.0,2015-03-13 00:01:00,-58.199138,-23.334593,Panthera onca,670292B,10,Humid Chaco,Paraguay,-58.199138,-23.334593,1.9833333333333332,False,1,4261,service,2900.228719624104
6069.0,2015-03-13 00:58:00,-58.198503,-23.334957,Panthera onca,670292B,10,Humid Chaco,Paraguay,-58.198503,-23.334957,0.95,False,1,4261,service,2859.2109112506214
6070.0,2015-03-13 06:02:00,-58.199112,-23.334693,Panthera onca,670292B,10,Humid Chaco,Paraguay,-58.199112,-23.334693,5.066666666666666,False,1,4261,service,2889.1009759365274
6071.0,2015-03-13 22:01:00,-58.199056,-23.334654,Panthera onca,670292B,10,Humid Chaco,Paraguay,-58.199056,-23.334654,15.983333333333333,False,1,4261,service,2893.301859104841
6072.0,2015-03-14 00:02:00,-58.199151,-23.334543,Panthera onca,670292B,10,Humid Chaco,Paraguay,-58.199151,-23.334543,2.0166666666666666,False,1,4261,service,2905.7933450799446
6073.0,2015-03-14 02:02:00,-58.199128,-23.334657,Panthera onca,670292B,10,Humid Chaco,Paraguay,-58.199128,-23.334657,2.0,False,1,4261,service,2893.121510826202
6074.0,2015-03-14 04:02:00,-58.199062,-23.334632,Panthera onca,670292B,10,Humid Chaco,Paraguay,-58.199062,-23.334632,2.0,False,1,4261,service,2895.749273734166
6075.0,2015-03-14 06:01:00,-58.199097,-23.334629,Panthera onca,670292B,10,Humid Chaco,Paraguay,-58.199097,-23.334629,1.9833333333333332,False,1,4261,service,2896.1535024943173
6076.0,2015-03-14 08:03:00,-58.198989,-23.334649,Panthera onca,670292B,10,Humid Chaco,Paraguay,-58.198989,-23.334649,2.033333333333333,False,1,4261,service,2893.731010614506
6077.0,2015-03-14 22:02:00,-58.200722,-23.326902,Panthera onca,670292B,10,Humid Chaco,Paraguay,-58.200722,-23.326902,13.983333333333333,False,1,4318,service,3302.5146278480183
6078.0,2015-03-15 00:02:00,-58.199893,-23.327003,Panthera onca,670292B,10,Humid Chaco,Paraguay,-58.199893,-23.327003,2.0,False,1,4318,service,3250.284322486863
6079.0,2015-03-15 02:03:00,-58.204143,-23.327542,Panthera onca,670292B,10,Humid Chaco,Paraguay,-58.204143,-23.327542,2.0166666666666666,False,1,4318,service,3607.737866027485
6080.0,2015-03-15 04:03:00,-58.220464,-23.32923,Panthera onca,670292B,10,Humid Chaco,Paraguay,-58.220464,-23.32923,2.0,False,1,4261,service,3632.4245869062306
6081.0,2015-03-15 08:03:00,-58.220325,-23.326463,Panthera onca,670292B,10,Humid Chaco,Paraguay,-58.220325,-23.326463,4.0,False,1,4300,track,3499.9255698054767
6082.0,2015-03-15 08:32:00,-58.22038,-23.326607,Panthera onca,670292B,10,Humid Chaco,Paraguay,-58.22038,-23.326607,0.4833333333333333,False,1,4300,track,3512.5555544950503
6083.0,2015-03-15 22:02:00,-58.216118,-23.327059,Panthera onca,670292B,10,Humid Chaco,Paraguay,-58.216118,-23.327059,13.5,False,1,4300,track,3743.036379224965
6084.0,2015-03-16 04:03:00,-58.216398,-23.327396,Panthera onca,670292B,10,Humid Chaco,Paraguay,-58.216398,-23.327396,6.016666666666667,False,1,4300,track,3762.7488541597295
6085.0,2015-03-16 22:03:00,-58.216035,-23.326878,Panthera onca,670292B,10,Humid Chaco,Paraguay,-58.216035,-23.326878,18.0,False,1,4300,track,3729.3781630259896
6086.0,2015-03-17 00:03:00,-58.215569,-23.32688,Panthera onca,670292B,10,Humid Chaco,Paraguay,-58.215569,-23.32688,2.0,False,1,4300,track,3752.4032113445483
6087.0,2015-03-17 02:02:00,-58.215814,-23.327071,Panthera onca,670292B,10,Humid Chaco,Paraguay,-58.215814,-23.327071,1.9833333333333332,False,1,4300,track,3758.921526137278
6088.0,2015-03-17 04:03:00,-58.215965,-23.326362,Panthera onca,670292B,10,Humid Chaco,Paraguay,-58.215965,-23.326362,2.0166666666666666,False,1,4300,track,3682.6226830921305
6089.0,2015-03-17 04:30:00,-58.216111,-23.327338,Panthera onca,670292B,10,Humid Chaco,Paraguay,-58.216111,-23.327338,0.45,False,1,4300,track,3770.662513181904
6090.0,2015-03-17 06:02:00,-58.215811,-23.32697,Panthera onca,670292B,10,Humid Chaco,Paraguay,-58.215811,-23.32697,1.5333333333333334,False,1,4300,track,3749.239899152024
6091.0,2015-03-17 10:03:00,-58.216032,-23.32711,Panthera onca,670292B,10,Humid Chaco,Paraguay,-58.216032,-23.32711,4.016666666666667,False,1,4300,track,3752.1586245975036
6092.0,2015-03-17 22:01:00,-58.218947,-23.321384,Panthera onca,670292B,10,Humid Chaco,Paraguay,-58.218947,-23.321384,11.966666666666669,False,1,4300,track,3052.7111907457074
6093.0,2015-03-18 00:02:00,-58.218825,-23.321222,Panthera onca,670292B,10,Humid Chaco,Paraguay,-58.218825,-23.321222,2.0166666666666666,False,1,4300,track,3043.066073765052
6094.0,2015-03-18 04:02:00,-58.218866,-23.321317,Panthera onca,670292B,10,Humid Chaco,Paraguay,-58.218866,-23.321317,4.0,False,1,4300,track,3050.220087823247
6095.0,2015-03-18 06:01:00,-58.218959,-23.32208,Panthera onca,670292B,10,Humid Chaco,Paraguay,-58.218959,-23.32208,1.9833333333333332,False,1,4300,track,3119.8852157254646
6096.0,2015-03-18 22:00:00,-58.22106,-23.322969,Panthera onca,670292B,10,Humid Chaco,Paraguay,-58.22106,-23.322969,15.983333333333333,False,1,4300,track,3114.471106314804
6097.0,2015-03-19 00:02:00,-58.221189,-23.322995,Panthera onca,670292B,10,Humid Chaco,Paraguay,-58.221189,-23.322995,2.033333333333333,False,1,4300,track,3111.8203275289047
6098.0,2015-03-19 02:02:00,-58.221061,-23.322872,Panthera onca,670292B,10,Humid Chaco,Paraguay,-58.221061,-23.322872,2.0,False,1,4300,track,3104.602447582917
6099.0,2015-03-19 04:01:00,-58.221053,-23.322887,Panthera onca,670292B,10,Humid Chaco,Paraguay,-58.221053,-23.322887,1.9833333333333332,False,1,4300,track,3106.4522549884086
6100.0,2015-03-19 06:03:00,-58.221305,-23.32298,Panthera onca,670292B,10,Humid Chaco,Paraguay,-58.221305,-23.32298,2.033333333333333,False,1,4300,track,3105.582004235395
6101.0,2015-03-19 08:01:00,-58.221104,-23.323022,Panthera onca,670292B,10,Humid Chaco,Paraguay,-58.221104,-23.323022,1.9666666666666663,False,1,4300,track,3118.036588775033
6102.0,2015-03-19 10:03:00,-58.227224,-23.323336,Panthera onca,670292B,10,Humid Chaco,Paraguay,-58.227224,-23.323336,2.033333333333333,False,1,4300,track,2957.8735966509794
6103.0,2015-03-19 22:03:00,-58.22992,-23.323506,Panthera onca,670292B,10,Humid Chaco,Paraguay,-58.22992,-23.323506,12.0,False,1,4300,track,2930.8818120293813
6104.0,2015-03-20 00:03:00,-58.22916,-23.318265,Panthera onca,670292B,10,Humid Chaco,Paraguay,-58.22916,-23.318265,2.0,False,1,4300,track,2368.43910949706
6105.0,2015-03-20 02:02:00,-58.234806,-23.309576,Panthera onca,670292B,10,Humid Chaco,Paraguay,-58.234806,-23.309576,1.9833333333333332,False,1,4300,track,1376.0200114621057
6106.0,2015-03-20 04:02:00,-58.234362,-23.309027,Panthera onca,670292B,10,Humid Chaco,Paraguay,-58.234362,-23.309027,2.0,False,1,4300,track,1311.1731438672548
6107.0,2015-03-20 08:02:00,-58.234348,-23.308712,Panthera onca,670292B,10,Humid Chaco,Paraguay,-58.234348,-23.308712,4.0,False,1,4300,track,1276.2934924393257
6108.0,2015-03-20 10:00:00,-58.239152,-23.303736,Panthera onca,670292B,10,Humid Chaco,Paraguay,-58.239152,-23.303736,1.9666666666666663,False,1,4300,track,765.5979009117004
6109.0,2015-03-20 22:03:00,-58.243641,-23.31046,Panthera onca,670292B,10,Humid Chaco,Paraguay,-58.243641,-23.31046,12.05,False,1,4300,track,1550.7508511437534
6110.0,2015-03-21 00:03:00,-58.244463,-23.31106,Panthera onca,670292B,10,Humid Chaco,Paraguay,-58.244463,-23.31106,2.0,False,1,4300,track,1624.8166282510647
6111.0,2015-03-21 00:28:00,-58.244563,-23.311123,Panthera onca,670292B,10,Humid Chaco,Paraguay,-58.244563,-23.311123,0.4166666666666667,False,1,4300,track,1632.7255692152785
6112.0,2015-03-21 04:02:00,-58.244395,-23.311129,Panthera onca,670292B,10,Humid Chaco,Paraguay,-58.244395,-23.311129,3.566666666666667,False,1,4300,track,1631.7670023127766
6113.0,2015-03-21 08:02:00,-58.244395,-23.311136,Panthera onca,670292B,10,Humid Chaco,Paraguay,-58.244395,-23.311136,4.0,False,1,4300,track,1632.5386327782192
6114.0,2015-03-21 10:03:00,-58.244733,-23.310224,Panthera onca,670292B,10,Humid Chaco,Paraguay,-58.244733,-23.310224,2.0166666666666666,False,1,4300,track,1535.265456122003
6115.0,2015-03-22 00:03:00,-58.244661,-23.311998,Panthera onca,670292B,10,Humid Chaco,Paraguay,-58.244661,-23.311998,14.0,False,1,4300,track,1730.1243611957048
6116.0,2015-03-22 00:33:00,-58.244503,-23.311109,Panthera onca,670292B,10,Humid Chaco,Paraguay,-58.244503,-23.311109,0.5,False,1,4300,track,1630.6037473212693
6117.0,2015-03-22 04:02:00,-58.244668,-23.311364,Panthera onca,670292B,10,Humid Chaco,Paraguay,-58.244668,-23.311364,3.4833333333333334,False,1,4300,track,1660.3041895986664
6118.0,2015-03-22 06:03:00,-58.242819,-23.313469,Panthera onca,670292B,10,Humid Chaco,Paraguay,-58.242819,-23.313469,2.0166666666666666,False,1,4300,track,1876.3619463719672
6119.0,2015-03-22 08:02:00,-58.236158,-23.325599,Panthera onca,670292B,10,Humid Chaco,Paraguay,-58.236158,-23.325599,1.9833333333333332,False,1,4300,track,3155.15504928339
6120.0,2015-03-22 10:01:00,-58.233549,-23.327931,Panthera onca,670292B,10,Humid Chaco,Paraguay,-58.233549,-23.327931,1.9833333333333332,False,1,4261,service,3149.0557708147053
6121.0,2015-03-22 22:03:00,-58.242595,-23.334613,Panthera onca,670292B,10,Humid Chaco,Paraguay,-58.242595,-23.334613,12.033333333333331,False,1,4262,track,2267.944270361736
6122.0,2015-03-23 00:01:00,-58.245411,-23.333123,Panthera onca,670292B,10,Humid Chaco,Paraguay,-58.245411,-23.333123,1.9666666666666663,False,1,4262,track,2422.0368739323744
6123.0,2015-03-23 00:34:00,-58.245468,-23.333328,Panthera onca,670292B,10,Humid Chaco,Paraguay,-58.245468,-23.333328,0.55,False,1,4262,track,2399.3380085227286
6124.0,2015-03-23 08:03:00,-58.247435,-23.334583,Panthera onca,670292B,10,Humid Chaco,Paraguay,-58.247435,-23.334583,7.483333333333333,False,1,4262,track,2260.3774696091637
6125.0,2015-03-23 08:30:00,-58.251784,-23.333275,Panthera onca,670292B,10,Humid Chaco,Paraguay,-58.251784,-23.333275,0.45,False,1,4262,track,2409.996935830471
6126.0,2015-03-23 10:03:00,-58.235739,-23.33775,Panthera onca,670292B,10,Humid Chaco,Paraguay,-58.235739,-23.33775,1.55,False,1,4261,service,2044.2219245997283
6127.0,2015-03-23 22:02:00,-58.200369,-23.332571,Panthera onca,670292B,10,Humid Chaco,Paraguay,-58.200369,-23.332571,11.983333333333333,False,1,4261,service,3129.1867048526406
6128.0,2015-03-24 00:03:00,-58.190332,-23.319817,Panthera onca,670292B,10,Humid Chaco,Paraguay,-58.190332,-23.319817,2.0166666666666666,False,1,4318,service,2002.1177422577962
6129.0,2015-03-24 02:03:00,-58.187859,-23.310949,Panthera onca,670292B,10,Humid Chaco,Paraguay,-58.187859,-23.310949,2.0,False,1,4318,service,1180.1511121742933
6130.0,2015-03-24 04:02:00,-58.188681,-23.311212,Panthera onca,670292B,10,Humid Chaco,Paraguay,-58.188681,-23.311212,1.9833333333333332,False,1,4318,service,1268.3059009594924
6131.0,2015-03-24 08:01:00,-58.185477,-23.306586,Panthera onca,670292B,10,Humid Chaco,Paraguay,-58.185477,-23.306586,3.983333333333333,False,1,4318,service,808.6904380382856
6132.0,2015-03-24 10:01:00,-58.194724,-23.325031,Panthera onca,670292B,10,Humid Chaco,Paraguay,-58.194724,-23.325031,2.0,False,1,4318,service,2732.9378620235916
6133.0,2015-03-24 22:03:00,-58.204395,-23.325416,Panthera onca,670292B,10,Humid Chaco,Paraguay,-58.204395,-23.325416,12.033333333333331,False,1,4318,service,3477.5964978334355
6134.0,2015-03-25 00:03:00,-58.215332,-23.301324,Panthera onca,670292B,10,Humid Chaco,Paraguay,-58.215332,-23.301324,2.0,False,1,4300,track,1895.614483107158
6135.0,2015-03-25 02:03:00,-58.215646,-23.286293,Panthera onca,670292B,10,Humid Chaco,Paraguay,-58.215646,-23.286293,2.0,False,1,4300,track,2176.090520325191
6136.0,2015-03-25 22:03:00,-58.201682,-23.293184,Panthera onca,670292B,10,Humid Chaco,Paraguay,-58.201682,-23.293184,20.0,False,1,4318,service,2800.677494290702
6137.0,2015-03-26 00:03:00,-58.201507,-23.29296,Panthera onca,670292B,10,Humid Chaco,Paraguay,-58.201507,-23.29296,2.0,False,1,4318,service,2796.9306768345327
6138.0,2015-03-26 04:03:00,-58.201234,-23.293734,Panthera onca,670292B,10,Humid Chaco,Paraguay,-58.201234,-23.293734,4.0,False,1,4318,service,2731.5524010272215
6139.0,2015-03-26 06:02:00,-58.203107,-23.294059,Panthera onca,670292B,10,Humid Chaco,Paraguay,-58.203107,-23.294059,1.9833333333333332,False,1,4318,service,2886.759586727658
6140.0,2015-03-26 22:01:00,-58.201472,-23.29284,Panthera onca,670292B,10,Humid Chaco,Paraguay,-58.201472,-23.29284,15.983333333333333,False,1,4318,service,2800.294345137013
6141.0,2015-03-27 00:03:00,-58.20163,-23.293488,Panthera onca,670292B,10,Humid Chaco,Paraguay,-58.20163,-23.293488,2.033333333333333,False,1,4318,service,2780.08844537368
6142.0,2015-03-27 22:03:00,-58.204028,-23.289762,Panthera onca,670292B,10,Humid Chaco,Paraguay,-58.204028,-23.289762,22.0,False,1,4300,track,3108.497213761699
6143.0,2015-03-28 00:03:00,-58.201799,-23.292996,Panthera onca,670292B,10,Humid Chaco,Paraguay,-58.201799,-23.292996,2.0,False,1,4318,service,2821.1478758377884
6144.0,2015-03-28 02:02:00,-58.206901,-23.290333,Panthera onca,670292B,10,Humid Chaco,Paraguay,-58.206901,-23.290333,1.9833333333333332,False,1,4300,track,2808.4650678807775
6145.0,2015-03-28 04:03:00,-58.201436,-23.292687,Panthera onca,670292B,10,Humid Chaco,Paraguay,-58.201436,-23.292687,2.0166666666666666,False,1,4318,service,2805.4412943046354
6146.0,2015-03-28 06:03:00,-58.201704,-23.293084,Panthera onca,670292B,10,Humid Chaco,Paraguay,-58.201704,-23.293084,2.0,False,1,4318,service,2807.9469578055555
6147.0,2015-03-28 08:03:00,-58.202136,-23.298586,Panthera onca,670292B,10,Humid Chaco,Paraguay,-58.202136,-23.298586,2.0,False,1,4318,service,2614.4353124742224
6148.0,2015-03-29 00:02:00,-58.201421,-23.292735,Panthera onca,670292B,10,Humid Chaco,Paraguay,-58.201421,-23.292735,15.983333333333333,False,1,4318,service,2801.4779209144153
6149.0,2015-03-29 02:03:00,-58.201668,-23.293,Panthera onca,670292B,10,Humid Chaco,Paraguay,-58.201668,-23.293,2.0166666666666666,False,1,4318,service,2809.191965043768
6150.0,2015-03-29 06:03:00,-58.201236,-23.29335,Panthera onca,670292B,10,Humid Chaco,Paraguay,-58.201236,-23.29335,4.0,False,1,4318,service,2751.8217850429883
6151.0,2015-03-29 08:03:00,-58.201072,-23.292688,Panthera onca,670292B,10,Humid Chaco,Paraguay,-58.201072,-23.292688,2.0,False,1,4318,service,2773.109267719295
6152.0,2015-03-29 10:03:00,-58.201998,-23.293233,Panthera onca,670292B,10,Humid Chaco,Paraguay,-58.201998,-23.293233,2.0,False,1,4318,service,2826.5747092726183
6153.0,2015-03-29 22:03:00,-58.193681,-23.286458,Panthera onca,670292B,10,Humid Chaco,Paraguay,-58.193681,-23.286458,12.0,False,1,4318,service,2646.1785709357005
6154.0,2015-03-30 00:03:00,-58.191013,-23.28794,Panthera onca,670292B,10,Humid Chaco,Paraguay,-58.191013,-23.28794,2.0,False,1,4318,service,2349.87002109989
6155.0,2015-03-30 09:01:00,-58.196663,-23.289638,Panthera onca,670292B,10,Humid Chaco,Paraguay,-58.196663,-23.289638,8.966666666666667,False,1,4318,service,2603.5400186547095
6156.0,2015-03-30 10:02:00,-58.186684,-23.289167,Panthera onca,670292B,10,Humid Chaco,Paraguay,-58.186684,-23.289167,1.0166666666666666,False,1,4318,service,1998.4788177739495
6157.0,2015-03-30 22:01:00,-58.189202,-23.289087,Panthera onca,670292B,10,Humid Chaco,Paraguay,-58.189202,-23.289087,11.983333333333333,False,1,4318,service,2139.395697604942
6158.0,2015-03-31 00:02:00,-58.189212,-23.289062,Panthera onca,670292B,10,Humid Chaco,Paraguay,-58.189212,-23.289062,2.0166666666666666,False,1,4318,service,2142.261153475615
6159.0,2015-03-31 02:03:00,-58.188478,-23.288878,Panthera onca,670292B,10,Humid Chaco,Paraguay,-58.188478,-23.288878,2.0166666666666666,False,1,4318,service,2118.31955177465
6160.0,2015-03-31 04:01:00,-58.189093,-23.289273,Panthera onca,670292B,10,Humid Chaco,Paraguay,-58.189093,-23.289273,1.9666666666666663,False,1,4318,service,2116.093803779446
6161.0,2015-03-31 06:01:00,-58.189323,-23.289196,Panthera onca,670292B,10,Humid Chaco,Paraguay,-58.189323,-23.289196,2.0,False,1,4318,service,2136.413887306766
6162.0,2015-03-31 08:03:00,-58.192047,-23.291075,Panthera onca,670292B,10,Humid Chaco,Paraguay,-58.192047,-23.291075,2.033333333333333,False,1,4318,service,2151.4609578561312
6163.0,2015-03-31 22:03:00,-58.188807,-23.288798,Panthera onca,670292B,10,Humid Chaco,Paraguay,-58.188807,-23.288798,14.0,False,1,4318,service,2143.8412863775106
6164.0,2015-04-01 00:03:00,-58.189223,-23.289453,Panthera onca,670292B,10,Humid Chaco,Paraguay,-58.189223,-23.289453,2.0,False,1,4318,service,2107.1936251233615
6165.0,2015-04-01 04:55:00,-58.18932,-23.289145,Panthera onca,670292B,10,Humid Chaco,Paraguay,-58.18932,-23.289145,4.866666666666666,False,1,4318,service,2140.892092413411
6166.0,2015-04-03 00:02:00,-58.189213,-23.289104,Panthera onca,670292B,10,Humid Chaco,Paraguay,-58.189213,-23.289104,43.11666666666667,True,2,4318,service,2138.4693995683638
6167.0,2015-04-09 00:02:00,-58.178012,-23.299044,Panthera onca,670292B,10,Humid Chaco,Paraguay,-58.178012,-23.299044,144.0,True,3,4318,service,615.239283549223
6168.0,2015-04-10 22:03:00,-58.19491,-23.382357,Panthera onca,670292B,10,Humid Chaco,Paraguay,-58.19491,-23.382357,46.016666666666666,True,4,4277,service,1787.2913588323825
6169.0,2015-04-11 02:02:00,-58.189313,-23.396861,Panthera onca,670292B,10,Humid Chaco,Paraguay,-58.189313,-23.396861,3.983333333333333,False,4,4277,service,82.55334441749581
6170.0,2015-04-11 04:02:00,-58.179524,-23.397721,Panthera onca,670292B,10,Humid Chaco,Paraguay,-58.179524,-23.397721,2.0,False,4,4333,service,10.01819940114968
6171.0,2015-04-12 00:03:00,-58.142005,-23.398749,Panthera onca,670292B,10,Humid Chaco,Paraguay,-58.142005,-23.398749,20.016666666666666,False,4,4342,track,680.5787177858178
6172.0,2015-04-13 00:03:00,-58.12877,-23.398992,Panthera onca,670292B,10,Humid Chaco,Paraguay,-58.12877,-23.398992,24.0,False,4,4341,track,735.601603920841
6173.0,2015-04-15 04:03:00,-58.194761,-23.369358,Panthera onca,670292B,10,Humid Chaco,Paraguay,-58.194761,-23.369358,52.0,True,5,4261,service,839.0410247951812
6174.0,2015-04-17 10:03:00,-58.243285,-23.336381,Panthera onca,670292B,10,Humid Chaco,Paraguay,-58.243285,-23.336381,54.0,True,6,4262,track,2066.8449388795975
6175.0,2015-04-18 06:02:00,-58.197123,-23.327405,Panthera onca,670292B,10,Humid Chaco,Paraguay,-58.197123,-23.327405,19.98333333333333,False,6,4318,service,3092.0029802817735
6176.0,2015-04-18 08:03:00,-58.19106,-23.313105,Panthera onca,670292B,10,Humid Chaco,Paraguay,-58.19106,-23.313105,2.0166666666666666,False,6,4318,service,1581.5897241372952
6177.0,2015-04-20 04:03:00,-58.176489,-23.348406,Panthera onca,670292B,10,Humid Chaco,Paraguay,-58.176489,-23.348406,44.0,True,7,4261,service,857.6067645082647
6178.0,2015-04-20 22:03:00,-58.162462,-23.367078,Panthera onca,670292B,10,Humid Chaco,Paraguay,-58.162462,-23.367078,18.0,False,7,4261,service,1594.3880143638532
6179.0,2015-04-21 00:02:00,-58.164765,-23.366555,Panthera onca,670292B,10,Humid Chaco,Paraguay,-58.164765,-23.366555,1.9833333333333332,False,7,4261,service,1448.4808619515811
6180.0,2015-04-24 00:03:00,-58.193802,-23.412298,Panthera onca,670292B,10,Humid Chaco,Paraguay,-58.193802,-23.412298,72.01666666666667,True,8,4277,service,1453.9501424433213
6181.0,2015-04-24 10:01:00,-58.186676,-23.417457,Panthera onca,670292B,10,Humid Chaco,Paraguay,-58.186676,-23.417457,9.966666666666669,False,8,4343,track,1760.1859047445653
6182.0,2015-04-26 10:01:00,-58.228457,-23.420487,Panthera onca,670292B,10,Humid Chaco,Paraguay,-58.228457,-23.420487,48.0,True,9,4299,track,1835.7109051134053
6183.0,2015-04-26 22:03:00,-58.227906,-23.396139,Panthera onca,670292B,10,Humid Chaco,Paraguay,-58.227906,-23.396139,12.033333333333331,False,9,4277,service,143.6338437538561
6184.0,2015-04-27 22:02:00,-58.224825,-23.37499,Panthera onca,670292B,10,Humid Chaco,Paraguay,-58.224825,-23.37499,23.98333333333333,False,9,4264,service,413.8638247875563
6185.0,2015-04-28 00:02:00,-58.227047,-23.374357,Panthera onca,670292B,10,Humid Chaco,Paraguay,-58.227047,-23.374357,2.0,False,9,4264,service,649.967179087211
6186.0,2015-04-29 00:03:00,-58.22702,-23.374151,Panthera onca,670292B,10,Humid Chaco,Paraguay,-58.22702,-23.374151,24.016666666666666,True,10,4264,service,656.6397066638885
6187.0,2015-04-29 10:03:00,-58.22695,-23.373809,Panthera onca,670292B,10,Humid Chaco,Paraguay,-58.22695,-23.373809,10.0,False,10,4264,service,665.3625874658698
6188.0,2015-04-30 04:02:00,-58.23132,-23.351356,Panthera onca,670292B,10,Humid Chaco,Paraguay,-58.23132,-23.351356,17.983333333333334,False,10,4261,service,1183.1027345292616
6189.0,2015-05-01 00:34:00,-58.233361,-23.341513,Panthera onca,670292B,10,Humid Chaco,Paraguay,-58.233361,-23.341513,20.53333333333333,False,10,4261,service,1764.188076740711
6190.0,2015-05-04 04:03:00,-58.215778,-23.323309,Panthera onca,670292B,10,Humid Chaco,Paraguay,-58.215778,-23.323309,75.48333333333333,True,11,4300,track,3400.447777216306
6191.0,2015-05-04 08:03:00,-58.216043,-23.32309,Panthera onca,670292B,10,Humid Chaco,Paraguay,-58.216043,-23.32309,4.0,False,11,4300,track,3365.56456841078
6192.0,2015-05-08 00:02:00,-58.218204,-23.313394,Panthera onca,670292B,10,Humid Chaco,Paraguay,-58.218204,-23.313394,87.98333333333333,True,12,4300,track,2365.9616852630284
6193.0,2015-05-08 10:02:00,-58.221036,-23.313483,Panthera onca,670292B,10,Humid Chaco,Paraguay,-58.221036,-23.313483,10.0,False,12,4300,track,2195.7100330285625
6194.0,2015-05-14 10:03:00,-58.178494,-23.404086,Panthera onca,670292B,10,Humid Chaco,Paraguay,-58.178494,-23.404086,144.01666666666668,True,13,4332,service,358.6949678028197
6195.0,2015-05-15 04:03:00,-58.174688,-23.408966,Panthera onca,670292B,10,Humid Chaco,Paraguay,-58.174688,-23.408966,18.0,False,13,4343,track,458.98797748898954
6196.0,2015-05-16 02:03:00,-58.185852,-23.397239,Panthera onca,670292B,10,Humid Chaco,Paraguay,-58.185852,-23.397239,22.0,False,13,4277,service,76.21758021242903
6197.0,2014-07-12 22:02:00,-58.083129,-23.293633,Panthera onca,670294A,11,Humid Chaco,Paraguay,-58.083129,-23.293633,,True,1,4336,track,401.5009995582591
6198.0,2014-07-13 04:02:00,-58.084245,-23.293719,Panthera onca,670294A,11,Humid Chaco,Paraguay,-58.084245,-23.293719,6.0,False,1,4336,track,491.54151055564756
6199.0,2014-07-13 08:02:00,-58.089652,-23.29432,Panthera onca,670294A,11,Humid Chaco,Paraguay,-58.089652,-23.29432,4.0,False,1,4336,track,941.6970174840353
6200.0,2014-07-13 22:00:00,-58.090167,-23.295007,Panthera onca,670294A,11,Humid Chaco,Paraguay,-58.090167,-23.295007,13.966666666666669,False,1,4336,track,1032.0735849033222
6201.0,2014-07-14 00:01:00,-58.089824,-23.295007,Panthera onca,670294A,11,Humid Chaco,Paraguay,-58.089824,-23.295007,2.0166666666666666,False,1,4336,track,1006.3927500239823
6202.0,2014-07-14 02:01:00,-58.08991,-23.294663,Panthera onca,670294A,11,Humid Chaco,Paraguay,-58.08991,-23.294663,2.0,False,1,4336,track,986.8850556544929
6203.0,2014-07-14 06:01:00,-58.089995,-23.294749,Panthera onca,670294A,11,Humid Chaco,Paraguay,-58.089995,-23.294749,4.0,False,1,4336,track,999.7357749237434
6204.0,2014-07-14 08:02:00,-58.089995,-23.294749,Panthera onca,670294A,11,Humid Chaco,Paraguay,-58.089995,-23.294749,2.0166666666666666,False,1,4336,track,999.7357749237434
6205.0,2014-07-14 10:02:00,-58.089995,-23.294663,Panthera onca,670294A,11,Humid Chaco,Paraguay,-58.089995,-23.294663,2.0,False,1,4336,track,993.249124851836
6206.0,2014-07-14 22:03:00,-58.091111,-23.295093,Panthera onca,670294A,11,Humid Chaco,Paraguay,-58.091111,-23.295093,12.016666666666667,False,1,4336,track,1109.2389372241896
6207.0,2014-07-15 00:00:00,-58.092141,-23.296466,Panthera onca,670294A,11,Humid Chaco,Paraguay,-58.092141,-23.296466,1.95,False,1,4336,track,1289.9156225114336
6208.0,2014-07-15 02:00:00,-58.092141,-23.296466,Panthera onca,670294A,11,Humid Chaco,Paraguay,-58.092141,-23.296466,2.0,False,1,4336,track,1289.9156225114336
6209.0,2014-07-15 04:00:00,-58.092141,-23.296466,Panthera onca,670294A,11,Humid Chaco,Paraguay,-58.092141,-23.296466,2.0,False,1,4336,track,1289.9156225114336
6210.0,2014-07-15 08:03:00,-58.092227,-23.296552,Panthera onca,670294A,11,Humid Chaco,Paraguay,-58.092227,-23.296552,4.05,False,1,4336,track,1302.841120352703
6211.0,2014-07-16 00:01:00,-58.093514,-23.298783,Panthera onca,670294A,11,Humid Chaco,Paraguay,-58.093514,-23.298783,15.966666666666669,False,1,4336,track,1567.472635116937
6212.0,2014-07-16 04:00:00,-58.093429,-23.298697,Panthera onca,670294A,11,Humid Chaco,Paraguay,-58.093429,-23.298697,3.983333333333333,False,1,4336,track,1554.6221185018471
6213.0,2014-07-16 06:00:00,-58.093343,-23.298697,Panthera onca,670294A,11,Humid Chaco,Paraguay,-58.093343,-23.298697,2.0,False,1,4336,track,1548.1832164015816
6214.0,2014-07-16 10:01:00,-58.093429,-23.299041,Panthera onca,670294A,11,Humid Chaco,Paraguay,-58.093429,-23.299041,4.016666666666667,False,1,4336,track,1580.5680608372747
6215.0,2014-07-16 22:01:00,-58.093514,-23.299127,Panthera onca,670294A,11,Humid Chaco,Paraguay,-58.093514,-23.299127,12.0,False,1,4336,track,1593.4185612543743
6216.0,2014-07-17 00:01:00,-58.093514,-23.299041,Panthera onca,670294A,11,Humid Chaco,Paraguay,-58.093514,-23.299041,2.0,False,1,4336,track,1586.932079890093
6217.0,2014-07-17 02:01:00,-58.093343,-23.299127,Panthera onca,670294A,11,Humid Chaco,Paraguay,-58.093343,-23.299127,2.0,False,1,4336,track,1580.61566394831
6218.0,2014-07-17 04:03:00,-58.093343,-23.299298,Panthera onca,670294A,11,Humid Chaco,Paraguay,-58.093343,-23.299298,2.033333333333333,False,1,4336,track,1593.513217881107
6219.0,2014-07-17 08:01:00,-58.093429,-23.299127,Panthera onca,670294A,11,Humid Chaco,Paraguay,-58.093429,-23.299127,3.966666666666667,False,1,4336,track,1587.054546136961
6220.0,2014-07-18 00:00:00,-58.095231,-23.301959,Panthera onca,670294A,11,Humid Chaco,Paraguay,-58.095231,-23.301959,15.983333333333333,False,1,4336,track,1935.5711017141205
6221.0,2014-07-18 04:00:00,-58.095403,-23.301873,Panthera onca,670294A,11,Humid Chaco,Paraguay,-58.095403,-23.301873,4.0,False,1,4336,track,1941.9623804931664
6222.0,2014-07-18 08:03:00,-58.095231,-23.302131,Panthera onca,670294A,11,Humid Chaco,Paraguay,-58.095231,-23.302131,4.05,False,1,4336,track,1948.5438975914724
6223.0,2014-07-18 10:03:00,-58.095489,-23.302131,Panthera onca,670294A,11,Humid Chaco,Paraguay,-58.095489,-23.302131,2.0,False,1,4336,track,1967.8603826554533
6224.0,2014-07-19 00:01:00,-58.095231,-23.303504,Panthera onca,670294A,11,Humid Chaco,Paraguay,-58.095231,-23.303504,13.966666666666669,False,1,4336,track,2030.709946119291
6225.0,2014-07-19 04:03:00,-58.094287,-23.30359,Panthera onca,670294A,11,Humid Chaco,Paraguay,-58.094287,-23.30359,4.033333333333333,False,1,4336,track,1987.910029484947
6226.0,2014-07-19 08:03:00,-58.095746,-23.302903,Panthera onca,670294A,11,Humid Chaco,Paraguay,-58.095746,-23.302903,4.0,False,1,4336,track,1998.1925588287847
6227.0,2014-07-19 10:03:00,-58.093514,-23.304105,Panthera onca,670294A,11,Humid Chaco,Paraguay,-58.093514,-23.304105,2.0,False,1,4336,track,1968.405848451764
6228.0,2014-07-20 00:02:00,-58.095918,-23.311572,Panthera onca,670294A,11,Humid Chaco,Paraguay,-58.095918,-23.311572,13.983333333333333,False,1,4261,service,1430.8306516354726
6229.0,2014-07-20 06:03:00,-58.096175,-23.3114,Panthera onca,670294A,11,Humid Chaco,Paraguay,-58.096175,-23.3114,6.016666666666667,False,1,4261,service,1450.4713541508256
6230.0,2014-07-20 08:00:00,-58.095918,-23.3114,Panthera onca,670294A,11,Humid Chaco,Paraguay,-58.095918,-23.3114,1.95,False,1,4261,service,1449.8697179491357
6231.0,2014-07-20 10:01:00,-58.096089,-23.311486,Panthera onca,670294A,11,Humid Chaco,Paraguay,-58.096089,-23.311486,2.0166666666666666,False,1,4261,service,1440.7504997846083
6232.0,2014-07-20 22:02:00,-58.099265,-23.311744,Panthera onca,670294A,11,Humid Chaco,Paraguay,-58.099265,-23.311744,12.016666666666667,False,1,4336,track,1332.7052846757542
6233.0,2014-07-21 00:01:00,-58.098321,-23.316035,Panthera onca,670294A,11,Humid Chaco,Paraguay,-58.098321,-23.316035,1.9833333333333332,False,1,4261,service,915.6355619534792
6234.0,2014-07-21 02:01:00,-58.098235,-23.316293,Panthera onca,670294A,11,Humid Chaco,Paraguay,-58.098235,-23.316293,2.0,False,1,4261,service,888.5908703117645
6235.0,2014-07-21 04:02:00,-58.095918,-23.317409,Panthera onca,670294A,11,Humid Chaco,Paraguay,-58.095918,-23.317409,2.0166666666666666,False,1,4261,service,784.7197550449347
6236.0,2014-07-21 06:00:00,-58.095489,-23.316979,Panthera onca,670294A,11,Humid Chaco,Paraguay,-58.095489,-23.316979,1.9666666666666663,False,1,4261,service,831.3131821676412
6237.0,2014-07-21 22:02:00,-58.091798,-23.337235,Panthera onca,670294A,11,Humid Chaco,Paraguay,-58.091798,-23.337235,16.033333333333335,False,1,4261,service,1404.2295238249494
6238.0,2014-07-22 00:00:00,-58.091626,-23.33715,Panthera onca,670294A,11,Humid Chaco,Paraguay,-58.091626,-23.33715,1.9666666666666663,False,1,4261,service,1396.4331049295852
6239.0,2014-07-22 04:00:00,-58.09154,-23.337235,Panthera onca,670294A,11,Humid Chaco,Paraguay,-58.09154,-23.337235,4.0,False,1,4261,service,1406.5950147641133
6240.0,2014-07-22 08:32:00,-58.091798,-23.33715,Panthera onca,670294A,11,Humid Chaco,Paraguay,-58.091798,-23.33715,4.533333333333333,False,1,4261,service,1394.856114701171
6241.0,2014-07-22 10:01:00,-58.091626,-23.33715,Panthera onca,670294A,11,Humid Chaco,Paraguay,-58.091626,-23.33715,1.4833333333333334,False,1,4261,service,1396.4331049295852
6242.0,2014-07-23 06:00:00,-58.091455,-23.337321,Panthera onca,670294A,11,Humid Chaco,Paraguay,-58.091455,-23.337321,19.98333333333333,False,1,4261,service,1415.714120055721
6243.0,2014-07-23 10:01:00,-58.091455,-23.33715,Panthera onca,670294A,11,Humid Chaco,Paraguay,-58.091455,-23.33715,4.016666666666667,False,1,4261,service,1397.0465169068445
6244.0,2014-07-23 22:03:00,-58.097119,-23.349423,Panthera onca,670294A,11,Humid Chaco,Paraguay,-58.097119,-23.349423,12.033333333333331,False,1,4317,track,1966.0353618639278
6245.0,2014-07-24 02:03:00,-58.095574,-23.351827,Panthera onca,670294A,11,Humid Chaco,Paraguay,-58.095574,-23.351827,4.0,False,1,4317,track,1910.109444858855
6246.0,2014-07-24 06:00:00,-58.096433,-23.35217,Panthera onca,670294A,11,Humid Chaco,Paraguay,-58.096433,-23.35217,3.95,False,1,4317,track,1817.0811097394153
6247.0,2014-07-24 08:00:00,-58.096433,-23.35217,Panthera onca,670294A,11,Humid Chaco,Paraguay,-58.096433,-23.35217,2.0,False,1,4317,track,1817.0811097394153
6248.0,2014-07-24 10:02:00,-58.097377,-23.351912,Panthera onca,670294A,11,Humid Chaco,Paraguay,-58.097377,-23.351912,2.033333333333333,False,1,4317,track,1759.4184226050281
6249.0,2014-07-24 22:01:00,-58.097377,-23.351998,Panthera onca,670294A,11,Humid Chaco,Paraguay,-58.097377,-23.351998,11.983333333333333,False,1,4317,track,1753.3272746323216
6250.0,2014-07-25 00:01:00,-58.097377,-23.352084,Panthera onca,670294A,11,Humid Chaco,Paraguay,-58.097377,-23.352084,2.0,False,1,4317,track,1747.2667851919682
6251.0,2014-07-25 22:03:00,-58.082786,-23.352599,Panthera onca,670294A,11,Humid Chaco,Paraguay,-58.082786,-23.352599,22.03333333333333,False,1,4317,track,3030.161975947832
6252.0,2014-07-26 02:02:00,-58.072743,-23.360839,Panthera onca,670294A,11,Humid Chaco,Paraguay,-58.072743,-23.360839,3.983333333333333,False,1,4330,track,3081.506107343911
6253.0,2014-07-26 08:32:00,-58.072486,-23.361096,Panthera onca,670294A,11,Humid Chaco,Paraguay,-58.072486,-23.361096,6.5,False,1,4330,track,3063.733860315093
6254.0,2014-07-26 10:03:00,-58.075404,-23.359122,Panthera onca,670294A,11,Humid Chaco,Paraguay,-58.075404,-23.359122,1.5166666666666666,False,1,4330,track,3185.197949623494
6255.0,2014-07-27 04:03:00,-58.072143,-23.361697,Panthera onca,670294A,11,Humid Chaco,Paraguay,-58.072143,-23.361697,18.0,False,1,4330,track,3013.99844922225
6256.0,2014-07-27 08:00:00,-58.072743,-23.361354,Panthera onca,670294A,11,Humid Chaco,Paraguay,-58.072743,-23.361354,3.95,False,1,4330,track,3027.8658571737765
6257.0,2014-07-27 10:02:00,-58.076005,-23.359809,Panthera onca,670294A,11,Humid Chaco,Paraguay,-58.076005,-23.359809,2.033333333333333,False,1,4330,track,3096.8902399748795
6258.0,2014-07-27 22:03:00,-58.073258,-23.360839,Panthera onca,670294A,11,Humid Chaco,Paraguay,-58.073258,-23.360839,12.016666666666667,False,1,4330,track,3064.204730361093
6259.0,2014-07-28 00:02:00,-58.072486,-23.361096,Panthera onca,670294A,11,Humid Chaco,Paraguay,-58.072486,-23.361096,1.9833333333333332,False,1,4330,track,3063.733860315093
6260.0,2014-07-28 02:02:00,-58.072572,-23.361096,Panthera onca,670294A,11,Humid Chaco,Paraguay,-58.072572,-23.361096,2.0,False,1,4330,track,3060.69632413012
6261.0,2014-07-28 04:01:00,-58.072486,-23.361096,Panthera onca,670294A,11,Humid Chaco,Paraguay,-58.072486,-23.361096,1.9833333333333332,False,1,4330,track,3063.733860315093
6262.0,2014-07-28 06:00:00,-58.072572,-23.360925,Panthera onca,670294A,11,Humid Chaco,Paraguay,-58.072572,-23.360925,1.9833333333333332,False,1,4330,track,3078.4792446609245
6263.0,2014-07-28 22:02:00,-58.073602,-23.360152,Panthera onca,670294A,11,Humid Chaco,Paraguay,-58.073602,-23.360152,16.033333333333335,False,1,4330,track,3125.4908266760003
6264.0,2014-07-29 02:00:00,-58.072572,-23.361096,Panthera onca,670294A,11,Humid Chaco,Paraguay,-58.072572,-23.361096,3.966666666666667,False,1,4330,track,3060.69632413012
6265.0,2014-07-29 04:00:00,-58.072572,-23.361011,Panthera onca,670294A,11,Humid Chaco,Paraguay,-58.072572,-23.361011,2.0,False,1,4330,track,3069.5340675376624
6266.0,2014-07-29 08:00:00,-58.0724,-23.361011,Panthera onca,670294A,11,Humid Chaco,Paraguay,-58.0724,-23.361011,4.0,False,1,4330,track,3075.613809615915
6267.0,2014-07-29 10:02:00,-58.073344,-23.361182,Panthera onca,670294A,11,Humid Chaco,Paraguay,-58.073344,-23.361182,2.033333333333333,False,1,4330,track,3025.417597993041
6268.0,2014-07-30 00:02:00,-58.072658,-23.361011,Panthera onca,670294A,11,Humid Chaco,Paraguay,-58.072658,-23.361011,14.0,False,1,4330,track,3066.5274724571627
6269.0,2014-07-30 02:00:00,-58.072486,-23.361096,Panthera onca,670294A,11,Humid Chaco,Paraguay,-58.072486,-23.361096,1.9666666666666663,False,1,4330,track,3063.733860315093
6270.0,2014-07-30 06:03:00,-58.071456,-23.36247,Panthera onca,670294A,11,Humid Chaco,Paraguay,-58.071456,-23.36247,4.05,False,1,4330,track,2961.4339535305976
6271.0,2014-07-30 08:01:00,-58.072743,-23.360925,Panthera onca,670294A,11,Humid Chaco,Paraguay,-58.072743,-23.360925,1.9666666666666663,False,1,4330,track,3072.540236458543
6272.0,2014-07-30 10:03:00,-58.073602,-23.361182,Panthera onca,670294A,11,Humid Chaco,Paraguay,-58.073602,-23.361182,2.033333333333333,False,1,4330,track,3017.0235423050854
6273.0,2014-07-30 22:01:00,-58.076091,-23.360839,Panthera onca,670294A,11,Humid Chaco,Paraguay,-58.076091,-23.360839,11.966666666666669,False,1,4330,track,2983.8780326219508
6274.0,2014-07-31 00:01:00,-58.072572,-23.361096,Panthera onca,670294A,11,Humid Chaco,Paraguay,-58.072572,-23.361096,2.0,False,1,4330,track,3060.69632413012
6275.0,2014-07-31 02:01:00,-58.072572,-23.361096,Panthera onca,670294A,11,Humid Chaco,Paraguay,-58.072572,-23.361096,2.0,False,1,4330,track,3060.69632413012
6276.0,2014-07-31 04:02:00,-58.072743,-23.360753,Panthera onca,670294A,11,Humid Chaco,Paraguay,-58.072743,-23.360753,2.0166666666666666,False,1,4330,track,3090.475305259058
6277.0,2014-07-31 08:01:00,-58.072743,-23.360839,Panthera onca,670294A,11,Humid Chaco,Paraguay,-58.072743,-23.360839,3.983333333333333,False,1,4330,track,3081.506107343911
6278.0,2014-07-31 10:00:00,-58.072743,-23.360925,Panthera onca,670294A,11,Humid Chaco,Paraguay,-58.072743,-23.360925,1.9833333333333332,False,1,4330,track,3072.540236458543
6279.0,2014-08-01 00:00:00,-58.067937,-23.363585,Panthera onca,670294A,11,Humid Chaco,Paraguay,-58.067937,-23.363585,14.0,False,1,4330,track,3013.7753095546204
6280.0,2014-08-01 02:00:00,-58.067937,-23.363585,Panthera onca,670294A,11,Humid Chaco,Paraguay,-58.067937,-23.363585,2.0,False,1,4330,track,3013.7753095546204
6281.0,2014-08-01 08:00:00,-58.067851,-23.363585,Panthera onca,670294A,11,Humid Chaco,Paraguay,-58.067851,-23.363585,6.0,False,1,4330,track,3018.240066706283
6282.0,2014-08-01 22:00:00,-58.06828,-23.362727,Panthera onca,670294A,11,Humid Chaco,Paraguay,-58.06828,-23.362727,14.0,False,1,4330,track,3078.8984968173604
6283.0,2014-08-02 00:00:00,-58.066907,-23.362813,Panthera onca,670294A,11,Humid Chaco,Paraguay,-58.066907,-23.362813,2.0,False,1,4330,track,3141.1792612340773
6284.0,2014-08-02 02:03:00,-58.066907,-23.362985,Panthera onca,670294A,11,Humid Chaco,Paraguay,-58.066907,-23.362985,2.05,False,1,4330,track,3124.9253601167006
6285.0,2014-08-02 06:02:00,-58.066649,-23.362899,Panthera onca,670294A,11,Humid Chaco,Paraguay,-58.066649,-23.362899,3.983333333333333,False,1,4330,track,3146.871943011579
6286.0,2014-08-02 08:02:00,-58.066907,-23.362899,Panthera onca,670294A,11,Humid Chaco,Paraguay,-58.066907,-23.362899,2.0,False,1,4330,track,3133.0483813525175
6287.0,2014-08-03 10:01:00,-58.054376,-23.365302,Panthera onca,670294A,11,Humid Chaco,Paraguay,-58.054376,-23.365302,25.98333333333333,True,2,4330,track,3779.792250691263
6288.0,2014-08-04 00:03:00,-58.05223,-23.356376,Panthera onca,670294A,11,Humid Chaco,Paraguay,-58.05223,-23.356376,14.033333333333331,False,2,4314,service,3668.1347896829798
6289.0,2014-08-04 02:03:00,-58.04605,-23.360925,Panthera onca,670294A,11,Humid Chaco,Paraguay,-58.04605,-23.360925,2.0,False,2,4314,service,3599.8801300408995
6290.0,2014-08-04 04:00:00,-58.044763,-23.362641,Panthera onca,670294A,11,Humid Chaco,Paraguay,-58.044763,-23.362641,1.95,False,2,4314,service,3678.9205220503927
6291.0,2014-08-04 06:01:00,-58.044848,-23.363929,Panthera onca,670294A,11,Humid Chaco,Paraguay,-58.044848,-23.363929,2.0166666666666666,False,2,4314,service,3803.1860511292543
6292.0,2014-08-04 08:01:00,-58.033948,-23.368049,Panthera onca,670294A,11,Humid Chaco,Paraguay,-58.033948,-23.368049,2.0,False,2,3179,unclassified,2820.975721685073
6293.0,2014-08-04 10:03:00,-58.030515,-23.368306,Panthera onca,670294A,11,Humid Chaco,Paraguay,-58.030515,-23.368306,2.033333333333333,False,2,3179,unclassified,2470.010275480552
6294.0,2014-08-04 22:01:00,-58.029227,-23.368306,Panthera onca,670294A,11,Humid Chaco,Paraguay,-58.029227,-23.368306,11.966666666666669,False,2,3179,unclassified,2338.3571731592983
6295.0,2014-08-05 04:34:00,-58.026652,-23.368649,Panthera onca,670294A,11,Humid Chaco,Paraguay,-58.026652,-23.368649,6.55,False,2,3179,unclassified,2075.074272367243
6296.0,2014-08-05 06:01:00,-58.026652,-23.368735,Panthera onca,670294A,11,Humid Chaco,Paraguay,-58.026652,-23.368735,1.45,False,2,3179,unclassified,2075.0544544371473
6297.0,2014-08-05 08:02:00,-58.026481,-23.368564,Panthera onca,670294A,11,Humid Chaco,Paraguay,-58.026481,-23.368564,2.0166666666666666,False,2,3179,unclassified,2057.6151187425307
6298.0,2014-08-06 10:03:00,-58.031888,-23.375173,Panthera onca,670294A,11,Humid Chaco,Paraguay,-58.031888,-23.375173,26.016666666666666,True,3,3179,unclassified,2606.2069822734743
6299.0,2014-08-06 22:01:00,-58.035579,-23.376374,Panthera onca,670294A,11,Humid Chaco,Paraguay,-58.035579,-23.376374,11.966666666666669,False,3,4325,track,2905.473767392991
6300.0,2014-08-07 00:03:00,-58.040128,-23.376288,Panthera onca,670294A,11,Humid Chaco,Paraguay,-58.040128,-23.376288,2.033333333333333,False,3,4325,track,3039.065826664437
6301.0,2014-08-07 22:03:00,-58.054891,-23.376117,Panthera onca,670294A,11,Humid Chaco,Paraguay,-58.054891,-23.376117,22.0,False,3,4330,track,3106.3625252867
6302.0,2014-08-08 00:02:00,-58.058667,-23.37646,Panthera onca,670294A,11,Humid Chaco,Paraguay,-58.058667,-23.37646,1.9833333333333332,False,3,4330,track,2738.5687650978766
6303.0,2014-08-08 02:01:00,-58.067508,-23.37646,Panthera onca,670294A,11,Humid Chaco,Paraguay,-58.067508,-23.37646,1.9833333333333332,False,3,4330,track,1960.5107013592929
6304.0,2014-08-08 04:02:00,-58.070769,-23.376288,Panthera onca,670294A,11,Humid Chaco,Paraguay,-58.070769,-23.376288,2.0166666666666666,False,3,4330,track,1718.2256444986137
6305.0,2014-08-09 00:01:00,-58.082786,-23.37543,Panthera onca,670294A,11,Humid Chaco,Paraguay,-58.082786,-23.37543,19.98333333333333,False,3,4330,track,1286.5252167244173
6306.0,2014-08-09 02:02:00,-58.084331,-23.375773,Panthera onca,670294A,11,Humid Chaco,Paraguay,-58.084331,-23.375773,2.0166666666666666,False,3,4330,track,1257.2660265529644
6307.0,2014-08-09 22:00:00,-58.082957,-23.374915,Panthera onca,670294A,11,Humid Chaco,Paraguay,-58.082957,-23.374915,19.966666666666665,False,3,4330,track,1343.531669531027
6308.0,2014-08-10 02:00:00,-58.08742,-23.376288,Panthera onca,670294A,11,Humid Chaco,Paraguay,-58.08742,-23.376288,4.0,False,3,4330,track,1278.5888250601663
6309.0,2014-08-10 04:03:00,-58.097377,-23.377833,Panthera onca,670294A,11,Humid Chaco,Paraguay,-58.097377,-23.377833,2.05,False,3,4330,track,1798.918913160735
6310.0,2014-08-10 08:00:00,-58.099093,-23.378177,Panthera onca,670294A,11,Humid Chaco,Paraguay,-58.099093,-23.378177,3.95,False,3,4330,track,1926.201005452059
6311.0,2014-08-10 22:00:00,-58.096433,-23.381181,Panthera onca,670294A,11,Humid Chaco,Paraguay,-58.096433,-23.381181,14.0,False,3,4330,track,1529.8266737904846
6312.0,2014-08-11 00:02:00,-58.097892,-23.382468,Panthera onca,670294A,11,Humid Chaco,Paraguay,-58.097892,-23.382468,2.033333333333333,False,3,4330,track,1615.7883793325882
6313.0,2014-08-11 04:00:00,-58.100982,-23.384013,Panthera onca,670294A,11,Humid Chaco,Paraguay,-58.100982,-23.384013,3.966666666666667,False,3,4330,track,1880.2064666272308
6314.0,2014-08-11 22:03:00,-58.100553,-23.381352,Panthera onca,670294A,11,Humid Chaco,Paraguay,-58.100553,-23.381352,18.05,False,3,4330,track,1913.0707378806355
6315.0,2014-08-12 00:00:00,-58.101411,-23.381438,Panthera onca,670294A,11,Humid Chaco,Paraguay,-58.101411,-23.381438,1.95,False,3,4330,track,1993.0788434997846
6316.0,2014-08-12 04:01:00,-58.101754,-23.379979,Panthera onca,670294A,11,Humid Chaco,Paraguay,-58.101754,-23.379979,4.016666666666667,False,3,4330,track,2081.6417600464465
6317.0,2014-08-12 06:03:00,-58.101583,-23.379807,Panthera onca,670294A,11,Humid Chaco,Paraguay,-58.101583,-23.379807,2.033333333333333,False,3,4330,track,2072.7518062575564
6318.0,2014-08-12 08:00:00,-58.101668,-23.379979,Panthera onca,670294A,11,Humid Chaco,Paraguay,-58.101668,-23.379979,1.95,False,3,4330,track,2073.4998940010073
6319.0,2014-08-12 22:00:00,-58.10081,-23.378091,Panthera onca,670294A,11,Humid Chaco,Paraguay,-58.10081,-23.378091,14.0,False,3,4317,track,2032.7966504446526
6320.0,2014-08-13 08:00:00,-58.097034,-23.380837,Panthera onca,670294A,11,Humid Chaco,Paraguay,-58.097034,-23.380837,10.0,False,3,4330,track,1601.636986050307
6321.0,2014-08-13 10:00:00,-58.097034,-23.380923,Panthera onca,670294A,11,Humid Chaco,Paraguay,-58.097034,-23.380923,2.0,False,3,4330,track,1597.570481374895
6322.0,2014-08-14 02:01:00,-58.107848,-23.387275,Panthera onca,670294A,11,Humid Chaco,Paraguay,-58.107848,-23.387275,16.016666666666666,False,3,4341,track,1639.4860513754213
6323.0,2014-08-14 04:02:00,-58.107848,-23.387446,Panthera onca,670294A,11,Humid Chaco,Paraguay,-58.107848,-23.387446,2.0166666666666666,False,3,4341,track,1639.426478181838
6324.0,2014-08-14 06:02:00,-58.11214,-23.381953,Panthera onca,670294A,11,Humid Chaco,Paraguay,-58.11214,-23.381953,2.0,False,3,4341,track,1131.948679176555
6325.0,2014-08-14 08:03:00,-58.117118,-23.38058,Panthera onca,670294A,11,Humid Chaco,Paraguay,-58.117118,-23.38058,2.0166666666666666,False,3,4341,track,623.8820086707767
6326.0,2014-08-14 22:02:00,-58.105445,-23.381267,Panthera onca,670294A,11,Humid Chaco,Paraguay,-58.105445,-23.381267,13.983333333333333,False,3,4341,track,1816.5813023119247
6327.0,2014-08-15 00:01:00,-58.099952,-23.381095,Panthera onca,670294A,11,Humid Chaco,Paraguay,-58.099952,-23.381095,1.9833333333333332,False,3,4330,track,1865.0600783992004
6328.0,2014-08-15 02:03:00,-58.100295,-23.383069,Panthera onca,670294A,11,Humid Chaco,Paraguay,-58.100295,-23.383069,2.033333333333333,False,3,4330,track,1833.451979326207
6329.0,2014-08-15 06:00:00,-58.099523,-23.381953,Panthera onca,670294A,11,Humid Chaco,Paraguay,-58.099523,-23.381953,3.95,False,3,4330,track,1791.9620281529108
6330.0,2014-08-15 08:00:00,-58.099523,-23.381867,Panthera onca,670294A,11,Humid Chaco,Paraguay,-58.099523,-23.381867,2.0,False,3,4330,track,1794.9836094370303
6331.0,2014-08-15 10:03:00,-58.098235,-23.381524,Panthera onca,670294A,11,Humid Chaco,Paraguay,-58.098235,-23.381524,2.05,False,3,4330,track,1684.2019384502273
6332.0,2014-08-15 22:00:00,-58.099265,-23.381524,Panthera onca,670294A,11,Humid Chaco,Paraguay,-58.099265,-23.381524,11.95,False,3,4330,track,1782.6932697651641
6333.0,2014-08-16 00:01:00,-58.099437,-23.382039,Panthera onca,670294A,11,Humid Chaco,Paraguay,-58.099437,-23.382039,2.0166666666666666,False,3,4330,track,1780.6317280466217
6334.0,2014-08-16 02:01:00,-58.097806,-23.380837,Panthera onca,670294A,11,Humid Chaco,Paraguay,-58.097806,-23.380837,2.0,False,3,4330,track,1673.23637366733
6335.0,2014-08-16 09:08:00,-58.094287,-23.37234,Panthera onca,670294A,11,Humid Chaco,Paraguay,-58.094287,-23.37234,7.116666666666666,False,3,4330,track,2002.8168784708716
6336.0,2014-08-16 22:01:00,-58.092828,-23.364272,Panthera onca,670294A,11,Humid Chaco,Paraguay,-58.092828,-23.364272,12.883333333333333,False,3,4317,track,1830.8391359220807
6337.0,2014-08-17 00:01:00,-58.091197,-23.362985,Panthera onca,670294A,11,Humid Chaco,Paraguay,-58.091197,-23.362985,2.0,False,3,4317,track,1984.1446367912492
6338.0,2014-08-17 02:02:00,-58.086991,-23.36144,Panthera onca,670294A,11,Humid Chaco,Paraguay,-58.086991,-23.36144,2.0166666666666666,False,3,4317,track,2412.802761604201
6339.0,2014-08-17 06:03:00,-58.074889,-23.359895,Panthera onca,670294A,11,Humid Chaco,Paraguay,-58.074889,-23.359895,4.016666666666667,False,3,4330,track,3115.5654755188198
6340.0,2014-08-17 08:02:00,-58.062615,-23.362899,Panthera onca,670294A,11,Humid Chaco,Paraguay,-58.062615,-23.362899,1.9833333333333332,False,3,4330,track,3382.4589020151925
6341.0,2014-08-17 10:01:00,-58.061671,-23.362813,Panthera onca,670294A,11,Humid Chaco,Paraguay,-58.061671,-23.362813,1.9833333333333332,False,3,4330,track,3449.796971192959
6342.0,2014-08-18 00:00:00,-58.06313,-23.358436,Panthera onca,670294A,11,Humid Chaco,Paraguay,-58.06313,-23.358436,13.983333333333333,False,3,4330,track,3756.6847269220266
6343.0,2014-08-18 02:03:00,-58.06356,-23.358264,Panthera onca,670294A,11,Humid Chaco,Paraguay,-58.06356,-23.358264,2.05,False,3,4330,track,3749.4239580713424
6344.0,2014-08-18 06:03:00,-58.063474,-23.358607,Panthera onca,670294A,11,Humid Chaco,Paraguay,-58.063474,-23.358607,4.0,False,3,4330,track,3721.872181016283
6345.0,2014-08-18 10:01:00,-58.063388,-23.358521,Panthera onca,670294A,11,Humid Chaco,Paraguay,-58.063388,-23.358521,3.966666666666667,False,3,4330,track,3734.615180879203
6346.0,2014-08-18 22:02:00,-58.0615,-23.355088,Panthera onca,670294A,11,Humid Chaco,Paraguay,-58.0615,-23.355088,12.016666666666667,False,3,4261,service,3487.250280724998
6347.0,2014-08-19 02:00:00,-58.06313,-23.358521,Panthera onca,670294A,11,Humid Chaco,Paraguay,-58.06313,-23.358521,3.966666666666667,False,3,4330,track,3748.7510645114435
6348.0,2014-08-19 04:00:00,-58.063216,-23.358521,Panthera onca,670294A,11,Humid Chaco,Paraguay,-58.063216,-23.358521,2.0,False,3,4330,track,3744.02439549871
6349.0,2014-08-19 10:02:00,-58.063302,-23.358607,Panthera onca,670294A,11,Humid Chaco,Paraguay,-58.063302,-23.358607,6.033333333333333,False,3,4330,track,3731.272107211961
6350.0,2014-08-20 02:00:00,-58.063216,-23.358436,Panthera onca,670294A,11,Humid Chaco,Paraguay,-58.063216,-23.358436,15.966666666666669,False,3,4330,track,3751.9680498022713
6351.0,2014-08-20 04:02:00,-58.063216,-23.358436,Panthera onca,670294A,11,Humid Chaco,Paraguay,-58.063216,-23.358436,2.033333333333333,False,3,4330,track,3751.9680498022713
6352.0,2014-08-20 06:01:00,-58.063216,-23.358521,Panthera onca,670294A,11,Humid Chaco,Paraguay,-58.063216,-23.358521,1.9833333333333332,False,3,4330,track,3744.02439549871
6353.0,2014-08-20 08:02:00,-58.063216,-23.358521,Panthera onca,670294A,11,Humid Chaco,Paraguay,-58.063216,-23.358521,2.0166666666666666,False,3,4330,track,3744.02439549871
6354.0,2014-08-20 22:00:00,-58.06313,-23.358521,Panthera onca,670294A,11,Humid Chaco,Paraguay,-58.06313,-23.358521,13.966666666666669,False,3,4330,track,3748.7510645114435
6355.0,2014-08-21 00:00:00,-58.06313,-23.358521,Panthera onca,670294A,11,Humid Chaco,Paraguay,-58.06313,-23.358521,2.0,False,3,4330,track,3748.7510645114435
6356.0,2014-08-22 22:00:00,-58.059611,-23.35217,Panthera onca,670294A,11,Humid Chaco,Paraguay,-58.059611,-23.35217,46.0,True,4,4261,service,3230.048246983312
6357.0,2014-08-23 00:00:00,-58.058581,-23.351398,Panthera onca,670294A,11,Humid Chaco,Paraguay,-58.058581,-23.351398,2.0,False,4,4261,service,3184.753692022014
6358.0,2014-08-23 02:01:00,-58.058581,-23.351398,Panthera onca,670294A,11,Humid Chaco,Paraguay,-58.058581,-23.351398,2.0166666666666666,False,4,4261,service,3184.753692022014
6359.0,2014-08-23 06:00:00,-58.058667,-23.351226,Panthera onca,670294A,11,Humid Chaco,Paraguay,-58.058667,-23.351226,3.983333333333333,False,4,4261,service,3163.8317194547494
6360.0,2014-08-23 08:00:00,-58.058238,-23.346076,Panthera onca,670294A,11,Humid Chaco,Paraguay,-58.058238,-23.346076,2.0,False,4,4261,service,2650.2557347319653
6361.0,2014-08-23 22:01:00,-58.057466,-23.342557,Panthera onca,670294A,11,Humid Chaco,Paraguay,-58.057466,-23.342557,14.016666666666667,False,4,4261,service,2328.8264610156375
6362.0,2014-08-24 02:00:00,-58.055062,-23.341012,Panthera onca,670294A,11,Humid Chaco,Paraguay,-58.055062,-23.341012,3.983333333333333,False,4,4261,service,2306.340931012703
6363.0,2014-08-24 04:02:00,-58.055062,-23.341012,Panthera onca,670294A,11,Humid Chaco,Paraguay,-58.055062,-23.341012,2.033333333333333,False,4,4261,service,2306.340931012703
6364.0,2014-08-24 08:00:00,-58.055062,-23.340926,Panthera onca,670294A,11,Humid Chaco,Paraguay,-58.055062,-23.340926,3.966666666666667,False,4,4261,service,2298.4149078011937
6365.0,2014-08-24 22:02:00,-58.051972,-23.336463,Panthera onca,670294A,11,Humid Chaco,Paraguay,-58.051972,-23.336463,14.033333333333331,False,4,4261,service,2131.448344856145
6366.0,2014-08-25 06:01:00,-58.049226,-23.333373,Panthera onca,670294A,11,Humid Chaco,Paraguay,-58.049226,-23.333373,7.983333333333333,False,4,4314,service,1973.3654164946504
6367.0,2014-08-25 10:01:00,-58.049226,-23.333459,Panthera onca,670294A,11,Humid Chaco,Paraguay,-58.049226,-23.333459,4.0,False,4,4314,service,1976.7050279881419
6368.0,2014-08-26 00:01:00,-58.046908,-23.328567,Panthera onca,670294A,11,Humid Chaco,Paraguay,-58.046908,-23.328567,14.0,False,4,4314,service,1481.806904034962
6369.0,2014-08-26 04:00:00,-58.041844,-23.328652,Panthera onca,670294A,11,Humid Chaco,Paraguay,-58.041844,-23.328652,3.983333333333333,False,4,4314,service,1104.733347650646
6370.0,2014-08-27 00:38:00,-58.038583,-23.325219,Panthera onca,670294A,11,Humid Chaco,Paraguay,-58.038583,-23.325219,20.633333333333333,False,4,4314,service,697.3751115754937
6371.0,2014-08-27 04:03:00,-58.038239,-23.325906,Panthera onca,670294A,11,Humid Chaco,Paraguay,-58.038239,-23.325906,3.4166666666666665,False,4,4314,service,679.4255297732786
6372.0,2014-08-27 06:02:00,-58.038239,-23.323846,Panthera onca,670294A,11,Humid Chaco,Paraguay,-58.038239,-23.323846,1.9833333333333332,False,4,4314,service,630.2510814649793
6373.0,2014-08-27 08:00:00,-58.038068,-23.323932,Panthera onca,670294A,11,Humid Chaco,Paraguay,-58.038068,-23.323932,1.9666666666666663,False,4,4314,service,615.2307779633044
6374.0,2014-08-27 10:02:00,-58.037982,-23.325047,Panthera onca,670294A,11,Humid Chaco,Paraguay,-58.037982,-23.325047,2.033333333333333,False,4,4314,service,633.2629540645028
6375.0,2014-08-27 22:03:00,-58.038583,-23.323932,Panthera onca,670294A,11,Humid Chaco,Paraguay,-58.038583,-23.323932,12.016666666666667,False,4,4314,service,666.6506750441769
6376.0,2014-08-28 02:01:00,-58.039098,-23.320413,Panthera onca,670294A,11,Humid Chaco,Paraguay,-58.039098,-23.320413,3.966666666666667,False,4,4314,service,437.56997123128474
6377.0,2014-08-28 08:01:00,-58.039699,-23.318782,Panthera onca,670294A,11,Humid Chaco,Paraguay,-58.039699,-23.318782,6.0,False,4,4314,service,271.4357679097853
6378.0,2014-08-28 10:02:00,-58.039527,-23.321271,Panthera onca,670294A,11,Humid Chaco,Paraguay,-58.039527,-23.321271,2.0166666666666666,False,4,4314,service,539.0328986216344
6379.0,2014-08-28 22:00:00,-58.039956,-23.323588,Panthera onca,670294A,11,Humid Chaco,Paraguay,-58.039956,-23.323588,11.966666666666669,False,4,4314,service,795.525411916897
6380.0,2014-08-29 00:02:00,-58.0409,-23.323073,Panthera onca,670294A,11,Humid Chaco,Paraguay,-58.0409,-23.323073,2.033333333333333,False,4,4314,service,761.039318892684
6381.0,2014-08-29 04:02:00,-58.040814,-23.322988,Panthera onca,670294A,11,Humid Chaco,Paraguay,-58.040814,-23.322988,4.0,False,4,4314,service,750.1664055982517
6382.0,2014-08-29 08:02:00,-58.041759,-23.328309,Panthera onca,670294A,11,Humid Chaco,Paraguay,-58.041759,-23.328309,4.0,False,4,4314,service,1088.0876492286789
6383.0,2014-08-29 10:03:00,-58.042274,-23.327794,Panthera onca,670294A,11,Humid Chaco,Paraguay,-58.042274,-23.327794,2.0166666666666666,False,4,4314,service,1127.2671703472577
6384.0,2014-08-29 22:03:00,-58.042703,-23.334403,Panthera onca,670294A,11,Humid Chaco,Paraguay,-58.042703,-23.334403,12.0,False,4,4314,service,1428.933960093569
6385.0,2014-08-30 02:00:00,-58.039527,-23.33818,Panthera onca,670294A,11,Humid Chaco,Paraguay,-58.039527,-23.33818,3.95,False,4,4314,service,1473.1312799203995
6386.0,2014-08-30 06:02:00,-58.03884,-23.336205,Panthera onca,670294A,11,Humid Chaco,Paraguay,-58.03884,-23.336205,4.033333333333333,False,4,4314,service,1268.1980444007215
6387.0,2014-08-30 08:00:00,-58.037982,-23.335347,Panthera onca,670294A,11,Humid Chaco,Paraguay,-58.037982,-23.335347,1.9666666666666663,False,4,4314,service,1138.913508554647
6388.0,2014-08-30 10:00:00,-58.040214,-23.335261,Panthera onca,670294A,11,Humid Chaco,Paraguay,-58.040214,-23.335261,2.0,False,4,4314,service,1290.7860846318404
6389.0,2014-08-30 22:03:00,-58.04502,-23.332171,Panthera onca,670294A,11,Humid Chaco,Paraguay,-58.04502,-23.332171,12.05,False,4,4314,service,1524.1216514276127
6390.0,2014-08-31 00:01:00,-58.044848,-23.333459,Panthera onca,670294A,11,Humid Chaco,Paraguay,-58.044848,-23.333459,1.9666666666666663,False,4,4314,service,1565.8648689660433
6391.0,2014-08-31 02:00:00,-58.045278,-23.334746,Panthera onca,670294A,11,Humid Chaco,Paraguay,-58.045278,-23.334746,1.9833333333333332,False,4,4314,service,1672.1918299543868
6392.0,2014-08-31 04:01:00,-58.047166,-23.337064,Panthera onca,670294A,11,Humid Chaco,Paraguay,-58.047166,-23.337064,2.0166666666666666,False,4,4314,service,1971.9859250031382
6393.0,2014-08-31 06:01:00,-58.04811,-23.33818,Panthera onca,670294A,11,Humid Chaco,Paraguay,-58.04811,-23.33818,2.0,False,4,4314,service,2121.480550940373
6394.0,2014-08-31 10:01:00,-58.046308,-23.341613,Panthera onca,670294A,11,Humid Chaco,Paraguay,-58.046308,-23.341613,4.0,False,4,4314,service,2228.7309265204913
6395.0,2014-08-31 22:01:00,-58.0512,-23.343844,Panthera onca,670294A,11,Humid Chaco,Paraguay,-58.0512,-23.343844,12.0,False,4,4314,service,2760.5525793970564
6396.0,2014-09-01 00:00:00,-58.05326,-23.343158,Panthera onca,670294A,11,Humid Chaco,Paraguay,-58.05326,-23.343158,1.9833333333333332,False,4,4261,service,2606.2879147296335
6397.0,2014-09-01 02:01:00,-58.052831,-23.343158,Panthera onca,670294A,11,Humid Chaco,Paraguay,-58.052831,-23.343158,2.0166666666666666,False,4,4261,service,2631.111062121649
6398.0,2014-09-01 08:03:00,-58.049998,-23.345046,Panthera onca,670294A,11,Humid Chaco,Paraguay,-58.049998,-23.345046,6.033333333333333,False,4,4314,service,2764.231875146598
6399.0,2014-09-01 10:02:00,-58.051028,-23.345561,Panthera onca,670294A,11,Humid Chaco,Paraguay,-58.051028,-23.345561,1.9833333333333332,False,4,4314,service,2878.768609536545
6400.0,2014-09-02 00:01:00,-58.058324,-23.341269,Panthera onca,670294A,11,Humid Chaco,Paraguay,-58.058324,-23.341269,13.983333333333333,False,4,4261,service,2161.8879768926936
6401.0,2014-09-02 04:00:00,-58.05841,-23.341269,Panthera onca,670294A,11,Humid Chaco,Paraguay,-58.05841,-23.341269,3.983333333333333,False,4,4261,service,2157.903177545048
6402.0,2014-09-02 06:02:00,-58.059525,-23.341699,Panthera onca,670294A,11,Humid Chaco,Paraguay,-58.059525,-23.341699,2.033333333333333,False,4,4261,service,2152.432786073087
6403.0,2014-09-02 08:00:00,-58.058324,-23.341184,Panthera onca,670294A,11,Humid Chaco,Paraguay,-58.058324,-23.341184,1.9666666666666663,False,4,4261,service,2153.510767525214
6404.0,2014-09-02 22:03:00,-58.057551,-23.340926,Panthera onca,670294A,11,Humid Chaco,Paraguay,-58.057551,-23.340926,14.05,False,4,4261,service,2165.785700868028
6405.0,2014-09-03 04:00:00,-58.05738,-23.341527,Panthera onca,670294A,11,Humid Chaco,Paraguay,-58.05738,-23.341527,5.95,False,4,4261,service,2232.416970136128
6406.0,2014-09-03 06:00:00,-58.05738,-23.341527,Panthera onca,670294A,11,Humid Chaco,Paraguay,-58.05738,-23.341527,2.0,False,4,4261,service,2232.416970136128
6407.0,2014-09-03 08:00:00,-58.05738,-23.341527,Panthera onca,670294A,11,Humid Chaco,Paraguay,-58.05738,-23.341527,2.0,False,4,4261,service,2232.416970136128
6408.0,2014-09-03 22:00:00,-58.065963,-23.339295,Panthera onca,670294A,11,Humid Chaco,Paraguay,-58.065963,-23.339295,14.0,False,4,4261,service,1680.5517189754437
6409.0,2014-09-04 00:00:00,-58.065963,-23.33981,Panthera onca,670294A,11,Humid Chaco,Paraguay,-58.065963,-23.33981,2.0,False,4,4261,service,1736.210406694061
6410.0,2014-09-04 04:01:00,-58.065963,-23.33981,Panthera onca,670294A,11,Humid Chaco,Paraguay,-58.065963,-23.33981,4.016666666666667,False,4,4261,service,1736.210406694061
6411.0,2014-09-04 06:00:00,-58.065963,-23.33981,Panthera onca,670294A,11,Humid Chaco,Paraguay,-58.065963,-23.33981,1.9833333333333332,False,4,4261,service,1736.210406694061
6412.0,2014-09-04 10:01:00,-58.065963,-23.339639,Panthera onca,670294A,11,Humid Chaco,Paraguay,-58.065963,-23.339639,4.016666666666667,False,4,4261,service,1717.7196488551585
6413.0,2014-09-04 22:00:00,-58.065877,-23.33981,Panthera onca,670294A,11,Humid Chaco,Paraguay,-58.065877,-23.33981,11.983333333333333,False,4,4261,service,1738.1113235136518
6414.0,2014-09-05 02:00:00,-58.067508,-23.339639,Panthera onca,670294A,11,Humid Chaco,Paraguay,-58.067508,-23.339639,4.0,False,4,4261,service,1690.5480965026316
6415.0,2014-09-05 04:03:00,-58.067079,-23.339381,Panthera onca,670294A,11,Humid Chaco,Paraguay,-58.067079,-23.339381,2.05,False,4,4261,service,1668.4957375368956
6416.0,2014-09-05 08:00:00,-58.068452,-23.33672,Panthera onca,670294A,11,Humid Chaco,Paraguay,-58.068452,-23.33672,3.95,False,4,4261,service,1357.2162019810692
6417.0,2014-09-05 10:03:00,-58.068452,-23.336291,Panthera onca,670294A,11,Humid Chaco,Paraguay,-58.068452,-23.336291,2.05,False,4,4261,service,1310.1601667718603
6418.0,2014-09-06 00:33:00,-58.074288,-23.335862,Panthera onca,670294A,11,Humid Chaco,Paraguay,-58.074288,-23.335862,14.5,False,4,4261,service,1191.7519927194005
6419.0,2014-09-06 02:01:00,-58.074718,-23.33569,Panthera onca,670294A,11,Humid Chaco,Paraguay,-58.074718,-23.33569,1.4666666666666666,False,4,4261,service,1174.0272956051804
6420.0,2014-09-06 04:02:00,-58.07446,-23.335519,Panthera onca,670294A,11,Humid Chaco,Paraguay,-58.07446,-23.335519,2.0166666666666666,False,4,4261,service,1154.3159159753816
6421.0,2014-09-06 10:01:00,-58.068795,-23.337493,Panthera onca,670294A,11,Humid Chaco,Paraguay,-58.068795,-23.337493,5.983333333333333,False,4,4261,service,1437.5209409867255
6422.0,2014-09-07 00:00:00,-58.065963,-23.33981,Panthera onca,670294A,11,Humid Chaco,Paraguay,-58.065963,-23.33981,13.983333333333333,False,4,4261,service,1736.210406694061
6423.0,2014-09-07 04:01:00,-58.065963,-23.339896,Panthera onca,670294A,11,Humid Chaco,Paraguay,-58.065963,-23.339896,4.016666666666667,False,4,4261,service,1745.5134377826146
6424.0,2014-09-07 06:02:00,-58.065877,-23.33981,Panthera onca,670294A,11,Humid Chaco,Paraguay,-58.065877,-23.33981,2.0166666666666666,False,4,4261,service,1738.1113235136518
6425.0,2014-09-07 22:01:00,-58.067422,-23.338437,Panthera onca,670294A,11,Humid Chaco,Paraguay,-58.067422,-23.338437,15.983333333333333,False,4,4261,service,1559.9306966769304
6426.0,2014-09-08 00:03:00,-58.067765,-23.338437,Panthera onca,670294A,11,Humid Chaco,Paraguay,-58.067765,-23.338437,2.033333333333333,False,4,4261,service,1555.1225040055651
6427.0,2014-09-08 08:03:00,-58.066993,-23.337321,Panthera onca,670294A,11,Humid Chaco,Paraguay,-58.066993,-23.337321,8.0,False,4,4261,service,1445.1537619252467
6428.0,2014-09-08 10:01:00,-58.067508,-23.338437,Panthera onca,670294A,11,Humid Chaco,Paraguay,-58.067508,-23.338437,1.9666666666666663,False,4,4261,service,1558.703735664822
6429.0,2014-09-08 22:03:00,-58.066564,-23.338695,Panthera onca,670294A,11,Humid Chaco,Paraguay,-58.066564,-23.338695,12.033333333333331,False,4,4261,service,1602.8278432181605
6430.0,2014-09-09 06:02:00,-58.067594,-23.338351,Panthera onca,670294A,11,Humid Chaco,Paraguay,-58.067594,-23.338351,7.983333333333333,False,4,4261,service,1548.072077186525
6431.0,2014-09-10 00:03:00,-58.067422,-23.338695,Panthera onca,670294A,11,Humid Chaco,Paraguay,-58.067422,-23.338695,18.016666666666666,False,4,4261,service,1588.2111199728445
6432.0,2014-09-10 02:01:00,-58.067508,-23.338437,Panthera onca,670294A,11,Humid Chaco,Paraguay,-58.067508,-23.338437,1.9666666666666663,False,4,4261,service,1558.703735664822
6433.0,2014-09-10 04:00:00,-58.067508,-23.338351,Panthera onca,670294A,11,Humid Chaco,Paraguay,-58.067508,-23.338351,1.9833333333333332,False,4,4261,service,1549.2717896966433
6434.0,2014-09-10 08:01:00,-58.067508,-23.338351,Panthera onca,670294A,11,Humid Chaco,Paraguay,-58.067508,-23.338351,4.016666666666667,False,4,4261,service,1549.2717896966433
6435.0,2014-09-11 04:03:00,-58.066649,-23.338866,Panthera onca,670294A,11,Humid Chaco,Paraguay,-58.066649,-23.338866,20.03333333333333,False,4,4261,service,1619.7708112978596
6436.0,2014-09-12 04:01:00,-58.066564,-23.338866,Panthera onca,670294A,11,Humid Chaco,Paraguay,-58.066564,-23.338866,23.966666666666665,False,4,4261,service,1621.4083731307726
6437.0,2014-09-12 22:02:00,-58.066735,-23.338866,Panthera onca,670294A,11,Humid Chaco,Paraguay,-58.066735,-23.338866,18.016666666666666,False,4,4261,service,1618.159801259189
6438.0,2014-09-14 04:01:00,-58.066821,-23.338952,Panthera onca,670294A,11,Humid Chaco,Paraguay,-58.066821,-23.338952,29.98333333333333,True,5,4261,service,1625.9703501484485
6439.0,2014-09-14 08:01:00,-58.073173,-23.336806,Panthera onca,670294A,11,Humid Chaco,Paraguay,-58.073173,-23.336806,4.0,False,5,4261,service,1295.6784689906501
6440.0,2014-09-14 10:02:00,-58.073258,-23.33715,Panthera onca,670294A,11,Humid Chaco,Paraguay,-58.073258,-23.33715,2.0166666666666666,False,5,4261,service,1333.4616675014238
6441.0,2014-09-15 02:02:00,-58.073258,-23.336806,Panthera onca,670294A,11,Humid Chaco,Paraguay,-58.073258,-23.336806,16.0,False,5,4261,service,1295.390135233025
6442.0,2014-09-15 08:03:00,-58.071971,-23.335605,Panthera onca,670294A,11,Humid Chaco,Paraguay,-58.071971,-23.335605,6.016666666666667,False,5,4261,service,1174.2422069202553
6443.0,2014-09-16 02:01:00,-58.072314,-23.337064,Panthera onca,670294A,11,Humid Chaco,Paraguay,-58.072314,-23.337064,17.966666666666665,False,5,4261,service,1330.263562384798
6444.0,2014-09-16 22:02:00,-58.073258,-23.336892,Panthera onca,670294A,11,Humid Chaco,Paraguay,-58.073258,-23.336892,20.016666666666666,False,5,4261,service,1304.9079280596131
6445.0,2014-09-17 00:01:00,-58.073258,-23.336892,Panthera onca,670294A,11,Humid Chaco,Paraguay,-58.073258,-23.336892,1.9833333333333332,False,5,4261,service,1304.9079280596131
6446.0,2014-09-17 02:03:00,-58.072314,-23.33715,Panthera onca,670294A,11,Humid Chaco,Paraguay,-58.072314,-23.33715,2.033333333333333,False,5,4261,service,1339.7366300355188
6447.0,2014-09-17 04:00:00,-58.072314,-23.336892,Panthera onca,670294A,11,Humid Chaco,Paraguay,-58.072314,-23.336892,1.95,False,5,4261,service,1311.319553730706
6448.0,2014-09-17 06:02:00,-58.072228,-23.336978,Panthera onca,670294A,11,Humid Chaco,Paraguay,-58.072228,-23.336978,2.033333333333333,False,5,4261,service,1321.719930058599
6449.0,2014-09-17 22:02:00,-58.081155,-23.341613,Panthera onca,670294A,11,Humid Chaco,Paraguay,-58.081155,-23.341613,16.0,False,5,4261,service,1849.1972082395291
6450.0,2014-09-18 00:01:00,-58.08064,-23.341269,Panthera onca,670294A,11,Humid Chaco,Paraguay,-58.08064,-23.341269,1.9833333333333332,False,5,4261,service,1808.3864418097317
6451.0,2014-09-18 04:02:00,-58.080897,-23.341269,Panthera onca,670294A,11,Humid Chaco,Paraguay,-58.080897,-23.341269,4.016666666666667,False,5,4261,service,1809.5970515417973
6452.0,2014-09-18 06:03:00,-58.080211,-23.341184,Panthera onca,670294A,11,Humid Chaco,Paraguay,-58.080211,-23.341184,2.0166666666666666,False,5,4261,service,1797.8048834935416
6453.0,2014-09-19 02:03:00,-58.073258,-23.336892,Panthera onca,670294A,11,Humid Chaco,Paraguay,-58.073258,-23.336892,20.0,False,5,4261,service,1304.9079280596131
6454.0,2014-09-19 04:00:00,-58.073258,-23.336806,Panthera onca,670294A,11,Humid Chaco,Paraguay,-58.073258,-23.336806,1.95,False,5,4261,service,1295.390135233025
6455.0,2014-09-20 00:02:00,-58.064761,-23.33981,Panthera onca,670294A,11,Humid Chaco,Paraguay,-58.064761,-23.33981,20.03333333333333,False,5,4261,service,1766.566626870382
6456.0,2014-09-20 04:02:00,-58.064933,-23.339639,Panthera onca,670294A,11,Humid Chaco,Paraguay,-58.064933,-23.339639,4.0,False,5,4261,service,1743.5092677256096
6457.0,2014-09-20 10:01:00,-58.065104,-23.339553,Panthera onca,670294A,11,Humid Chaco,Paraguay,-58.065104,-23.339553,5.983333333333333,False,5,4261,service,1729.6302677104113
6458.0,2014-09-20 22:03:00,-58.059354,-23.340411,Panthera onca,670294A,11,Humid Chaco,Paraguay,-58.059354,-23.340411,12.033333333333331,False,5,4261,service,2030.0194910066414
6459.0,2014-09-21 02:02:00,-58.057637,-23.341699,Panthera onca,670294A,11,Humid Chaco,Paraguay,-58.057637,-23.341699,3.983333333333333,False,5,4261,service,2236.607862868246
6460.0,2014-09-21 04:00:00,-58.057723,-23.341269,Panthera onca,670294A,11,Humid Chaco,Paraguay,-58.057723,-23.341269,1.9666666666666663,False,5,4261,service,2190.5182435839874
6461.0,2014-09-21 22:00:00,-58.057809,-23.341441,Panthera onca,670294A,11,Humid Chaco,Paraguay,-58.057809,-23.341441,18.0,False,5,4261,service,2203.1274172233752
6462.0,2014-09-22 00:02:00,-58.057809,-23.341441,Panthera onca,670294A,11,Humid Chaco,Paraguay,-58.057809,-23.341441,2.033333333333333,False,5,4261,service,2203.1274172233752
6463.0,2014-09-22 04:03:00,-58.057637,-23.341613,Panthera onca,670294A,11,Humid Chaco,Paraguay,-58.057637,-23.341613,4.016666666666667,False,5,4261,service,2228.2129383309066
6464.0,2014-09-22 06:00:00,-58.057809,-23.341355,Panthera onca,670294A,11,Humid Chaco,Paraguay,-58.057809,-23.341355,1.95,False,5,4261,service,2194.728358328283
6465.0,2014-09-22 22:01:00,-58.057723,-23.341527,Panthera onca,670294A,11,Humid Chaco,Paraguay,-58.057723,-23.341527,16.016666666666666,False,5,4261,service,2215.667774403982
6466.0,2014-09-23 00:03:00,-58.058066,-23.341269,Panthera onca,670294A,11,Humid Chaco,Paraguay,-58.058066,-23.341269,2.033333333333333,False,5,4261,service,2174.011940012987
6467.0,2014-09-23 10:01:00,-58.057637,-23.341355,Panthera onca,670294A,11,Humid Chaco,Paraguay,-58.057637,-23.341355,9.966666666666669,False,5,4261,service,2203.083161464204
6468.0,2014-09-23 22:01:00,-58.057895,-23.341699,Panthera onca,670294A,11,Humid Chaco,Paraguay,-58.057895,-23.341699,12.0,False,5,4261,service,2224.3049603539253
6469.0,2014-09-24 04:01:00,-58.057723,-23.341269,Panthera onca,670294A,11,Humid Chaco,Paraguay,-58.057723,-23.341269,6.0,False,5,4261,service,2190.5182435839874
6470.0,2014-09-24 06:00:00,-58.057723,-23.341269,Panthera onca,670294A,11,Humid Chaco,Paraguay,-58.057723,-23.341269,1.9833333333333332,False,5,4261,service,2190.5182435839874
6471.0,2014-09-24 08:00:00,-58.057809,-23.341269,Panthera onca,670294A,11,Humid Chaco,Paraguay,-58.057809,-23.341269,2.0,False,5,4261,service,2186.33850390396
6472.0,2014-09-24 10:01:00,-58.057981,-23.341269,Panthera onca,670294A,11,Humid Chaco,Paraguay,-58.057981,-23.341269,2.0166666666666666,False,5,4261,service,2178.061455453324
6473.0,2014-09-24 22:01:00,-58.057809,-23.341527,Panthera onca,670294A,11,Humid Chaco,Paraguay,-58.057809,-23.341527,12.0,False,5,4261,service,2211.5355757199422
6474.0,2014-09-25 00:02:00,-58.057637,-23.341355,Panthera onca,670294A,11,Humid Chaco,Paraguay,-58.057637,-23.341355,2.0166666666666666,False,5,4261,service,2203.083161464204
6475.0,2014-09-25 08:03:00,-58.05738,-23.341527,Panthera onca,670294A,11,Humid Chaco,Paraguay,-58.05738,-23.341527,8.016666666666667,False,5,4261,service,2232.416970136128
6476.0,2014-09-25 10:01:00,-58.057551,-23.341355,Panthera onca,670294A,11,Humid Chaco,Paraguay,-58.057551,-23.341355,1.9666666666666663,False,5,4261,service,2207.301245354751
6477.0,2014-09-25 22:03:00,-58.058581,-23.340669,Panthera onca,670294A,11,Humid Chaco,Paraguay,-58.058581,-23.340669,12.033333333333331,False,5,4261,service,2090.785254303835
6478.0,2014-09-26 04:02:00,-58.049397,-23.345561,Panthera onca,670294A,11,Humid Chaco,Paraguay,-58.049397,-23.345561,5.983333333333333,False,5,4314,service,2757.528333497401
6479.0,2014-09-26 06:01:00,-58.039355,-23.336291,Panthera onca,670294A,11,Humid Chaco,Paraguay,-58.039355,-23.336291,1.9833333333333332,False,5,4314,service,1311.4802758344706
6480.0,2014-09-27 00:00:00,-58.057723,-23.341355,Panthera onca,670294A,11,Humid Chaco,Paraguay,-58.057723,-23.341355,17.983333333333334,False,5,4261,service,2198.8921474290037
6481.0,2014-09-27 06:02:00,-58.057723,-23.341269,Panthera onca,670294A,11,Humid Chaco,Paraguay,-58.057723,-23.341269,6.033333333333333,False,5,4261,service,2190.5182435839874
6482.0,2014-09-27 08:03:00,-58.057981,-23.341098,Panthera onca,670294A,11,Humid Chaco,Paraguay,-58.057981,-23.341098,2.0166666666666666,False,5,4261,service,2161.34328120672
6483.0,2014-09-27 22:02:00,-58.057723,-23.341269,Panthera onca,670294A,11,Humid Chaco,Paraguay,-58.057723,-23.341269,13.983333333333333,False,5,4261,service,2190.5182435839874
6484.0,2014-09-28 02:02:00,-58.056436,-23.349853,Panthera onca,670294A,11,Humid Chaco,Paraguay,-58.056436,-23.349853,4.0,False,5,4261,service,3107.0355771857517
6485.0,2014-09-28 04:02:00,-58.054376,-23.347964,Panthera onca,670294A,11,Humid Chaco,Paraguay,-58.054376,-23.347964,2.0,False,5,4261,service,3005.7120648579903
6486.0,2014-09-28 06:03:00,-58.041329,-23.341098,Panthera onca,670294A,11,Humid Chaco,Paraguay,-58.041329,-23.341098,2.0166666666666666,False,5,4314,service,1796.026201434366
6487.0,2014-09-28 08:02:00,-58.043818,-23.340755,Panthera onca,670294A,11,Humid Chaco,Paraguay,-58.043818,-23.340755,1.9833333333333332,False,5,4314,service,1984.0447455461506
6488.0,2014-09-28 10:01:00,-58.053689,-23.341956,Panthera onca,670294A,11,Humid Chaco,Paraguay,-58.053689,-23.341956,1.9833333333333332,False,5,4261,service,2471.7736154190097
6489.0,2014-09-29 04:02:00,-58.053432,-23.34187,Panthera onca,670294A,11,Humid Chaco,Paraguay,-58.053432,-23.34187,18.016666666666666,False,5,4261,service,2479.172201651259
6490.0,2014-09-29 06:00:00,-58.053689,-23.341956,Panthera onca,670294A,11,Humid Chaco,Paraguay,-58.053689,-23.341956,1.9666666666666663,False,5,4261,service,2471.7736154190097
6491.0,2014-09-29 08:00:00,-58.053689,-23.341956,Panthera onca,670294A,11,Humid Chaco,Paraguay,-58.053689,-23.341956,2.0,False,5,4261,service,2471.7736154190097
6492.0,2014-09-29 10:02:00,-58.053603,-23.342042,Panthera onca,670294A,11,Humid Chaco,Paraguay,-58.053603,-23.342042,2.033333333333333,False,5,4261,service,2484.6159946050416
6493.0,2014-09-30 00:02:00,-58.058496,-23.345819,Panthera onca,670294A,11,Humid Chaco,Paraguay,-58.058496,-23.345819,14.0,False,5,4261,service,2614.0324087879267
6494.0,2014-09-30 04:00:00,-58.053689,-23.341956,Panthera onca,670294A,11,Humid Chaco,Paraguay,-58.053689,-23.341956,3.966666666666667,False,5,4261,service,2471.7736154190097
6495.0,2014-09-30 08:33:00,-58.053689,-23.341956,Panthera onca,670294A,11,Humid Chaco,Paraguay,-58.053689,-23.341956,4.55,False,5,4261,service,2471.7736154190097
6496.0,2014-09-30 10:02:00,-58.058581,-23.345819,Panthera onca,670294A,11,Humid Chaco,Paraguay,-58.058581,-23.345819,1.4833333333333334,False,5,4261,service,2610.8313798976837
6497.0,2014-09-30 22:00:00,-58.057809,-23.341441,Panthera onca,670294A,11,Humid Chaco,Paraguay,-58.057809,-23.341441,11.966666666666669,False,5,4261,service,2203.1274172233752
6498.0,2014-10-01 00:03:00,-58.054633,-23.347621,Panthera onca,670294A,11,Humid Chaco,Paraguay,-58.054633,-23.347621,2.05,False,5,4261,service,2959.90180705027
6499.0,2014-10-01 02:00:00,-58.054633,-23.347449,Panthera onca,670294A,11,Humid Chaco,Paraguay,-58.054633,-23.347449,1.95,False,5,4261,service,2943.0024731036856
6500.0,2014-10-01 04:01:00,-58.054547,-23.347535,Panthera onca,670294A,11,Humid Chaco,Paraguay,-58.054547,-23.347535,2.0166666666666666,False,5,4261,service,2955.5124673552423
6501.0,2014-10-01 06:01:00,-58.054547,-23.347621,Panthera onca,670294A,11,Humid Chaco,Paraguay,-58.054547,-23.347621,2.0,False,5,4261,service,2963.9538072938344
6502.0,2014-10-02 00:30:00,-58.057637,-23.341355,Panthera onca,670294A,11,Humid Chaco,Paraguay,-58.057637,-23.341355,18.48333333333333,False,5,4261,service,2203.083161464204
6503.0,2014-10-02 02:02:00,-58.057551,-23.341441,Panthera onca,670294A,11,Humid Chaco,Paraguay,-58.057551,-23.341441,1.5333333333333334,False,5,4261,service,2215.652635039203
6504.0,2014-10-02 04:00:00,-58.057637,-23.341269,Panthera onca,670294A,11,Humid Chaco,Paraguay,-58.057637,-23.341269,1.9666666666666663,False,5,4261,service,2194.7252512618943
6505.0,2014-10-02 06:03:00,-58.056951,-23.342385,Panthera onca,670294A,11,Humid Chaco,Paraguay,-58.056951,-23.342385,2.05,False,5,4261,service,2336.789648633011
6506.0,2014-10-02 10:03:00,-58.057809,-23.338952,Panthera onca,670294A,11,Humid Chaco,Paraguay,-58.057809,-23.338952,4.0,False,5,4261,service,1963.8846975971287
6507.0,2014-10-03 00:02:00,-58.060298,-23.341184,Panthera onca,670294A,11,Humid Chaco,Paraguay,-58.060298,-23.341184,13.983333333333333,False,5,4261,service,2069.1685698353144
6508.0,2014-10-03 04:03:00,-58.060298,-23.341012,Panthera onca,670294A,11,Humid Chaco,Paraguay,-58.060298,-23.341012,4.016666666666667,False,5,4261,service,2051.547553406586
6509.0,2014-10-03 10:03:00,-58.060813,-23.341699,Panthera onca,670294A,11,Humid Chaco,Paraguay,-58.060813,-23.341699,6.0,False,5,4261,service,2102.6998199436903
6510.0,2014-10-03 22:01:00,-58.060384,-23.341184,Panthera onca,670294A,11,Humid Chaco,Paraguay,-58.060384,-23.341184,11.966666666666669,False,5,4261,service,2065.864078460381
6511.0,2014-10-04 04:03:00,-58.069654,-23.346334,Panthera onca,670294A,11,Humid Chaco,Paraguay,-58.069654,-23.346334,6.033333333333333,False,5,4261,service,2384.7693812319326
6512.0,2014-10-04 06:00:00,-58.070598,-23.350196,Panthera onca,670294A,11,Humid Chaco,Paraguay,-58.070598,-23.350196,1.95,False,5,4261,service,2794.6801478610982
6513.0,2014-10-04 08:03:00,-58.069139,-23.349853,Panthera onca,670294A,11,Humid Chaco,Paraguay,-58.069139,-23.349853,2.05,False,5,4261,service,2777.70333747152
6514.0,2014-10-05 00:00:00,-58.060384,-23.341184,Panthera onca,670294A,11,Humid Chaco,Paraguay,-58.060384,-23.341184,15.95,False,5,4261,service,2065.864078460381
6515.0,2014-10-05 02:00:00,-58.060298,-23.341184,Panthera onca,670294A,11,Humid Chaco,Paraguay,-58.060298,-23.341184,2.0,False,5,4261,service,2069.1685698353144
6516.0,2014-10-05 06:01:00,-58.060384,-23.340926,Panthera onca,670294A,11,Humid Chaco,Paraguay,-58.060384,-23.340926,4.016666666666667,False,5,4261,service,2039.3993127409392
6517.0,2014-10-05 10:02:00,-58.060298,-23.341098,Panthera onca,670294A,11,Humid Chaco,Paraguay,-58.060298,-23.341098,4.016666666666667,False,5,4261,service,2060.354896335338
6518.0,2014-10-06 00:02:00,-58.063989,-23.345218,Panthera onca,670294A,11,Humid Chaco,Paraguay,-58.063989,-23.345218,14.0,False,5,4261,service,2365.3006166083455
6519.0,2014-10-06 04:32:00,-58.044505,-23.350196,Panthera onca,670294A,11,Humid Chaco,Paraguay,-58.044505,-23.350196,4.5,False,5,4314,service,2623.31797550453
6520.0,2014-10-06 08:02:00,-58.044591,-23.350196,Panthera onca,670294A,11,Humid Chaco,Paraguay,-58.044591,-23.350196,3.5,False,5,4314,service,2630.058557139684
6521.0,2014-10-06 10:03:00,-58.058581,-23.342814,Panthera onca,670294A,11,Humid Chaco,Paraguay,-58.058581,-23.342814,2.0166666666666666,False,5,4261,service,2304.5063643913636
6522.0,2014-10-06 22:02:00,-58.060212,-23.340926,Panthera onca,670294A,11,Humid Chaco,Paraguay,-58.060212,-23.340926,11.983333333333333,False,5,4261,service,2046.1262439414745
6523.0,2014-10-07 05:08:00,-58.060384,-23.341784,Panthera onca,670294A,11,Humid Chaco,Paraguay,-58.060384,-23.341784,7.1,False,5,4261,service,2127.5912461872904
6524.0,2014-10-07 06:00:00,-58.060384,-23.341784,Panthera onca,670294A,11,Humid Chaco,Paraguay,-58.060384,-23.341784,0.8666666666666667,False,5,4261,service,2127.5912461872904
6525.0,2014-10-07 22:00:00,-58.062873,-23.345733,Panthera onca,670294A,11,Humid Chaco,Paraguay,-58.062873,-23.345733,16.0,False,5,4261,service,2450.179551419742
6526.0,2014-10-08 00:01:00,-58.06416,-23.361955,Panthera onca,670294A,11,Humid Chaco,Paraguay,-58.06416,-23.361955,2.0166666666666666,False,5,4330,track,3373.6681129056324
6527.0,2014-10-08 02:03:00,-58.064246,-23.361783,Panthera onca,670294A,11,Humid Chaco,Paraguay,-58.064246,-23.361783,2.033333333333333,False,5,4330,track,3384.415136987146
6528.0,2014-10-08 04:01:00,-58.064332,-23.362126,Panthera onca,670294A,11,Humid Chaco,Paraguay,-58.064332,-23.362126,1.9666666666666663,False,5,4330,track,3348.1047898823076
6529.0,2014-10-08 10:00:00,-58.064246,-23.362041,Panthera onca,670294A,11,Humid Chaco,Paraguay,-58.064246,-23.362041,5.983333333333333,False,5,4330,track,3360.840312888179
6530.0,2014-10-08 22:01:00,-58.064075,-23.361783,Panthera onca,670294A,11,Humid Chaco,Paraguay,-58.064075,-23.361783,12.016666666666667,False,5,4330,track,3394.282819370704
6531.0,2014-10-09 00:03:00,-58.064847,-23.361526,Panthera onca,670294A,11,Humid Chaco,Paraguay,-58.064847,-23.361526,2.033333333333333,False,5,4330,track,3374.024889929718
6532.0,2014-10-09 02:00:00,-58.064847,-23.361611,Panthera onca,670294A,11,Humid Chaco,Paraguay,-58.064847,-23.361611,1.95,False,5,4330,track,3366.145941815108
6533.0,2014-10-09 04:01:00,-58.064504,-23.361869,Panthera onca,670294A,11,Humid Chaco,Paraguay,-58.064504,-23.361869,2.0166666666666666,False,5,4330,track,3361.742550083437
6534.0,2014-10-09 08:01:00,-58.06416,-23.362041,Panthera onca,670294A,11,Humid Chaco,Paraguay,-58.06416,-23.362041,4.0,False,5,4330,track,3365.830028818962
6535.0,2014-10-09 10:00:00,-58.06416,-23.361955,Panthera onca,670294A,11,Humid Chaco,Paraguay,-58.06416,-23.361955,1.9833333333333332,False,5,4330,track,3373.6681129056324
6536.0,2014-10-09 22:02:00,-58.064504,-23.361955,Panthera onca,670294A,11,Humid Chaco,Paraguay,-58.064504,-23.361955,12.033333333333331,False,5,4330,track,3353.8495737545363
6537.0,2014-10-10 00:03:00,-58.064246,-23.359294,Panthera onca,670294A,11,Humid Chaco,Paraguay,-58.064246,-23.359294,2.0166666666666666,False,5,4330,track,3615.54690642955
6538.0,2014-10-10 02:00:00,-58.064332,-23.361869,Panthera onca,670294A,11,Humid Chaco,Paraguay,-58.064332,-23.361869,1.95,False,5,4330,track,3371.597356018767
6539.0,2014-10-11 01:02:00,-58.064332,-23.361955,Panthera onca,670294A,11,Humid Chaco,Paraguay,-58.064332,-23.361955,23.03333333333333,False,5,4330,track,3363.727498053472
6540.0,2014-10-11 02:00:00,-58.064332,-23.361955,Panthera onca,670294A,11,Humid Chaco,Paraguay,-58.064332,-23.361955,0.9666666666666668,False,5,4330,track,3363.727498053472
6541.0,2014-10-12 00:00:00,-58.064332,-23.361955,Panthera onca,670294A,11,Humid Chaco,Paraguay,-58.064332,-23.361955,22.0,False,5,4330,track,3363.727498053472
6542.0,2014-10-12 02:00:00,-58.064332,-23.361955,Panthera onca,670294A,11,Humid Chaco,Paraguay,-58.064332,-23.361955,2.0,False,5,4330,track,3363.727498053472
6543.0,2014-10-12 04:00:00,-58.064246,-23.361955,Panthera onca,670294A,11,Humid Chaco,Paraguay,-58.064246,-23.361955,2.0,False,5,4330,track,3368.6900037656483
6544.0,2014-10-12 06:00:00,-58.064332,-23.361869,Panthera onca,670294A,11,Humid Chaco,Paraguay,-58.064332,-23.361869,2.0,False,5,4330,track,3371.597356018767
6545.0,2014-10-12 08:02:00,-58.064075,-23.361955,Panthera onca,670294A,11,Humid Chaco,Paraguay,-58.064075,-23.361955,2.033333333333333,False,5,4330,track,3378.603601873661
6546.0,2014-10-12 10:02:00,-58.064418,-23.361869,Panthera onca,670294A,11,Humid Chaco,Paraguay,-58.064418,-23.361869,2.0,False,5,4330,track,3366.6620835611743
6547.0,2014-10-12 22:03:00,-58.060384,-23.342557,Panthera onca,670294A,11,Humid Chaco,Paraguay,-58.060384,-23.342557,12.016666666666667,False,5,4261,service,2207.171959202997
6548.0,2014-10-13 02:02:00,-58.060298,-23.341784,Panthera onca,670294A,11,Humid Chaco,Paraguay,-58.060298,-23.341784,3.983333333333333,False,5,4261,service,2130.8269104739893
6549.0,2014-10-13 06:03:00,-58.059955,-23.341784,Panthera onca,670294A,11,Humid Chaco,Paraguay,-58.059955,-23.341784,4.016666666666667,False,5,4261,service,2143.937425439007
6550.0,2014-10-13 08:00:00,-58.060384,-23.341784,Panthera onca,670294A,11,Humid Chaco,Paraguay,-58.060384,-23.341784,1.95,False,5,4261,service,2127.5912461872904
6551.0,2014-10-13 10:01:00,-58.060126,-23.341441,Panthera onca,670294A,11,Humid Chaco,Paraguay,-58.060126,-23.341441,2.0166666666666666,False,5,4261,service,2102.1648413281764
6552.0,2014-10-13 22:03:00,-58.059096,-23.341184,Panthera onca,670294A,11,Humid Chaco,Paraguay,-58.059096,-23.341184,12.033333333333331,False,5,4261,service,2118.6371874220304
6553.0,2014-10-14 00:00:00,-58.06004,-23.341527,Panthera onca,670294A,11,Humid Chaco,Paraguay,-58.06004,-23.341527,1.95,False,5,4261,service,2114.3189316437615
6554.0,2014-10-14 06:01:00,-58.054633,-23.340325,Panthera onca,670294A,11,Humid Chaco,Paraguay,-58.054633,-23.340325,6.016666666666667,False,5,4261,service,2268.604014766673
6555.0,2014-10-14 22:03:00,-58.059869,-23.341012,Panthera onca,670294A,11,Humid Chaco,Paraguay,-58.059869,-23.341012,16.033333333333335,False,5,4261,service,2068.651510477945
6556.0,2014-10-15 00:02:00,-58.06004,-23.341441,Panthera onca,670294A,11,Humid Chaco,Paraguay,-58.06004,-23.341441,1.9833333333333332,False,5,4261,service,2105.5225159028164
6557.0,2014-10-15 02:00:00,-58.060126,-23.341527,Panthera onca,670294A,11,Humid Chaco,Paraguay,-58.060126,-23.341527,1.9666666666666663,False,5,4261,service,2110.975250879378
6558.0,2014-10-15 04:02:00,-58.046565,-23.34393,Panthera onca,670294A,11,Humid Chaco,Paraguay,-58.046565,-23.34393,2.033333333333333,False,5,4314,service,2416.4024271935405
6559.0,2014-10-15 06:00:00,-58.060126,-23.341355,Panthera onca,670294A,11,Humid Chaco,Paraguay,-58.060126,-23.341355,1.9666666666666663,False,5,4261,service,2093.3606633837658
6560.0,2014-10-15 08:00:00,-58.060126,-23.341355,Panthera onca,670294A,11,Humid Chaco,Paraguay,-58.060126,-23.341355,2.0,False,5,4261,service,2093.3606633837658
6561.0,2014-10-15 10:03:00,-58.059525,-23.34084,Panthera onca,670294A,11,Humid Chaco,Paraguay,-58.059525,-23.34084,2.05,False,5,4261,service,2065.6045004809007
6562.0,2014-10-16 00:01:00,-58.059955,-23.341699,Panthera onca,670294A,11,Humid Chaco,Paraguay,-58.059955,-23.341699,13.966666666666669,False,5,4261,service,2135.2384396317643
6563.0,2014-10-16 04:00:00,-58.060126,-23.341441,Panthera onca,670294A,11,Humid Chaco,Paraguay,-58.060126,-23.341441,3.983333333333333,False,5,4261,service,2102.1648413281764
6564.0,2014-10-16 06:03:00,-58.060126,-23.341784,Panthera onca,670294A,11,Humid Chaco,Paraguay,-58.060126,-23.341784,2.05,False,5,4261,service,2137.340405481889
6565.0,2014-10-16 08:01:00,-58.06004,-23.341355,Panthera onca,670294A,11,Humid Chaco,Paraguay,-58.06004,-23.341355,1.9666666666666663,False,5,4261,service,2096.7324392566416
6566.0,2014-10-16 10:03:00,-58.059869,-23.341441,Panthera onca,670294A,11,Humid Chaco,Paraguay,-58.059869,-23.341441,2.033333333333333,False,5,4261,service,2112.2917138528655
6567.0,2014-10-16 22:00:00,-58.049054,-23.332429,Panthera onca,670294A,11,Humid Chaco,Paraguay,-58.049054,-23.332429,11.95,False,5,4314,service,1922.6402222722113
6568.0,2014-10-17 02:03:00,-58.027253,-23.346076,Panthera onca,670294A,11,Humid Chaco,Paraguay,-58.027253,-23.346076,4.05,False,5,4314,service,1254.4761557488246
6569.0,2014-10-17 04:02:00,-58.051629,-23.355775,Panthera onca,670294A,11,Humid Chaco,Paraguay,-58.051629,-23.355775,1.9833333333333332,False,5,4314,service,3578.2641732814577
6570.0,2014-10-17 06:02:00,-58.052745,-23.356719,Panthera onca,670294A,11,Humid Chaco,Paraguay,-58.052745,-23.356719,2.0,False,5,4314,service,3732.8564448410557
6571.0,2014-10-17 10:03:00,-58.059354,-23.344274,Panthera onca,670294A,11,Humid Chaco,Paraguay,-58.059354,-23.344274,4.016666666666667,False,5,4261,service,2422.6902119104275
6572.0,2014-10-17 22:03:00,-58.058581,-23.341355,Panthera onca,670294A,11,Humid Chaco,Paraguay,-58.058581,-23.341355,12.0,False,5,4261,service,2158.595680135943
6573.0,2014-10-18 00:02:00,-58.058581,-23.341527,Panthera onca,670294A,11,Humid Chaco,Paraguay,-58.058581,-23.341527,1.9833333333333332,False,5,4261,service,2175.6820917655605
6574.0,2014-10-18 02:03:00,-58.059268,-23.342643,Panthera onca,670294A,11,Humid Chaco,Paraguay,-58.059268,-23.342643,2.0166666666666666,False,5,4261,service,2258.810771673785
6575.0,2014-10-18 06:00:00,-58.058667,-23.341441,Panthera onca,670294A,11,Humid Chaco,Paraguay,-58.058667,-23.341441,3.95,False,5,4261,service,2163.2664855233043
6576.0,2014-10-18 08:01:00,-58.058581,-23.341441,Panthera onca,670294A,11,Humid Chaco,Paraguay,-58.058581,-23.341441,2.0166666666666666,False,5,4261,service,2167.1348063995156
6577.0,2014-10-18 10:00:00,-58.058667,-23.341441,Panthera onca,670294A,11,Humid Chaco,Paraguay,-58.058667,-23.341441,1.9833333333333332,False,5,4261,service,2163.2664855233043
6578.0,2014-10-19 00:01:00,-58.056006,-23.340154,Panthera onca,670294A,11,Humid Chaco,Paraguay,-58.056006,-23.340154,14.016666666666667,False,5,4261,service,2173.989803328545
6579.0,2014-10-19 04:00:00,-58.056006,-23.340068,Panthera onca,670294A,11,Humid Chaco,Paraguay,-58.056006,-23.340068,3.983333333333333,False,5,4261,service,2165.9970561567857
6580.0,2014-10-19 06:00:00,-58.056006,-23.340068,Panthera onca,670294A,11,Humid Chaco,Paraguay,-58.056006,-23.340068,2.0,False,5,4261,service,2165.9970561567857
6581.0,2014-10-19 08:01:00,-58.055921,-23.340068,Panthera onca,670294A,11,Humid Chaco,Paraguay,-58.055921,-23.340068,2.0166666666666666,False,5,4261,service,2170.7412264181685
6582.0,2014-10-19 10:02:00,-58.055835,-23.340154,Panthera onca,670294A,11,Humid Chaco,Paraguay,-58.055835,-23.340154,2.0166666666666666,False,5,4261,service,2183.523727720888
6583.0,2014-10-20 02:01:00,-58.037896,-23.365216,Panthera onca,670294A,11,Humid Chaco,Paraguay,-58.037896,-23.365216,15.983333333333333,False,5,3179,unclassified,3225.1995703454895
6584.0,2014-10-20 06:02:00,-58.029571,-23.368134,Panthera onca,670294A,11,Humid Chaco,Paraguay,-58.029571,-23.368134,4.016666666666667,False,5,3179,unclassified,2373.559195919601
6585.0,2014-10-20 08:01:00,-58.029141,-23.368049,Panthera onca,670294A,11,Humid Chaco,Paraguay,-58.029141,-23.368049,1.9833333333333332,False,5,3179,unclassified,2329.6263821124367
6586.0,2014-10-21 00:01:00,-58.055921,-23.340068,Panthera onca,670294A,11,Humid Chaco,Paraguay,-58.055921,-23.340068,16.0,False,5,4261,service,2170.7412264181685
6587.0,2014-10-21 02:03:00,-58.055491,-23.340411,Panthera onca,670294A,11,Humid Chaco,Paraguay,-58.055491,-23.340411,2.033333333333333,False,5,4261,service,2226.6442150582952
6588.0,2014-10-21 04:03:00,-58.045278,-23.359466,Panthera onca,670294A,11,Humid Chaco,Paraguay,-58.045278,-23.359466,2.0,False,5,4314,service,3423.5581221225902
6589.0,2014-10-21 06:00:00,-58.029571,-23.368134,Panthera onca,670294A,11,Humid Chaco,Paraguay,-58.029571,-23.368134,1.95,False,5,3179,unclassified,2373.559195919601
6590.0,2014-10-21 08:02:00,-58.038239,-23.364873,Panthera onca,670294A,11,Humid Chaco,Paraguay,-58.038239,-23.364873,2.033333333333333,False,5,3179,unclassified,3260.3422973898796
6591.0,2014-10-22 02:00:00,-58.055921,-23.340154,Panthera onca,670294A,11,Humid Chaco,Paraguay,-58.055921,-23.340154,17.966666666666665,False,5,4261,service,2178.716566171595
6592.0,2014-10-22 04:01:00,-58.055921,-23.340068,Panthera onca,670294A,11,Humid Chaco,Paraguay,-58.055921,-23.340068,2.0166666666666666,False,5,4261,service,2170.7412264181685
6593.0,2014-10-22 06:03:00,-58.057551,-23.341355,Panthera onca,670294A,11,Humid Chaco,Paraguay,-58.057551,-23.341355,2.033333333333333,False,5,4261,service,2207.301245354751
6594.0,2014-10-22 22:01:00,-58.055921,-23.340068,Panthera onca,670294A,11,Humid Chaco,Paraguay,-58.055921,-23.340068,15.966666666666669,False,5,4261,service,2170.7412264181685
6595.0,2014-10-23 02:03:00,-58.056092,-23.340068,Panthera onca,670294A,11,Humid Chaco,Paraguay,-58.056092,-23.340068,4.033333333333333,False,5,4261,service,2161.2220400568244
6596.0,2014-10-23 04:02:00,-58.055921,-23.340068,Panthera onca,670294A,11,Humid Chaco,Paraguay,-58.055921,-23.340068,1.9833333333333332,False,5,4261,service,2170.7412264181685
6597.0,2014-10-23 06:00:00,-58.055921,-23.340068,Panthera onca,670294A,11,Humid Chaco,Paraguay,-58.055921,-23.340068,1.9666666666666663,False,5,4261,service,2170.7412264181685
6598.0,2014-10-23 08:01:00,-58.056092,-23.339896,Panthera onca,670294A,11,Humid Chaco,Paraguay,-58.056092,-23.339896,2.0166666666666666,False,5,4261,service,2145.2384137054173
6599.0,2014-10-24 02:01:00,-58.049741,-23.355689,Panthera onca,670294A,11,Humid Chaco,Paraguay,-58.049741,-23.355689,18.0,False,5,4314,service,3426.4598573857056
6600.0,2014-10-24 06:01:00,-58.036351,-23.351483,Panthera onca,670294A,11,Humid Chaco,Paraguay,-58.036351,-23.351483,4.0,False,5,4314,service,2174.2950938647373
6601.0,2014-10-24 22:01:00,-58.054719,-23.340154,Panthera onca,670294A,11,Humid Chaco,Paraguay,-58.054719,-23.340154,16.0,False,5,4261,service,2248.0927844153807
6602.0,2014-10-25 04:03:00,-58.054461,-23.33981,Panthera onca,670294A,11,Humid Chaco,Paraguay,-58.054461,-23.33981,6.033333333333333,False,5,4261,service,2232.9608709196964
6603.0,2014-10-25 06:03:00,-58.05532,-23.339038,Panthera onca,670294A,11,Humid Chaco,Paraguay,-58.05532,-23.339038,2.0,False,5,4261,service,2111.9985671933164
6604.0,2014-10-25 22:02:00,-58.046136,-23.338265,Panthera onca,670294A,11,Humid Chaco,Paraguay,-58.046136,-23.338265,15.983333333333333,False,5,4314,service,1965.698059866581
6605.0,2014-10-26 00:00:00,-58.045621,-23.337493,Panthera onca,670294A,11,Humid Chaco,Paraguay,-58.045621,-23.337493,1.9666666666666663,False,5,4314,service,1871.4543325070215
6606.0,2014-10-26 02:01:00,-58.045621,-23.337407,Panthera onca,670294A,11,Humid Chaco,Paraguay,-58.045621,-23.337407,2.0166666666666666,False,5,4314,service,1865.6481528170245
6607.0,2014-10-26 04:00:00,-58.043561,-23.331742,Panthera onca,670294A,11,Humid Chaco,Paraguay,-58.043561,-23.331742,1.9833333333333332,False,5,4314,service,1367.9300955808942
6608.0,2014-10-26 06:03:00,-58.044076,-23.33097,Panthera onca,670294A,11,Humid Chaco,Paraguay,-58.044076,-23.33097,2.05,False,5,4314,service,1388.6501491422976
6609.0,2014-10-26 22:01:00,-58.044076,-23.332086,Panthera onca,670294A,11,Humid Chaco,Paraguay,-58.044076,-23.332086,15.966666666666669,False,5,4314,service,1431.0447863501117
6610.0,2014-10-27 00:01:00,-58.043303,-23.331742,Panthera onca,670294A,11,Humid Chaco,Paraguay,-58.043303,-23.331742,2.0,False,5,4314,service,1343.468783860972
6611.0,2014-10-27 02:01:00,-58.043561,-23.331914,Panthera onca,670294A,11,Humid Chaco,Paraguay,-58.043561,-23.331914,2.0,False,5,4314,service,1375.10790634945
6612.0,2014-10-27 04:00:00,-58.043303,-23.331828,Panthera onca,670294A,11,Humid Chaco,Paraguay,-58.043303,-23.331828,1.9833333333333332,False,5,4314,service,1347.0940028354253
6613.0,2014-10-27 06:00:00,-58.043303,-23.331828,Panthera onca,670294A,11,Humid Chaco,Paraguay,-58.043303,-23.331828,2.0,False,5,4314,service,1347.0940028354253
6614.0,2014-10-27 08:01:00,-58.051715,-23.326678,Panthera onca,670294A,11,Humid Chaco,Paraguay,-58.051715,-23.326678,2.0166666666666666,False,5,4261,service,1301.960170041084
6615.0,2014-10-27 10:03:00,-58.042874,-23.332257,Panthera onca,670294A,11,Humid Chaco,Paraguay,-58.042874,-23.332257,2.033333333333333,False,5,4314,service,1326.2068418249212
6616.0,2014-10-27 22:03:00,-58.044162,-23.331828,Panthera onca,670294A,11,Humid Chaco,Paraguay,-58.044162,-23.331828,12.0,False,5,4314,service,1428.5948853301095
6617.0,2014-10-28 00:01:00,-58.031631,-23.331056,Panthera onca,670294A,11,Humid Chaco,Paraguay,-58.031631,-23.331056,1.9666666666666663,False,5,4314,service,346.7261137383542
6618.0,2014-10-28 02:03:00,-58.037553,-23.320327,Panthera onca,670294A,11,Humid Chaco,Paraguay,-58.037553,-23.320327,2.033333333333333,False,5,4314,service,409.35729572921787
6619.0,2014-10-28 04:01:00,-58.029828,-23.309426,Panthera onca,670294A,11,Humid Chaco,Paraguay,-58.029828,-23.309426,1.9666666666666663,False,5,4314,service,904.1587259729322
6620.0,2014-10-28 10:00:00,-58.043389,-23.331914,Panthera onca,670294A,11,Humid Chaco,Paraguay,-58.043389,-23.331914,5.983333333333333,False,5,4314,service,1358.8785535669608
6621.0,2014-10-28 22:02:00,-58.043475,-23.331742,Panthera onca,670294A,11,Humid Chaco,Paraguay,-58.043475,-23.331742,12.033333333333331,False,5,4314,service,1359.7683566685826
6622.0,2014-10-29 00:00:00,-58.043218,-23.331742,Panthera onca,670294A,11,Humid Chaco,Paraguay,-58.043218,-23.331742,1.9666666666666663,False,5,4314,service,1335.4258165744952
6623.0,2014-10-29 02:00:00,-58.043303,-23.331828,Panthera onca,670294A,11,Humid Chaco,Paraguay,-58.043303,-23.331828,2.0,False,5,4314,service,1347.0940028354253
6624.0,2014-10-29 06:01:00,-58.043218,-23.331828,Panthera onca,670294A,11,Humid Chaco,Paraguay,-58.043218,-23.331828,4.016666666666667,False,5,4314,service,1339.0728152310603
6625.0,2014-10-29 08:02:00,-58.043303,-23.331742,Panthera onca,670294A,11,Humid Chaco,Paraguay,-58.043303,-23.331742,2.0166666666666666,False,5,4314,service,1343.468783860972
6626.0,2014-10-29 10:03:00,-58.046994,-23.334489,Panthera onca,670294A,11,Humid Chaco,Paraguay,-58.046994,-23.334489,2.0166666666666666,False,5,4314,service,1813.1106129328502
6627.0,2014-10-29 22:01:00,-58.045535,-23.337922,Panthera onca,670294A,11,Humid Chaco,Paraguay,-58.045535,-23.337922,11.966666666666669,False,5,4314,service,1894.0230097466751
6628.0,2014-10-30 00:00:00,-58.045535,-23.33775,Panthera onca,670294A,11,Humid Chaco,Paraguay,-58.045535,-23.33775,1.9833333333333332,False,5,4314,service,1882.0995630926343
6629.0,2014-10-30 02:03:00,-58.048711,-23.351998,Panthera onca,670294A,11,Humid Chaco,Paraguay,-58.048711,-23.351998,2.05,False,5,4314,service,3083.416593219526
6630.0,2014-10-30 04:00:00,-58.048625,-23.351998,Panthera onca,670294A,11,Humid Chaco,Paraguay,-58.048625,-23.351998,1.95,False,5,4314,service,3076.4656363878894
6631.0,2014-10-30 06:01:00,-58.048711,-23.351998,Panthera onca,670294A,11,Humid Chaco,Paraguay,-58.048711,-23.351998,2.0166666666666666,False,5,4314,service,3083.416593219526
6632.0,2014-10-30 10:03:00,-58.042445,-23.338008,Panthera onca,670294A,11,Humid Chaco,Paraguay,-58.042445,-23.338008,4.033333333333333,False,5,4314,service,1667.2566245204248
6633.0,2014-10-31 00:03:00,-58.045106,-23.338008,Panthera onca,670294A,11,Humid Chaco,Paraguay,-58.045106,-23.338008,14.0,False,5,4314,service,1866.250352718226
6634.0,2014-10-31 04:03:00,-58.049054,-23.351827,Panthera onca,670294A,11,Humid Chaco,Paraguay,-58.049054,-23.351827,4.0,False,5,4314,service,3099.7928825363842
6635.0,2014-10-31 06:00:00,-58.048968,-23.351741,Panthera onca,670294A,11,Humid Chaco,Paraguay,-58.048968,-23.351741,1.95,False,5,4314,service,3087.0406755390263
6636.0,2014-10-31 08:03:00,-58.048797,-23.352256,Panthera onca,670294A,11,Humid Chaco,Paraguay,-58.048797,-23.352256,2.05,False,5,4314,service,3107.8908425412424
6637.0,2014-10-31 10:02:00,-58.045878,-23.337493,Panthera onca,670294A,11,Humid Chaco,Paraguay,-58.045878,-23.337493,1.9833333333333332,False,5,4314,service,1892.3155890139583
6638.0,2014-10-31 22:02:00,-58.045793,-23.33775,Panthera onca,670294A,11,Humid Chaco,Paraguay,-58.045793,-23.33775,12.0,False,5,4314,service,1902.8031700612967
6639.0,2014-11-01 00:01:00,-58.045707,-23.337579,Panthera onca,670294A,11,Humid Chaco,Paraguay,-58.045707,-23.337579,1.9833333333333332,False,5,4314,service,1884.2349516170777
6640.0,2014-11-01 02:03:00,-58.045878,-23.337579,Panthera onca,670294A,11,Humid Chaco,Paraguay,-58.045878,-23.337579,2.033333333333333,False,5,4314,service,1898.0879488703215
6641.0,2014-11-01 04:01:00,-58.045621,-23.337665,Panthera onca,670294A,11,Humid Chaco,Paraguay,-58.045621,-23.337665,1.9666666666666663,False,5,4314,service,1883.1574275507562
6642.0,2014-11-01 06:03:00,-58.048539,-23.351226,Panthera onca,670294A,11,Humid Chaco,Paraguay,-58.048539,-23.351226,2.033333333333333,False,5,4314,service,3017.7639415965623
6643.0,2014-11-01 08:00:00,-58.049226,-23.351827,Panthera onca,670294A,11,Humid Chaco,Paraguay,-58.049226,-23.351827,1.95,False,5,4314,service,3113.8476603595873
6644.0,2014-11-02 00:02:00,-58.045449,-23.337665,Panthera onca,670294A,11,Humid Chaco,Paraguay,-58.045449,-23.337665,16.033333333333335,False,5,4314,service,1869.3595161151557
6645.0,2014-11-02 02:01:00,-58.045621,-23.33775,Panthera onca,670294A,11,Humid Chaco,Paraguay,-58.045621,-23.33775,1.9833333333333332,False,5,4314,service,1888.9850484848744
6646.0,2014-11-03 00:00:00,-58.045621,-23.337579,Panthera onca,670294A,11,Humid Chaco,Paraguay,-58.045621,-23.337579,21.98333333333333,False,5,4314,service,1877.2908514497278
6647.0,2014-11-03 04:59:00,-58.028197,-23.347363,Panthera onca,670294A,11,Humid Chaco,Paraguay,-58.028197,-23.347363,4.983333333333333,False,5,4314,service,1414.8171147356827
6648.0,2014-11-03 06:01:00,-58.039269,-23.355947,Panthera onca,670294A,11,Humid Chaco,Paraguay,-58.039269,-23.355947,1.0333333333333334,False,5,4314,service,2751.406266556021
6649.0,2014-11-03 08:03:00,-58.044934,-23.36247,Panthera onca,670294A,11,Humid Chaco,Paraguay,-58.044934,-23.36247,2.033333333333333,False,5,4314,service,3672.908884206034
6650.0,2014-11-03 22:00:00,-58.049741,-23.343415,Panthera onca,670294A,11,Humid Chaco,Paraguay,-58.049741,-23.343415,13.95,False,5,4314,service,2618.7195465148834
6651.0,2014-11-04 00:00:00,-58.045707,-23.337579,Panthera onca,670294A,11,Humid Chaco,Paraguay,-58.045707,-23.337579,2.0,False,5,4314,service,1884.2349516170777
6652.0,2014-11-04 02:00:00,-58.045621,-23.337665,Panthera onca,670294A,11,Humid Chaco,Paraguay,-58.045621,-23.337665,2.0,False,5,4314,service,1883.1574275507562
6653.0,2014-11-04 04:00:00,-58.045621,-23.337665,Panthera onca,670294A,11,Humid Chaco,Paraguay,-58.045621,-23.337665,2.0,False,5,4314,service,1883.1574275507562
6654.0,2014-11-04 10:01:00,-58.048711,-23.332686,Panthera onca,670294A,11,Humid Chaco,Paraguay,-58.048711,-23.332686,6.016666666666667,False,5,4314,service,1898.234585318631
6655.0,2014-11-04 22:00:00,-58.047252,-23.336291,Panthera onca,670294A,11,Humid Chaco,Paraguay,-58.047252,-23.336291,11.983333333333333,False,5,4314,service,1933.1937981283843
6656.0,2014-11-05 04:03:00,-58.047338,-23.356547,Panthera onca,670294A,11,Humid Chaco,Paraguay,-58.047338,-23.356547,6.05,False,5,4314,service,3315.9760523311743
6657.0,2014-11-05 10:03:00,-58.046393,-23.337235,Panthera onca,670294A,11,Humid Chaco,Paraguay,-58.046393,-23.337235,6.0,False,5,4314,service,1917.7600290455246
6658.0,2014-11-05 22:03:00,-58.048711,-23.328309,Panthera onca,670294A,11,Humid Chaco,Paraguay,-58.048711,-23.328309,12.0,False,5,4314,service,1513.6763460833663
6659.0,2014-11-06 00:03:00,-58.04811,-23.331399,Panthera onca,670294A,11,Humid Chaco,Paraguay,-58.04811,-23.331399,2.0,False,5,4314,service,1797.8201852683167
6660.0,2014-11-06 04:02:00,-58.047767,-23.318524,Panthera onca,670294A,11,Humid Chaco,Paraguay,-58.047767,-23.318524,3.983333333333333,False,5,4314,service,500.3415498775454
6661.0,2014-11-06 10:01:00,-58.048282,-23.33303,Panthera onca,670294A,11,Humid Chaco,Paraguay,-58.048282,-23.33303,5.983333333333333,False,5,4314,service,1869.6647992347214
6662.0,2014-11-06 22:03:00,-58.044076,-23.332,Panthera onca,670294A,11,Humid Chaco,Paraguay,-58.044076,-23.332,12.033333333333331,False,5,4314,service,1427.4422685606996
6663.0,2014-11-07 00:03:00,-58.044248,-23.332,Panthera onca,670294A,11,Humid Chaco,Paraguay,-58.044248,-23.332,2.0,False,5,4314,service,1443.756504308593
6664.0,2014-11-07 08:00:00,-58.026395,-23.309684,Panthera onca,670294A,11,Humid Chaco,Paraguay,-58.026395,-23.309684,7.95,False,5,4314,service,1089.2727002580564
6665.0,2014-11-07 22:00:00,-58.022447,-23.300586,Panthera onca,670294A,11,Humid Chaco,Paraguay,-58.022447,-23.300586,14.0,False,5,4340,track,1546.305681689628
6666.0,2014-11-08 00:00:00,-58.021502,-23.300071,Panthera onca,670294A,11,Humid Chaco,Paraguay,-58.021502,-23.300071,2.0,False,5,4346,unclassified,1553.6839581315735
6667.0,2014-11-08 02:02:00,-58.021502,-23.300071,Panthera onca,670294A,11,Humid Chaco,Paraguay,-58.021502,-23.300071,2.033333333333333,False,5,4346,unclassified,1553.6839581315735
6668.0,2014-11-08 22:03:00,-58.025279,-23.309512,Panthera onca,670294A,11,Humid Chaco,Paraguay,-58.025279,-23.309512,20.016666666666666,False,5,4340,track,1026.9720330756636
6669.0,2014-11-09 04:00:00,-58.044248,-23.332086,Panthera onca,670294A,11,Humid Chaco,Paraguay,-58.044248,-23.332086,5.95,False,5,4314,service,1447.3184046761037
6670.0,2014-11-09 06:00:00,-58.044248,-23.332086,Panthera onca,670294A,11,Humid Chaco,Paraguay,-58.044248,-23.332086,2.0,False,5,4314,service,1447.3184046761037
6671.0,2014-11-09 08:00:00,-58.044248,-23.332086,Panthera onca,670294A,11,Humid Chaco,Paraguay,-58.044248,-23.332086,2.0,False,5,4314,service,1447.3184046761037
6672.0,2014-11-09 10:00:00,-58.044248,-23.332086,Panthera onca,670294A,11,Humid Chaco,Paraguay,-58.044248,-23.332086,2.0,False,5,4314,service,1447.3184046761037
6673.0,2014-11-09 22:02:00,-58.044248,-23.332086,Panthera onca,670294A,11,Humid Chaco,Paraguay,-58.044248,-23.332086,12.033333333333331,False,5,4314,service,1447.3184046761037
6674.0,2014-11-10 00:03:00,-58.045707,-23.332257,Panthera onca,670294A,11,Humid Chaco,Paraguay,-58.045707,-23.332257,2.0166666666666666,False,5,4314,service,1593.0964386786634
6675.0,2014-11-10 04:03:00,-58.041587,-23.335948,Panthera onca,670294A,11,Humid Chaco,Paraguay,-58.041587,-23.335948,4.0,False,5,4314,service,1445.2205133597447
6676.0,2014-11-10 06:02:00,-58.041587,-23.335862,Panthera onca,670294A,11,Humid Chaco,Paraguay,-58.041587,-23.335862,1.9833333333333332,False,5,4314,service,1438.8262810180474
6677.0,2014-11-10 08:02:00,-58.040729,-23.335948,Panthera onca,670294A,11,Humid Chaco,Paraguay,-58.040729,-23.335948,2.0,False,5,4314,service,1381.6275989412359
6678.0,2014-11-10 10:00:00,-58.044248,-23.332515,Panthera onca,670294A,11,Humid Chaco,Paraguay,-58.044248,-23.332515,1.9666666666666663,False,5,4314,service,1465.881251088356
6679.0,2014-11-11 00:03:00,-58.040299,-23.335261,Panthera onca,670294A,11,Humid Chaco,Paraguay,-58.040299,-23.335261,14.05,False,5,4314,service,1297.0488930286062
6680.0,2014-11-11 02:00:00,-58.044248,-23.332086,Panthera onca,670294A,11,Humid Chaco,Paraguay,-58.044248,-23.332086,1.95,False,5,4314,service,1447.3184046761037
6681.0,2014-11-11 04:03:00,-58.044763,-23.332515,Panthera onca,670294A,11,Humid Chaco,Paraguay,-58.044763,-23.332515,2.05,False,5,4314,service,1514.1855696817377
6682.0,2014-11-11 06:03:00,-58.043046,-23.333116,Panthera onca,670294A,11,Humid Chaco,Paraguay,-58.043046,-23.333116,2.0,False,5,4314,service,1384.8304213878812
6683.0,2014-11-11 22:03:00,-58.040643,-23.333373,Panthera onca,670294A,11,Humid Chaco,Paraguay,-58.040643,-23.333373,16.0,False,5,4314,service,1190.8504076668494
6684.0,2014-11-12 02:03:00,-58.040214,-23.333287,Panthera onca,670294A,11,Humid Chaco,Paraguay,-58.040214,-23.333287,4.0,False,5,4314,service,1149.6828116944857
6685.0,2014-11-13 02:03:00,-58.041072,-23.333373,Panthera onca,670294A,11,Humid Chaco,Paraguay,-58.041072,-23.333373,24.0,False,5,4314,service,1226.9127005913447
6686.0,2014-11-13 06:01:00,-58.040814,-23.333459,Panthera onca,670294A,11,Humid Chaco,Paraguay,-58.040814,-23.333459,3.966666666666667,False,5,4314,service,1210.6241424062957
6687.0,2014-11-13 10:03:00,-58.041759,-23.333716,Panthera onca,670294A,11,Humid Chaco,Paraguay,-58.041759,-23.333716,4.033333333333333,False,5,4314,service,1306.3902803397723
6688.0,2014-11-14 02:01:00,-58.0409,-23.333201,Panthera onca,670294A,11,Humid Chaco,Paraguay,-58.0409,-23.333201,15.966666666666669,False,5,4314,service,1201.6875099254128
6689.0,2014-11-14 08:01:00,-58.041072,-23.333116,Panthera onca,670294A,11,Humid Chaco,Paraguay,-58.041072,-23.333116,6.0,False,5,4314,service,1211.1850337529372
6690.0,2014-11-16 02:00:00,-58.041072,-23.333116,Panthera onca,670294A,11,Humid Chaco,Paraguay,-58.041072,-23.333116,41.98333333333333,True,6,4314,service,1211.1850337529372
6691.0,2014-11-16 10:03:00,-58.044763,-23.339124,Panthera onca,670294A,11,Humid Chaco,Paraguay,-58.044763,-23.339124,8.05,False,6,4314,service,1922.5127403109307
6692.0,2014-11-17 00:02:00,-58.041844,-23.33612,Panthera onca,670294A,11,Humid Chaco,Paraguay,-58.041844,-23.33612,13.983333333333333,False,6,4314,service,1477.4744787940251
6693.0,2014-11-17 02:02:00,-58.041587,-23.33612,Panthera onca,670294A,11,Humid Chaco,Paraguay,-58.041587,-23.33612,2.0,False,6,4314,service,1458.1114028371717
6694.0,2014-11-17 06:02:00,-58.022447,-23.337836,Panthera onca,670294A,11,Humid Chaco,Paraguay,-58.022447,-23.337836,4.0,False,6,4314,service,239.3078565549325
6695.0,2014-11-17 22:02:00,-58.041244,-23.333888,Panthera onca,670294A,11,Humid Chaco,Paraguay,-58.041244,-23.333888,16.0,False,6,4314,service,1273.9964234269316
6696.0,2014-11-18 00:03:00,-58.041759,-23.33612,Panthera onca,670294A,11,Humid Chaco,Paraguay,-58.041759,-23.33612,2.0166666666666666,False,6,4314,service,1471.046609214324
6697.0,2014-11-18 10:03:00,-58.044591,-23.338265,Panthera onca,670294A,11,Humid Chaco,Paraguay,-58.044591,-23.338265,10.0,False,6,4314,service,1845.1074967359782
6698.0,2014-11-18 22:02:00,-58.044934,-23.339295,Panthera onca,670294A,11,Humid Chaco,Paraguay,-58.044934,-23.339295,11.983333333333333,False,6,4314,service,1948.229334020027
6699.0,2014-11-19 00:03:00,-58.045449,-23.339295,Panthera onca,670294A,11,Humid Chaco,Paraguay,-58.045449,-23.339295,2.0166666666666666,False,6,4314,service,1986.6874016723632
6700.0,2014-11-19 02:02:00,-58.045192,-23.339381,Panthera onca,670294A,11,Humid Chaco,Paraguay,-58.045192,-23.339381,1.9833333333333332,False,6,4314,service,1973.9288860689094
6701.0,2014-11-19 04:02:00,-58.044934,-23.339124,Panthera onca,670294A,11,Humid Chaco,Paraguay,-58.044934,-23.339124,2.0,False,6,4314,service,1935.2199434459033
6702.0,2014-11-19 06:01:00,-58.04502,-23.339124,Panthera onca,670294A,11,Humid Chaco,Paraguay,-58.04502,-23.339124,1.9833333333333332,False,6,4314,service,1941.6387686514483
6703.0,2014-11-19 08:02:00,-58.045363,-23.339295,Panthera onca,670294A,11,Humid Chaco,Paraguay,-58.045363,-23.339295,2.0166666666666666,False,6,4314,service,1980.2198448336765
6704.0,2014-11-19 10:01:00,-58.044934,-23.33921,Panthera onca,670294A,11,Humid Chaco,Paraguay,-58.044934,-23.33921,1.9833333333333332,False,6,4314,service,1941.7504974150118
6705.0,2014-11-19 22:01:00,-58.044934,-23.339295,Panthera onca,670294A,11,Humid Chaco,Paraguay,-58.044934,-23.339295,12.0,False,6,4314,service,1948.229334020027
6706.0,2014-11-20 04:00:00,-58.024163,-23.341784,Panthera onca,670294A,11,Humid Chaco,Paraguay,-58.024163,-23.341784,5.983333333333333,False,6,4314,service,705.4299988530425
6707.0,2014-11-20 10:02:00,-58.045363,-23.339124,Panthera onca,670294A,11,Humid Chaco,Paraguay,-58.045363,-23.339124,6.033333333333333,False,6,4314,service,1967.4220392599518
6708.0,2014-11-21 00:00:00,-58.044934,-23.339124,Panthera onca,670294A,11,Humid Chaco,Paraguay,-58.044934,-23.339124,13.966666666666669,False,6,4314,service,1935.2199434459033
6709.0,2014-11-21 02:03:00,-58.044677,-23.338523,Panthera onca,670294A,11,Humid Chaco,Paraguay,-58.044677,-23.338523,2.05,False,6,4314,service,1870.763674756764
6710.0,2014-11-21 06:01:00,-58.029571,-23.348994,Panthera onca,670294A,11,Humid Chaco,Paraguay,-58.029571,-23.348994,3.966666666666667,False,6,4314,service,1626.6479529608334
6711.0,2014-11-21 08:02:00,-58.029313,-23.348393,Panthera onca,670294A,11,Humid Chaco,Paraguay,-58.029313,-23.348393,2.0166666666666666,False,6,4314,service,1555.2857782000065
6712.0,2014-11-21 22:00:00,-58.032146,-23.349509,Panthera onca,670294A,11,Humid Chaco,Paraguay,-58.032146,-23.349509,13.966666666666669,False,6,4314,service,1774.759937398519
6713.0,2014-11-22 04:02:00,-58.030343,-23.348308,Panthera onca,670294A,11,Humid Chaco,Paraguay,-58.030343,-23.348308,6.033333333333333,False,6,4314,service,1580.5641140852488
6714.0,2014-11-22 06:01:00,-58.030429,-23.348222,Panthera onca,670294A,11,Humid Chaco,Paraguay,-58.030429,-23.348222,1.9833333333333332,False,6,4314,service,1574.8296227657338
6715.0,2014-11-22 08:02:00,-58.030343,-23.348308,Panthera onca,670294A,11,Humid Chaco,Paraguay,-58.030343,-23.348308,2.0166666666666666,False,6,4314,service,1580.5641140852488
6716.0,2014-11-23 02:01:00,-58.044848,-23.339124,Panthera onca,670294A,11,Humid Chaco,Paraguay,-58.044848,-23.339124,17.983333333333334,False,6,4314,service,1928.8198414943654
6717.0,2014-11-23 08:33:00,-58.041329,-23.333373,Panthera onca,670294A,11,Humid Chaco,Paraguay,-58.041329,-23.333373,6.533333333333333,False,6,4314,service,1248.7556182089127
6718.0,2014-11-23 10:01:00,-58.041759,-23.336034,Panthera onca,670294A,11,Humid Chaco,Paraguay,-58.041759,-23.336034,1.4666666666666666,False,6,4314,service,1464.6413273817561
6719.0,2014-11-23 22:02:00,-58.062787,-23.360238,Panthera onca,670294A,11,Humid Chaco,Paraguay,-58.062787,-23.360238,12.016666666666667,False,6,4330,track,3609.851935870817
6720.0,2014-11-24 04:01:00,-58.065104,-23.372083,Panthera onca,670294A,11,Humid Chaco,Paraguay,-58.065104,-23.372083,5.983333333333333,False,6,4330,track,2459.163843439547
6721.0,2014-11-24 10:00:00,-58.06622,-23.371654,Panthera onca,670294A,11,Humid Chaco,Paraguay,-58.06622,-23.371654,5.983333333333333,False,6,4330,track,2409.495456843277
6722.0,2014-11-25 06:03:00,-58.061929,-23.37543,Panthera onca,670294A,11,Humid Chaco,Paraguay,-58.061929,-23.37543,20.05,False,6,4330,track,2498.2250453729657
6723.0,2014-11-25 08:02:00,-58.06047,-23.380151,Panthera onca,670294A,11,Humid Chaco,Paraguay,-58.06047,-23.380151,1.9833333333333332,False,6,4330,track,2414.5724594800486
6724.0,2014-11-25 22:00:00,-58.064933,-23.372684,Panthera onca,670294A,11,Humid Chaco,Paraguay,-58.064933,-23.372684,13.966666666666669,False,6,4330,track,2428.000163170176
6725.0,2014-11-26 00:02:00,-58.064847,-23.372769,Panthera onca,670294A,11,Humid Chaco,Paraguay,-58.064847,-23.372769,2.033333333333333,False,6,4330,track,2428.5099414771303
6726.0,2014-11-26 05:08:00,-58.065448,-23.37234,Panthera onca,670294A,11,Humid Chaco,Paraguay,-58.065448,-23.37234,5.1,False,6,4330,track,2414.011167959935
6727.0,2014-11-26 06:00:00,-58.065019,-23.372684,Panthera onca,670294A,11,Humid Chaco,Paraguay,-58.065019,-23.372684,0.8666666666666667,False,6,4330,track,2421.365746023871
6728.0,2014-11-26 08:02:00,-58.065019,-23.372426,Panthera onca,670294A,11,Humid Chaco,Paraguay,-58.065019,-23.372426,2.033333333333333,False,6,4330,track,2440.22640109866
6729.0,2014-11-26 10:02:00,-58.064933,-23.372426,Panthera onca,670294A,11,Humid Chaco,Paraguay,-58.064933,-23.372426,2.0,False,6,4330,track,2446.809691223121
6730.0,2014-11-27 00:38:00,-58.066564,-23.372083,Panthera onca,670294A,11,Humid Chaco,Paraguay,-58.066564,-23.372083,14.6,False,6,4330,track,2351.0568622804635
6731.0,2014-11-27 04:01:00,-58.065019,-23.372684,Panthera onca,670294A,11,Humid Chaco,Paraguay,-58.065019,-23.372684,3.3833333333333333,False,6,4330,track,2421.365746023871
6732.0,2014-11-27 08:02:00,-58.059096,-23.39088,Panthera onca,670294A,11,Humid Chaco,Paraguay,-58.059096,-23.39088,4.016666666666667,False,6,4330,track,2461.2865749670223
6733.0,2014-11-27 10:00:00,-58.064933,-23.372684,Panthera onca,670294A,11,Humid Chaco,Paraguay,-58.064933,-23.372684,1.9666666666666663,False,6,4330,track,2428.000163170176
6734.0,2014-11-27 22:02:00,-58.065019,-23.372769,Panthera onca,670294A,11,Humid Chaco,Paraguay,-58.065019,-23.372769,12.033333333333331,False,6,4330,track,2415.1937025840202
6735.0,2014-11-28 02:02:00,-58.065019,-23.372598,Panthera onca,670294A,11,Humid Chaco,Paraguay,-58.065019,-23.372598,4.0,False,6,4330,track,2427.6315636049458
6736.0,2014-11-28 08:35:00,-58.065019,-23.372512,Panthera onca,670294A,11,Humid Chaco,Paraguay,-58.065019,-23.372512,6.55,False,6,4330,track,2433.9185030482854
6737.0,2014-11-28 10:00:00,-58.064933,-23.372769,Panthera onca,670294A,11,Humid Chaco,Paraguay,-58.064933,-23.372769,1.4166666666666667,False,6,4330,track,2421.845023432669
6738.0,2014-11-29 00:01:00,-58.064847,-23.372684,Panthera onca,670294A,11,Humid Chaco,Paraguay,-58.064847,-23.372684,14.016666666666667,False,6,4330,track,2434.6482354932587
6739.0,2014-11-29 04:36:00,-58.052058,-23.386073,Panthera onca,670294A,11,Humid Chaco,Paraguay,-58.052058,-23.386073,4.583333333333333,False,6,4325,track,2864.601823446413
6740.0,2014-11-29 06:02:00,-58.055491,-23.389678,Panthera onca,670294A,11,Humid Chaco,Paraguay,-58.055491,-23.389678,1.4333333333333331,False,6,4328,track,2697.9344961405204
6741.0,2014-11-29 22:02:00,-58.056264,-23.388219,Panthera onca,670294A,11,Humid Chaco,Paraguay,-58.056264,-23.388219,16.0,False,6,4330,track,2723.465059428702
6742.0,2014-11-30 00:02:00,-58.054805,-23.388562,Panthera onca,670294A,11,Humid Chaco,Paraguay,-58.054805,-23.388562,2.0,False,6,4328,track,2779.515767147486
6743.0,2014-11-30 02:01:00,-58.055062,-23.388047,Panthera onca,670294A,11,Humid Chaco,Paraguay,-58.055062,-23.388047,1.9833333333333332,False,6,4328,track,2842.29277194795
6744.0,2014-11-30 04:00:00,-58.055406,-23.388476,Panthera onca,670294A,11,Humid Chaco,Paraguay,-58.055406,-23.388476,1.9833333333333332,False,6,4330,track,2812.509755896291
6745.0,2014-11-30 08:01:00,-58.055406,-23.388476,Panthera onca,670294A,11,Humid Chaco,Paraguay,-58.055406,-23.388476,4.016666666666667,False,6,4330,track,2812.509755896291
6746.0,2014-11-30 10:02:00,-58.054805,-23.387446,Panthera onca,670294A,11,Humid Chaco,Paraguay,-58.054805,-23.387446,2.0166666666666666,False,6,4330,track,2869.8393292830033
6747.0,2014-12-01 04:01:00,-58.054719,-23.387361,Panthera onca,670294A,11,Humid Chaco,Paraguay,-58.054719,-23.387361,17.983333333333334,False,6,4330,track,2878.5002589578517
6748.0,2014-12-01 06:00:00,-58.054805,-23.387446,Panthera onca,670294A,11,Humid Chaco,Paraguay,-58.054805,-23.387446,1.9833333333333332,False,6,4330,track,2869.8393292830033
6749.0,2014-12-01 08:03:00,-58.055062,-23.387532,Panthera onca,670294A,11,Humid Chaco,Paraguay,-58.055062,-23.387532,2.05,False,6,4330,track,2843.73882115223
6750.0,2014-12-01 10:01:00,-58.054805,-23.387446,Panthera onca,670294A,11,Humid Chaco,Paraguay,-58.054805,-23.387446,1.9666666666666663,False,6,4330,track,2869.8393292830033
6751.0,2014-12-02 00:01:00,-58.054719,-23.387189,Panthera onca,670294A,11,Humid Chaco,Paraguay,-58.054719,-23.387189,14.0,False,6,4330,track,2878.3366338544706
6752.0,2014-12-02 02:02:00,-58.054032,-23.38676,Panthera onca,670294A,11,Humid Chaco,Paraguay,-58.054032,-23.38676,2.0166666666666666,False,6,4328,track,2933.214947581346
6753.0,2014-12-02 08:01:00,-58.054461,-23.387103,Panthera onca,670294A,11,Humid Chaco,Paraguay,-58.054461,-23.387103,5.983333333333333,False,6,4330,track,2904.670039343294
6754.0,2014-12-02 22:01:00,-58.052917,-23.385901,Panthera onca,670294A,11,Humid Chaco,Paraguay,-58.052917,-23.385901,14.0,False,6,4325,track,2945.544849473936
6755.0,2014-12-03 04:00:00,-58.045192,-23.396201,Panthera onca,670294A,11,Humid Chaco,Paraguay,-58.045192,-23.396201,5.983333333333333,False,6,4325,track,1678.5981159898597
6756.0,2014-12-03 08:02:00,-58.034978,-23.394141,Panthera onca,670294A,11,Humid Chaco,Paraguay,-58.034978,-23.394141,4.033333333333333,False,6,4325,track,1015.7513622372804
6757.0,2014-12-03 22:01:00,-58.053002,-23.385987,Panthera onca,670294A,11,Humid Chaco,Paraguay,-58.053002,-23.385987,13.983333333333333,False,6,4325,track,2946.653981671994
6758.0,2014-12-04 02:03:00,-58.054891,-23.382468,Panthera onca,670294A,11,Humid Chaco,Paraguay,-58.054891,-23.382468,4.033333333333333,False,6,4330,track,2905.385667177266
6759.0,2014-12-04 04:03:00,-58.054976,-23.382211,Panthera onca,670294A,11,Humid Chaco,Paraguay,-58.054976,-23.382211,2.0,False,6,4330,track,2901.9525766500074
6760.0,2014-12-04 22:03:00,-58.053346,-23.38573,Panthera onca,670294A,11,Humid Chaco,Paraguay,-58.053346,-23.38573,18.0,False,6,4325,track,2991.8651712013
6761.0,2014-12-06 02:03:00,-58.03618,-23.404355,Panthera onca,670294A,11,Humid Chaco,Paraguay,-58.03618,-23.404355,28.0,True,7,4325,track,671.8326015733752
6762.0,2014-12-06 04:02:00,-58.037124,-23.404613,Panthera onca,670294A,11,Humid Chaco,Paraguay,-58.037124,-23.404613,1.9833333333333332,False,7,4325,track,772.0869700526677
6763.0,2014-12-06 06:01:00,-58.03721,-23.404784,Panthera onca,670294A,11,Humid Chaco,Paraguay,-58.03721,-23.404784,1.9833333333333332,False,7,4325,track,787.2016096113869
6764.0,2014-12-06 10:03:00,-58.037038,-23.404269,Panthera onca,670294A,11,Humid Chaco,Paraguay,-58.037038,-23.404269,4.033333333333333,False,7,4325,track,750.9534932982583
6765.0,2014-12-07 10:02:00,-58.040471,-23.400235,Panthera onca,670294A,11,Humid Chaco,Paraguay,-58.040471,-23.400235,23.98333333333333,False,7,4325,track,1083.2641590164703
6766.0,2014-12-08 02:02:00,-58.041501,-23.400407,Panthera onca,670294A,11,Humid Chaco,Paraguay,-58.041501,-23.400407,16.0,False,7,4325,track,1183.5278569581335
6767.0,2014-12-08 04:02:00,-58.041844,-23.400836,Panthera onca,670294A,11,Humid Chaco,Paraguay,-58.041844,-23.400836,2.0,False,7,4328,track,1191.3205738286802
6768.0,2014-12-08 22:01:00,-58.046994,-23.392854,Panthera onca,670294A,11,Humid Chaco,Paraguay,-58.046994,-23.392854,17.983333333333334,False,7,4325,track,2010.9112619813095
6769.0,2014-12-09 05:12:00,-58.044076,-23.404698,Panthera onca,670294A,11,Humid Chaco,Paraguay,-58.044076,-23.404698,7.183333333333334,False,7,4328,track,750.2704894841976
6770.0,2014-12-09 06:03:00,-58.041844,-23.405814,Panthera onca,670294A,11,Humid Chaco,Paraguay,-58.041844,-23.405814,0.85,False,7,4328,track,652.6194154126572
6771.0,2014-12-09 08:03:00,-58.039441,-23.40281,Panthera onca,670294A,11,Humid Chaco,Paraguay,-58.039441,-23.40281,2.0,False,7,4325,track,960.8094153278082
6772.0,2014-12-09 22:03:00,-58.050427,-23.402381,Panthera onca,670294A,11,Humid Chaco,Paraguay,-58.050427,-23.402381,14.0,False,7,4328,track,1220.1476377979213
6773.0,2014-12-10 04:01:00,-58.047423,-23.396115,Panthera onca,670294A,11,Humid Chaco,Paraguay,-58.047423,-23.396115,5.966666666666667,False,7,4328,track,1742.2621743422355
6774.0,2014-12-10 06:01:00,-58.047509,-23.396029,Panthera onca,670294A,11,Humid Chaco,Paraguay,-58.047509,-23.396029,2.0,False,7,4328,track,1753.4990564225395
6775.0,2014-12-10 08:03:00,-58.046737,-23.39663,Panthera onca,670294A,11,Humid Chaco,Paraguay,-58.046737,-23.39663,2.033333333333333,False,7,4328,track,1672.1230878290758
6776.0,2014-12-10 22:03:00,-58.048625,-23.399119,Panthera onca,670294A,11,Humid Chaco,Paraguay,-58.048625,-23.399119,14.0,False,7,4328,track,1457.7578531982876
6777.0,2014-12-11 06:02:00,-58.046479,-23.405814,Panthera onca,670294A,11,Humid Chaco,Paraguay,-58.046479,-23.405814,7.983333333333333,False,7,4328,track,688.4557490625433
6778.0,2014-12-11 08:02:00,-58.046823,-23.405643,Panthera onca,670294A,11,Humid Chaco,Paraguay,-58.046823,-23.405643,2.0,False,7,4328,track,720.7411621692515
6779.0,2014-12-13 00:03:00,-58.044248,-23.399205,Panthera onca,670294A,11,Humid Chaco,Paraguay,-58.044248,-23.399205,40.016666666666666,True,8,4328,track,1358.5910284865813
6780.0,2014-12-13 06:02:00,-58.041072,-23.406415,Panthera onca,670294A,11,Humid Chaco,Paraguay,-58.041072,-23.406415,5.983333333333333,False,8,4328,track,618.6044533677476
6781.0,2014-12-13 22:02:00,-58.047252,-23.398175,Panthera onca,670294A,11,Humid Chaco,Paraguay,-58.047252,-23.398175,16.0,False,8,4328,track,1516.2984994118417
6782.0,2014-12-14 05:05:00,-58.052487,-23.412595,Panthera onca,670294A,11,Humid Chaco,Paraguay,-58.052487,-23.412595,7.05,False,8,4324,service,812.1490011126925
6783.0,2014-12-14 06:00:00,-58.051543,-23.411736,Panthera onca,670294A,11,Humid Chaco,Paraguay,-58.051543,-23.411736,0.9166666666666666,False,8,4328,track,804.5287338761107
6784.0,2014-12-15 02:01:00,-58.048453,-23.400664,Panthera onca,670294A,11,Humid Chaco,Paraguay,-58.048453,-23.400664,20.016666666666666,False,8,4328,track,1291.9702786727337
6785.0,2014-12-15 06:03:00,-58.048282,-23.400149,Panthera onca,670294A,11,Humid Chaco,Paraguay,-58.048282,-23.400149,4.033333333333333,False,8,4328,track,1338.6603076929707
6786.0,2014-12-16 04:02:00,-58.047595,-23.399978,Panthera onca,670294A,11,Humid Chaco,Paraguay,-58.047595,-23.399978,21.98333333333333,False,8,4328,track,1333.6016338283841
6787.0,2014-12-16 06:02:00,-58.047509,-23.399892,Panthera onca,670294A,11,Humid Chaco,Paraguay,-58.047509,-23.399892,2.0,False,8,4328,track,1340.082451454967
6788.0,2014-12-16 08:03:00,-58.04708,-23.39972,Panthera onca,670294A,11,Humid Chaco,Paraguay,-58.04708,-23.39972,2.0166666666666666,False,8,4328,track,1346.278017439087
6789.0,2014-12-16 10:03:00,-58.047681,-23.400321,Panthera onca,670294A,11,Humid Chaco,Paraguay,-58.047681,-23.400321,2.0,False,8,4328,track,1300.1844842239334
6790.0,2014-12-17 08:02:00,-58.047767,-23.399806,Panthera onca,670294A,11,Humid Chaco,Paraguay,-58.047767,-23.399806,21.98333333333333,False,8,4328,track,1357.0993598437055
6791.0,2014-12-18 06:00:00,-58.047423,-23.400064,Panthera onca,670294A,11,Humid Chaco,Paraguay,-58.047423,-23.400064,21.966666666666665,False,8,4328,track,1319.3018980772563
6792.0,2014-12-19 01:10:00,-58.053517,-23.38676,Panthera onca,670294A,11,Humid Chaco,Paraguay,-58.053517,-23.38676,19.166666666666668,False,8,4328,track,2914.619247256145
6793.0,2014-12-19 10:01:00,-58.053002,-23.385901,Panthera onca,670294A,11,Humid Chaco,Paraguay,-58.053002,-23.385901,8.85,False,8,4325,track,2952.4357536792877
6794.0,2014-12-20 00:02:00,-58.052659,-23.385816,Panthera onca,670294A,11,Humid Chaco,Paraguay,-58.052659,-23.385816,14.016666666666667,False,8,4325,track,2930.4753338915607
6795.0,2014-12-20 02:00:00,-58.053002,-23.385816,Panthera onca,670294A,11,Humid Chaco,Paraguay,-58.053002,-23.385816,1.9666666666666663,False,8,4325,track,2958.1693091025213
6796.0,2014-12-20 04:00:00,-58.052831,-23.385816,Panthera onca,670294A,11,Humid Chaco,Paraguay,-58.052831,-23.385816,2.0,False,8,4325,track,2944.3430870858256
6797.0,2014-12-20 08:01:00,-58.05326,-23.385987,Panthera onca,670294A,11,Humid Chaco,Paraguay,-58.05326,-23.385987,4.016666666666667,False,8,4325,track,2967.668368555993
6798.0,2014-12-21 00:01:00,-58.052831,-23.385816,Panthera onca,670294A,11,Humid Chaco,Paraguay,-58.052831,-23.385816,16.0,False,8,4325,track,2944.3430870858256
6799.0,2014-12-21 02:02:00,-58.052831,-23.385816,Panthera onca,670294A,11,Humid Chaco,Paraguay,-58.052831,-23.385816,2.0166666666666666,False,8,4325,track,2944.3430870858256
6800.0,2014-12-21 08:36:00,-58.058581,-23.405814,Panthera onca,670294A,11,Humid Chaco,Paraguay,-58.058581,-23.405814,6.566666666666666,False,8,4324,service,1188.0491781278338
6801.0,2014-12-22 06:02:00,-58.058753,-23.405728,Panthera onca,670294A,11,Humid Chaco,Paraguay,-58.058753,-23.405728,21.433333333333334,False,8,4324,service,1191.4126363848457
6802.0,2014-12-23 02:03:00,-58.057895,-23.405042,Panthera onca,670294A,11,Humid Chaco,Paraguay,-58.057895,-23.405042,20.016666666666666,False,8,4324,service,1292.4081805531932
6803.0,2014-12-23 06:01:00,-58.058152,-23.404527,Panthera onca,670294A,11,Humid Chaco,Paraguay,-58.058152,-23.404527,3.966666666666667,False,8,4324,service,1337.0465701174935
6804.0,2014-12-24 06:01:00,-58.058581,-23.405643,Panthera onca,670294A,11,Humid Chaco,Paraguay,-58.058581,-23.405643,24.0,False,8,4324,service,1205.9417101881832
6805.0,2014-12-24 22:03:00,-58.048196,-23.391223,Panthera onca,670294A,11,Humid Chaco,Paraguay,-58.048196,-23.391223,16.033333333333335,False,8,4325,track,2210.6311290388253
6806.0,2014-12-25 00:03:00,-58.049226,-23.391137,Panthera onca,670294A,11,Humid Chaco,Paraguay,-58.049226,-23.391137,2.0,False,8,4325,track,2304.565815213459
6807.0,2014-12-25 02:02:00,-58.048196,-23.391137,Panthera onca,670294A,11,Humid Chaco,Paraguay,-58.048196,-23.391137,1.9833333333333332,False,8,4325,track,2215.8419214174673
6808.0,2014-12-25 04:03:00,-58.048968,-23.39088,Panthera onca,670294A,11,Humid Chaco,Paraguay,-58.048968,-23.39088,2.0166666666666666,False,8,4325,track,2297.496693379176
6809.0,2014-12-25 06:02:00,-58.048196,-23.391137,Panthera onca,670294A,11,Humid Chaco,Paraguay,-58.048196,-23.391137,1.9833333333333332,False,8,4325,track,2215.8419214174673
6810.0,2014-12-26 06:02:00,-58.028541,-23.390193,Panthera onca,670294A,11,Humid Chaco,Paraguay,-58.028541,-23.390193,24.0,False,8,4325,track,1329.528131088445
6811.0,2014-12-26 08:03:00,-58.028283,-23.390193,Panthera onca,670294A,11,Humid Chaco,Paraguay,-58.028283,-23.390193,2.0166666666666666,False,8,4325,track,1332.8813622612265
6812.0,2014-12-27 00:37:00,-58.029399,-23.390536,Panthera onca,670294A,11,Humid Chaco,Paraguay,-58.029399,-23.390536,16.566666666666666,False,8,4325,track,1284.1779760299607
6813.0,2014-12-27 02:01:00,-58.028455,-23.390365,Panthera onca,670294A,11,Humid Chaco,Paraguay,-58.028455,-23.390365,1.4,False,8,4325,track,1311.6938065387899
6814.0,2014-12-27 06:03:00,-58.028798,-23.392253,Panthera onca,670294A,11,Humid Chaco,Paraguay,-58.028798,-23.392253,4.033333333333333,False,8,4325,track,1099.9382643209617
6815.0,2014-12-28 00:31:00,-58.030257,-23.387618,Panthera onca,670294A,11,Humid Chaco,Paraguay,-58.030257,-23.387618,18.466666666666665,False,8,4325,track,1605.5504059771429
6816.0,2014-12-28 02:03:00,-58.029742,-23.387704,Panthera onca,670294A,11,Humid Chaco,Paraguay,-58.029742,-23.387704,1.5333333333333334,False,8,4325,track,1596.262221360407
6817.0,2014-12-28 06:02:00,-58.030257,-23.387618,Panthera onca,670294A,11,Humid Chaco,Paraguay,-58.030257,-23.387618,3.983333333333333,False,8,4325,track,1605.5504059771429
6818.0,2014-12-29 00:03:00,-58.048539,-23.389335,Panthera onca,670294A,11,Humid Chaco,Paraguay,-58.048539,-23.389335,18.016666666666666,False,8,4325,track,2359.2508448923854
6819.0,2014-12-29 02:03:00,-58.048024,-23.39088,Panthera onca,670294A,11,Humid Chaco,Paraguay,-58.048024,-23.39088,2.0,False,8,4325,track,2217.0134669653635
6820.0,2014-12-29 04:00:00,-58.048282,-23.391137,Panthera onca,670294A,11,Humid Chaco,Paraguay,-58.048282,-23.391137,1.95,False,8,4325,track,2223.1947295157393
6821.0,2014-12-29 06:01:00,-58.048196,-23.391223,Panthera onca,670294A,11,Humid Chaco,Paraguay,-58.048196,-23.391223,2.0166666666666666,False,8,4325,track,2210.6311290388253
6822.0,2014-12-29 10:00:00,-58.048539,-23.391309,Panthera onca,670294A,11,Humid Chaco,Paraguay,-58.048539,-23.391309,3.983333333333333,False,8,4325,track,2234.973009191255
6823.0,2014-12-30 00:32:00,-58.048368,-23.391223,Panthera onca,670294A,11,Humid Chaco,Paraguay,-58.048368,-23.391223,14.533333333333331,False,8,4325,track,2225.3815847507235
6824.0,2014-12-30 04:00:00,-58.048282,-23.391137,Panthera onca,670294A,11,Humid Chaco,Paraguay,-58.048282,-23.391137,3.466666666666667,False,8,4325,track,2223.1947295157393
6825.0,2014-12-30 10:00:00,-58.048539,-23.390965,Panthera onca,670294A,11,Humid Chaco,Paraguay,-58.048539,-23.390965,6.0,False,8,4325,track,2255.5994987346758
6826.0,2014-12-31 06:02:00,-58.049741,-23.402209,Panthera onca,670294A,11,Humid Chaco,Paraguay,-58.049741,-23.402209,20.03333333333333,False,8,4328,track,1198.108650579165
6827.0,2015-01-01 02:00:00,-58.049655,-23.402038,Panthera onca,670294A,11,Humid Chaco,Paraguay,-58.049655,-23.402038,19.966666666666665,False,8,4328,track,1209.8714469871234
6828.0,2015-01-01 06:00:00,-58.049827,-23.401952,Panthera onca,670294A,11,Humid Chaco,Paraguay,-58.049827,-23.401952,4.0,False,8,4328,track,1227.020727536537
6829.0,2015-01-01 08:02:00,-58.049912,-23.40281,Panthera onca,670294A,11,Humid Chaco,Paraguay,-58.049912,-23.40281,2.033333333333333,False,8,4328,track,1151.3136904262376
6830.0,2015-01-02 02:01:00,-58.048539,-23.400493,Panthera onca,670294A,11,Humid Chaco,Paraguay,-58.048539,-23.400493,17.983333333333334,False,8,4328,track,1312.8219372191058
6831.0,2015-01-02 08:02:00,-58.052402,-23.411908,Panthera onca,670294A,11,Humid Chaco,Paraguay,-58.052402,-23.411908,6.016666666666667,False,8,4324,service,888.3993287630719
6832.0,2015-01-03 02:00:00,-58.048024,-23.400493,Panthera onca,670294A,11,Humid Chaco,Paraguay,-58.048024,-23.400493,17.966666666666665,False,8,4328,track,1293.7730747599644
6833.0,2015-01-04 04:01:00,-58.045449,-23.393455,Panthera onca,670294A,11,Humid Chaco,Paraguay,-58.045449,-23.393455,26.016666666666666,True,9,4325,track,1841.30850036836
6834.0,2015-01-04 06:02:00,-58.045192,-23.39354,Panthera onca,670294A,11,Humid Chaco,Paraguay,-58.045192,-23.39354,2.0166666666666666,False,9,4325,track,1813.9955077933307
6835.0,2015-01-05 22:01:00,-58.036695,-23.385301,Panthera onca,670294A,11,Humid Chaco,Paraguay,-58.036695,-23.385301,39.98333333333333,True,10,4325,track,1981.2944305450699
6836.0,2015-01-06 04:01:00,-58.036094,-23.384871,Panthera onca,670294A,11,Humid Chaco,Paraguay,-58.036094,-23.384871,6.0,False,10,4325,track,2006.4094993943875
6837.0,2015-01-06 06:02:00,-58.033347,-23.385987,Panthera onca,670294A,11,Humid Chaco,Paraguay,-58.033347,-23.385987,2.0166666666666666,False,10,4325,track,1817.171852642205
6838.0,2015-01-06 10:03:00,-58.030858,-23.387017,Panthera onca,670294A,11,Humid Chaco,Paraguay,-58.030858,-23.387017,4.016666666666667,False,10,4325,track,1673.9227366831426
6839.0,2015-01-07 02:01:00,-58.037896,-23.396029,Panthera onca,670294A,11,Humid Chaco,Paraguay,-58.037896,-23.396029,15.966666666666669,False,10,4325,track,1046.0970387286172
6840.0,2015-01-09 08:03:00,-58.038754,-23.3956,Panthera onca,670294A,11,Humid Chaco,Paraguay,-58.038754,-23.3956,54.03333333333333,True,11,4325,track,1143.9316623727507
6841.0,2015-01-09 10:01:00,-58.042188,-23.395343,Panthera onca,670294A,11,Humid Chaco,Paraguay,-58.042188,-23.395343,1.9666666666666663,False,11,4325,track,1447.9499673650787
6842.0,2015-01-10 00:03:00,-58.052831,-23.392682,Panthera onca,670294A,11,Humid Chaco,Paraguay,-58.052831,-23.392682,14.033333333333331,False,11,4328,track,2280.735562209798
6843.0,2015-01-10 04:02:00,-58.050942,-23.395429,Panthera onca,670294A,11,Humid Chaco,Paraguay,-58.050942,-23.395429,3.983333333333333,False,11,4328,track,1924.8153537224741
6844.0,2015-01-10 22:02:00,-58.0512,-23.405128,Panthera onca,670294A,11,Humid Chaco,Paraguay,-58.0512,-23.405128,18.0,False,11,4328,track,1041.5984271181785
6845.0,2015-01-11 00:03:00,-58.05738,-23.408904,Panthera onca,670294A,11,Humid Chaco,Paraguay,-58.05738,-23.408904,2.0166666666666666,False,11,4324,service,932.3099915638085
6846.0,2015-01-11 04:03:00,-58.039527,-23.411479,Panthera onca,670294A,11,Humid Chaco,Paraguay,-58.039527,-23.411479,4.0,False,11,4328,track,422.83488966586657
6847.0,2015-01-11 08:03:00,-58.046565,-23.402724,Panthera onca,670294A,11,Humid Chaco,Paraguay,-58.046565,-23.402724,4.0,False,11,4328,track,1012.0169353256483
6848.0,2015-01-11 10:03:00,-58.047938,-23.401008,Panthera onca,670294A,11,Humid Chaco,Paraguay,-58.047938,-23.401008,2.0,False,11,4328,track,1237.2642488787012
6849.0,2015-01-11 22:00:00,-58.047252,-23.401351,Panthera onca,670294A,11,Humid Chaco,Paraguay,-58.047252,-23.401351,11.95,False,11,4328,track,1178.147606106521
6850.0,2015-01-12 04:38:00,-58.033948,-23.41989,Panthera onca,670294A,11,Humid Chaco,Paraguay,-58.033948,-23.41989,6.633333333333334,False,11,4324,service,79.60852327148388
6851.0,2015-01-12 06:00:00,-58.036523,-23.423753,Panthera onca,670294A,11,Humid Chaco,Paraguay,-58.036523,-23.423753,1.3666666666666667,False,11,4324,service,290.3732231968948
6852.0,2015-01-12 08:01:00,-58.037038,-23.422723,Panthera onca,670294A,11,Humid Chaco,Paraguay,-58.037038,-23.422723,2.0166666666666666,False,11,4324,service,174.3039832225659
6853.0,2015-01-13 04:01:00,-58.039699,-23.404012,Panthera onca,670294A,11,Humid Chaco,Paraguay,-58.039699,-23.404012,20.0,False,11,4328,track,919.2095557814494
6854.0,2015-01-13 06:03:00,-58.041844,-23.402896,Panthera onca,670294A,11,Humid Chaco,Paraguay,-58.041844,-23.402896,2.033333333333333,False,11,4328,track,966.6915359812637
6855.0,2015-01-13 08:01:00,-58.041158,-23.402123,Panthera onca,670294A,11,Humid Chaco,Paraguay,-58.041158,-23.402123,1.9666666666666663,False,11,4328,track,1065.4569423580454
6856.0,2015-01-13 10:03:00,-58.044419,-23.398089,Panthera onca,670294A,11,Humid Chaco,Paraguay,-58.044419,-23.398089,2.033333333333333,False,11,4328,track,1482.8518504335334
6857.0,2015-01-16 04:02:00,-58.05944,-23.41723,Panthera onca,670294A,11,Humid Chaco,Paraguay,-58.05944,-23.41723,65.98333333333333,True,12,4324,service,28.408768509442343
6858.0,2015-01-16 06:01:00,-58.059955,-23.419204,Panthera onca,670294A,11,Humid Chaco,Paraguay,-58.059955,-23.419204,1.9833333333333332,False,12,4324,service,187.6057779971935
6859.0,2015-01-17 01:10:00,-58.051457,-23.410707,Panthera onca,670294A,11,Humid Chaco,Paraguay,-58.051457,-23.410707,19.15,False,12,4328,track,800.6049349348307
6860.0,2015-01-17 04:02:00,-58.0512,-23.411994,Panthera onca,670294A,11,Humid Chaco,Paraguay,-58.0512,-23.411994,2.8666666666666667,False,12,4328,track,769.1068984460552
6861.0,2015-01-18 10:02:00,-58.050513,-23.396373,Panthera onca,670294A,11,Humid Chaco,Paraguay,-58.050513,-23.396373,30.0,True,13,4328,track,1811.4722946424822
6862.0,2015-01-19 04:02:00,-58.03575,-23.395257,Panthera onca,670294A,11,Humid Chaco,Paraguay,-58.03575,-23.395257,18.0,False,13,4325,track,956.1040940856844
6863.0,2015-01-19 08:02:00,-58.038497,-23.401008,Panthera onca,670294A,11,Humid Chaco,Paraguay,-58.038497,-23.401008,4.0,False,13,4325,track,870.010489058214
6864.0,2015-01-20 01:01:00,-58.057723,-23.414912,Panthera onca,670294A,11,Humid Chaco,Paraguay,-58.057723,-23.414912,16.983333333333334,False,13,4324,service,338.2324537705703
6865.0,2015-01-20 02:00:00,-58.058839,-23.406243,Panthera onca,670294A,11,Humid Chaco,Paraguay,-58.058839,-23.406243,0.9833333333333332,False,13,4324,service,1134.5534117289128
6866.0,2015-01-20 04:02:00,-58.05944,-23.399119,Panthera onca,670294A,11,Humid Chaco,Paraguay,-58.05944,-23.399119,2.033333333333333,False,13,4324,service,1887.583379656727
6867.0,2015-01-20 06:02:00,-58.056951,-23.390021,Panthera onca,670294A,11,Humid Chaco,Paraguay,-58.056951,-23.390021,2.0,False,13,4330,track,2668.4878108271187
6868.0,2015-01-20 10:02:00,-58.046651,-23.396287,Panthera onca,670294A,11,Humid Chaco,Paraguay,-58.046651,-23.396287,4.0,False,13,4328,track,1707.8479757721175
6869.0,2015-01-21 04:02:00,-58.046565,-23.396888,Panthera onca,670294A,11,Humid Chaco,Paraguay,-58.046565,-23.396888,18.0,False,13,4328,track,1640.8083245356627
6870.0,2015-01-21 08:04:00,-58.046737,-23.396544,Panthera onca,670294A,11,Humid Chaco,Paraguay,-58.046737,-23.396544,4.033333333333333,False,13,4328,track,1681.4767428991133
6871.0,2015-01-21 10:01:00,-58.046651,-23.396716,Panthera onca,670294A,11,Humid Chaco,Paraguay,-58.046651,-23.396716,1.95,False,13,4328,track,1661.1345771669432
6872.0,2015-01-22 02:03:00,-58.055663,-23.394313,Panthera onca,670294A,11,Humid Chaco,Paraguay,-58.055663,-23.394313,16.033333333333335,False,13,4328,track,2260.3521399708384
6873.0,2015-01-22 06:03:00,-58.070941,-23.403325,Panthera onca,670294A,11,Humid Chaco,Paraguay,-58.070941,-23.403325,4.0,False,13,4330,track,1259.4799820485225
6874.0,2015-01-22 08:02:00,-58.065791,-23.392167,Panthera onca,670294A,11,Humid Chaco,Paraguay,-58.065791,-23.392167,1.9833333333333332,False,13,4330,track,1801.3609966587885
6875.0,2015-01-22 10:02:00,-58.066478,-23.39251,Panthera onca,670294A,11,Humid Chaco,Paraguay,-58.066478,-23.39251,2.0,False,13,4330,track,1736.6773777372682
6876.0,2015-01-22 22:02:00,-58.059869,-23.390279,Panthera onca,670294A,11,Humid Chaco,Paraguay,-58.059869,-23.390279,12.0,False,13,4330,track,2374.6693132103255
6877.0,2015-01-23 00:00:00,-58.060384,-23.39148,Panthera onca,670294A,11,Humid Chaco,Paraguay,-58.060384,-23.39148,1.9666666666666663,False,13,4330,track,2339.3927542105243
6878.0,2015-01-23 06:00:00,-58.060384,-23.39148,Panthera onca,670294A,11,Humid Chaco,Paraguay,-58.060384,-23.39148,6.0,False,13,4330,track,2339.3927542105243
6879.0,2015-01-23 08:01:00,-58.06047,-23.39148,Panthera onca,670294A,11,Humid Chaco,Paraguay,-58.06047,-23.39148,2.0166666666666666,False,13,4330,track,2330.678068563917
6880.0,2015-01-24 04:00:00,-58.060384,-23.39148,Panthera onca,670294A,11,Humid Chaco,Paraguay,-58.060384,-23.39148,19.98333333333333,False,13,4330,track,2339.3927542105243
6881.0,2015-01-24 06:00:00,-58.060298,-23.39148,Panthera onca,670294A,11,Humid Chaco,Paraguay,-58.060298,-23.39148,2.0,False,13,4330,track,2348.1074403323746
6882.0,2015-01-24 08:01:00,-58.060126,-23.391652,Panthera onca,670294A,11,Humid Chaco,Paraguay,-58.060126,-23.391652,2.0166666666666666,False,13,4330,track,2368.009123173567
6883.0,2015-01-24 22:02:00,-58.060384,-23.391566,Panthera onca,670294A,11,Humid Chaco,Paraguay,-58.060384,-23.391566,14.016666666666667,False,13,4330,track,2340.6289256402843
6884.0,2015-01-25 02:02:00,-58.060384,-23.39148,Panthera onca,670294A,11,Humid Chaco,Paraguay,-58.060384,-23.39148,4.0,False,13,4330,track,2339.3927542105243
6885.0,2015-01-25 04:00:00,-58.060384,-23.39148,Panthera onca,670294A,11,Humid Chaco,Paraguay,-58.060384,-23.39148,1.9666666666666663,False,13,4330,track,2339.3927542105243
6886.0,2015-01-25 06:01:00,-58.060384,-23.391566,Panthera onca,670294A,11,Humid Chaco,Paraguay,-58.060384,-23.391566,2.0166666666666666,False,13,4330,track,2340.6289256402843
6887.0,2015-01-25 08:00:00,-58.060384,-23.391395,Panthera onca,670294A,11,Humid Chaco,Paraguay,-58.060384,-23.391395,1.9833333333333332,False,13,4330,track,2338.170957116948
6888.0,2015-01-25 22:02:00,-58.060384,-23.39148,Panthera onca,670294A,11,Humid Chaco,Paraguay,-58.060384,-23.39148,14.033333333333331,False,13,4330,track,2339.3927542105243
6889.0,2015-01-26 02:01:00,-58.060298,-23.391566,Panthera onca,670294A,11,Humid Chaco,Paraguay,-58.060298,-23.391566,3.983333333333333,False,13,4330,track,2349.34360610492
6890.0,2015-01-26 04:00:00,-58.060384,-23.391652,Panthera onca,670294A,11,Humid Chaco,Paraguay,-58.060384,-23.391652,1.9833333333333332,False,13,4330,track,2341.8650973239596
6891.0,2015-01-26 06:02:00,-58.060298,-23.391395,Panthera onca,670294A,11,Humid Chaco,Paraguay,-58.060298,-23.391395,2.033333333333333,False,13,4330,track,2346.885648829874
6892.0,2015-01-27 00:38:00,-58.060384,-23.391395,Panthera onca,670294A,11,Humid Chaco,Paraguay,-58.060384,-23.391395,18.6,False,13,4330,track,2338.170957116948
6893.0,2015-01-27 06:01:00,-58.060384,-23.39148,Panthera onca,670294A,11,Humid Chaco,Paraguay,-58.060384,-23.39148,5.383333333333334,False,13,4330,track,2339.3927542105243
6894.0,2015-01-28 00:32:00,-58.060212,-23.39148,Panthera onca,670294A,11,Humid Chaco,Paraguay,-58.060212,-23.39148,18.516666666666666,False,13,4330,track,2356.822126930339
6895.0,2015-01-28 04:00:00,-58.060212,-23.391395,Panthera onca,670294A,11,Humid Chaco,Paraguay,-58.060212,-23.391395,3.466666666666667,False,13,4330,track,2355.6003410191993
6896.0,2015-01-28 06:03:00,-58.060298,-23.391309,Panthera onca,670294A,11,Humid Chaco,Paraguay,-58.060298,-23.391309,2.05,False,13,4330,track,2345.6494835623866
6897.0,2015-01-28 08:00:00,-58.060212,-23.391395,Panthera onca,670294A,11,Humid Chaco,Paraguay,-58.060212,-23.391395,1.95,False,13,4330,track,2355.6003410191993
6898.0,2015-01-28 22:03:00,-58.052487,-23.386159,Panthera onca,670294A,11,Humid Chaco,Paraguay,-58.052487,-23.386159,14.05,False,13,4325,track,2893.296978651678
6899.0,2015-01-29 02:02:00,-58.051286,-23.38573,Panthera onca,670294A,11,Humid Chaco,Paraguay,-58.051286,-23.38573,3.983333333333333,False,13,4325,track,2827.3600166036313
6900.0,2015-01-29 04:00:00,-58.051715,-23.385816,Panthera onca,670294A,11,Humid Chaco,Paraguay,-58.051715,-23.385816,1.9666666666666663,False,13,4325,track,2855.091599228753
6901.0,2015-01-29 06:01:00,-58.051715,-23.38573,Panthera onca,670294A,11,Humid Chaco,Paraguay,-58.051715,-23.38573,2.0166666666666666,False,13,4325,track,2861.121352840072
6902.0,2015-01-29 08:01:00,-58.051715,-23.385901,Panthera onca,670294A,11,Humid Chaco,Paraguay,-58.051715,-23.385901,2.0,False,13,4325,track,2849.150689677344
6903.0,2015-01-29 22:01:00,-58.053088,-23.385816,Panthera onca,670294A,11,Humid Chaco,Paraguay,-58.053088,-23.385816,14.0,False,13,4325,track,2965.137407525313
6904.0,2015-01-30 02:02:00,-58.052917,-23.386159,Panthera onca,670294A,11,Humid Chaco,Paraguay,-58.052917,-23.386159,4.016666666666667,False,13,4325,track,2928.2173711206988
6905.0,2015-01-30 04:02:00,-58.052831,-23.386073,Panthera onca,670294A,11,Humid Chaco,Paraguay,-58.052831,-23.386073,2.0,False,13,4325,track,2926.9838651385426
6906.0,2015-01-30 06:01:00,-58.052917,-23.386073,Panthera onca,670294A,11,Humid Chaco,Paraguay,-58.052917,-23.386073,1.9833333333333332,False,13,4325,track,2933.9736648684006
6907.0,2015-01-30 08:00:00,-58.052831,-23.385987,Panthera onca,670294A,11,Humid Chaco,Paraguay,-58.052831,-23.385987,1.9833333333333332,False,13,4325,track,2932.77349087653
6908.0,2015-01-30 10:01:00,-58.051801,-23.385816,Panthera onca,670294A,11,Humid Chaco,Paraguay,-58.051801,-23.385816,2.0166666666666666,False,13,4325,track,2861.9067535286363
6909.0,2015-01-31 02:01:00,-58.057208,-23.371053,Panthera onca,670294A,11,Humid Chaco,Paraguay,-58.057208,-23.371053,16.0,False,13,4330,track,3165.848510978472
6910.0,2015-01-31 04:00:00,-58.057208,-23.371139,Panthera onca,670294A,11,Humid Chaco,Paraguay,-58.057208,-23.371139,1.9833333333333332,False,13,4330,track,3160.530632603784
6911.0,2015-01-31 06:00:00,-58.057294,-23.371139,Panthera onca,670294A,11,Humid Chaco,Paraguay,-58.057294,-23.371139,2.0,False,13,4330,track,3153.2365383443475
6912.0,2015-01-31 08:03:00,-58.057208,-23.371053,Panthera onca,670294A,11,Humid Chaco,Paraguay,-58.057208,-23.371053,2.05,False,13,4330,track,3165.848510978472
6913.0,2015-01-31 10:03:00,-58.060212,-23.369594,Panthera onca,670294A,11,Humid Chaco,Paraguay,-58.060212,-23.369594,2.0,False,13,4330,track,3017.2652980236194
6914.0,2015-01-31 22:03:00,-58.057036,-23.369508,Panthera onca,670294A,11,Humid Chaco,Paraguay,-58.057036,-23.369508,12.0,False,13,4330,track,3278.7891979459
6915.0,2015-02-01 02:01:00,-58.0512,-23.364873,Panthera onca,670294A,11,Humid Chaco,Paraguay,-58.0512,-23.364873,3.966666666666667,False,13,4330,track,4063.8464491927057
6916.0,2015-02-01 06:01:00,-58.042789,-23.363328,Panthera onca,670294A,11,Humid Chaco,Paraguay,-58.042789,-23.363328,4.0,False,13,4314,service,3636.693127004301
6917.0,2015-02-02 04:03:00,-58.043132,-23.364701,Panthera onca,670294A,11,Humid Chaco,Paraguay,-58.043132,-23.364701,22.03333333333333,False,13,3179,unclassified,3760.5370170439564
6918.0,2015-02-02 22:03:00,-58.045106,-23.375087,Panthera onca,670294A,11,Humid Chaco,Paraguay,-58.045106,-23.375087,18.0,False,13,4325,track,3364.3870579002837
6919.0,2015-02-03 02:02:00,-58.045449,-23.374057,Panthera onca,670294A,11,Humid Chaco,Paraguay,-58.045449,-23.374057,3.983333333333333,False,13,4325,track,3481.9142157714928
6920.0,2015-02-03 06:01:00,-58.048282,-23.376288,Panthera onca,670294A,11,Humid Chaco,Paraguay,-58.048282,-23.376288,3.983333333333333,False,13,4325,track,3412.304351416228
6921.0,2015-02-03 08:03:00,-58.049312,-23.379636,Panthera onca,670294A,11,Humid Chaco,Paraguay,-58.049312,-23.379636,2.033333333333333,False,13,4325,track,3172.3516012967943
6922.0,2015-02-03 10:02:00,-58.049655,-23.379979,Panthera onca,670294A,11,Humid Chaco,Paraguay,-58.049655,-23.379979,1.9833333333333332,False,13,4325,track,3164.69382179503
6923.0,2015-02-04 02:00:00,-58.04914,-23.400578,Panthera onca,670294A,11,Humid Chaco,Paraguay,-58.04914,-23.400578,15.966666666666669,False,13,4328,track,1328.786818925576
6924.0,2015-02-04 22:00:00,-58.046737,-23.396888,Panthera onca,670294A,11,Humid Chaco,Paraguay,-58.046737,-23.396888,20.0,False,13,4328,track,1644.0737184723457
6925.0,2015-02-06 00:01:00,-58.041072,-23.380322,Panthera onca,670294A,11,Humid Chaco,Paraguay,-58.041072,-23.380322,26.016666666666666,True,14,4325,track,2662.3911258463877
6926.0,2015-02-06 02:01:00,-58.041244,-23.380494,Panthera onca,670294A,11,Humid Chaco,Paraguay,-58.041244,-23.380494,2.0,False,14,4325,track,2652.6618321611495
6927.0,2015-02-06 22:01:00,-58.042016,-23.380322,Panthera onca,670294A,11,Humid Chaco,Paraguay,-58.042016,-23.380322,20.0,False,14,4325,track,2704.553668548903
6928.0,2015-02-07 00:03:00,-58.042359,-23.380322,Panthera onca,670294A,11,Humid Chaco,Paraguay,-58.042359,-23.380322,2.033333333333333,False,14,4325,track,2720.5589318810917
6929.0,2015-02-07 08:33:00,-58.041501,-23.379807,Panthera onca,670294A,11,Humid Chaco,Paraguay,-58.041501,-23.379807,8.5,False,14,4325,track,2732.6402063616856
6930.0,2015-02-08 08:03:00,-58.026481,-23.383842,Panthera onca,670294A,11,Humid Chaco,Paraguay,-58.026481,-23.383842,23.5,False,14,4326,track,1959.5644682940783
6931.0,2015-02-09 06:03:00,-58.03,-23.388906,Panthera onca,670294A,11,Humid Chaco,Paraguay,-58.03,-23.388906,22.0,False,14,4325,track,1462.844091188678
6932.0,2015-02-09 08:02:00,-58.030944,-23.391824,Panthera onca,670294A,11,Humid Chaco,Paraguay,-58.030944,-23.391824,1.9833333333333332,False,14,4325,track,1143.2501112438372
6933.0,2015-02-09 10:03:00,-58.030429,-23.391223,Panthera onca,670294A,11,Humid Chaco,Paraguay,-58.030429,-23.391223,2.0166666666666666,False,14,4325,track,1206.8500683541167
6934.0,2015-02-10 00:33:00,-58.030601,-23.387275,Panthera onca,670294A,11,Humid Chaco,Paraguay,-58.030601,-23.387275,14.5,False,14,4325,track,1644.312300218013
6935.0,2015-02-11 06:02:00,-58.015151,-23.393369,Panthera onca,670294A,11,Humid Chaco,Paraguay,-58.015151,-23.393369,29.48333333333333,True,15,4326,track,1028.0628765926735
6936.0,2015-02-11 10:03:00,-58.014035,-23.390193,Panthera onca,670294A,11,Humid Chaco,Paraguay,-58.014035,-23.390193,4.016666666666667,False,15,4326,track,1397.5892700886468
6937.0,2015-02-12 01:06:00,-58.014979,-23.393369,Panthera onca,670294A,11,Humid Chaco,Paraguay,-58.014979,-23.393369,15.05,False,15,4326,track,1033.9651123350334
6938.0,2015-02-12 02:00:00,-58.014979,-23.39354,Panthera onca,670294A,11,Humid Chaco,Paraguay,-58.014979,-23.39354,0.9,False,15,4326,track,1016.1312460736026
6939.0,2015-02-12 04:03:00,-58.014121,-23.39457,Panthera onca,670294A,11,Humid Chaco,Paraguay,-58.014121,-23.39457,2.05,False,15,4326,track,935.2632781342785
6940.0,2015-02-12 22:03:00,-58.012404,-23.389421,Panthera onca,670294A,11,Humid Chaco,Paraguay,-58.012404,-23.389421,18.0,False,15,4326,track,1531.424010330483
6941.0,2015-02-13 00:03:00,-58.010774,-23.388476,Panthera onca,670294A,11,Humid Chaco,Paraguay,-58.010774,-23.388476,2.0,False,15,3179,unclassified,1405.611678951897
6942.0,2015-02-13 06:03:00,-58.014979,-23.394055,Panthera onca,670294A,11,Humid Chaco,Paraguay,-58.014979,-23.394055,6.0,False,15,4326,track,962.4210636064685
6943.0,2015-02-13 08:00:00,-58.014894,-23.393197,Panthera onca,670294A,11,Humid Chaco,Paraguay,-58.014894,-23.393197,1.95,False,15,4326,track,1054.8200686636876
6944.0,2015-02-14 04:01:00,-58.03987,-23.387704,Panthera onca,670294A,11,Humid Chaco,Paraguay,-58.03987,-23.387704,20.016666666666666,False,15,4325,track,1884.2074146695613
6945.0,2015-02-14 06:03:00,-58.041329,-23.390794,Panthera onca,670294A,11,Humid Chaco,Paraguay,-58.041329,-23.390794,2.033333333333333,False,15,4325,track,1701.815689882092
6946.0,2015-02-16 06:02:00,-58.018241,-23.385558,Panthera onca,670294A,11,Humid Chaco,Paraguay,-58.018241,-23.385558,47.98333333333333,True,16,3179,unclassified,1586.7336271532818
6947.0,2015-02-17 02:01:00,-58.018413,-23.385472,Panthera onca,670294A,11,Humid Chaco,Paraguay,-58.018413,-23.385472,19.98333333333333,False,16,3179,unclassified,1594.0767658845305
6948.0,2015-02-18 02:03:00,-58.040814,-23.385386,Panthera onca,670294A,11,Humid Chaco,Paraguay,-58.040814,-23.385386,24.03333333333333,True,17,4325,track,2153.573964754394
6949.0,2015-02-18 22:02:00,-58.058925,-23.37337,Panthera onca,670294A,11,Humid Chaco,Paraguay,-58.058925,-23.37337,19.98333333333333,False,17,4330,track,2879.1275862750495
6950.0,2015-02-19 08:03:00,-58.058839,-23.372512,Panthera onca,670294A,11,Humid Chaco,Paraguay,-58.058839,-23.372512,10.016666666666667,False,17,4330,track,2937.571486708703
6951.0,2015-02-19 22:00:00,-58.057981,-23.372855,Panthera onca,670294A,11,Humid Chaco,Paraguay,-58.057981,-23.372855,13.95,False,17,4330,track,2991.183356327104
6952.0,2015-02-20 04:37:00,-58.057981,-23.372769,Panthera onca,670294A,11,Humid Chaco,Paraguay,-58.057981,-23.372769,6.616666666666666,False,17,4330,track,2996.1979584893256
6953.0,2015-02-20 10:02:00,-58.058152,-23.373113,Panthera onca,670294A,11,Humid Chaco,Paraguay,-58.058152,-23.373113,5.416666666666667,False,17,4330,track,2961.3403642993353
6954.0,2015-02-20 22:03:00,-58.058496,-23.37131,Panthera onca,670294A,11,Humid Chaco,Paraguay,-58.058496,-23.37131,12.016666666666667,False,17,4330,track,3041.2241745661345
6955.0,2015-02-21 02:03:00,-58.057122,-23.371053,Panthera onca,670294A,11,Humid Chaco,Paraguay,-58.057122,-23.371053,4.0,False,17,4330,track,3173.1379672314715
6956.0,2015-02-21 06:03:00,-58.057551,-23.371654,Panthera onca,670294A,11,Humid Chaco,Paraguay,-58.057551,-23.371654,4.0,False,17,4330,track,3099.762278630663
6957.0,2015-02-22 22:01:00,-58.056521,-23.371396,Panthera onca,670294A,11,Humid Chaco,Paraguay,-58.056521,-23.371396,39.96666666666667,True,18,4330,track,3203.5814403117683
6958.0,2015-02-23 00:01:00,-58.05635,-23.371396,Panthera onca,670294A,11,Humid Chaco,Paraguay,-58.05635,-23.371396,2.0,False,18,4330,track,3218.294314208871
6959.0,2015-02-23 02:01:00,-58.056436,-23.371568,Panthera onca,670294A,11,Humid Chaco,Paraguay,-58.056436,-23.371568,2.0,False,18,4330,track,3200.6507152484705
6960.0,2015-02-23 04:02:00,-58.056693,-23.371396,Panthera onca,670294A,11,Humid Chaco,Paraguay,-58.056693,-23.371396,2.0166666666666666,False,18,4330,track,3188.8106794917785
6961.0,2015-02-23 06:03:00,-58.056178,-23.371825,Panthera onca,670294A,11,Humid Chaco,Paraguay,-58.056178,-23.371825,2.0166666666666666,False,18,4330,track,3207.9055366565813
6962.0,2015-02-24 00:02:00,-58.057122,-23.376031,Panthera onca,670294A,11,Humid Chaco,Paraguay,-58.057122,-23.376031,17.983333333333334,False,18,4330,track,2901.7177845614974
6963.0,2015-02-25 08:03:00,-58.057809,-23.378263,Panthera onca,670294A,11,Humid Chaco,Paraguay,-58.057809,-23.378263,32.016666666666666,True,19,4330,track,2741.0149998520783
6964.0,2015-02-26 00:01:00,-58.063302,-23.395,Panthera onca,670294A,11,Humid Chaco,Paraguay,-58.063302,-23.395,15.966666666666669,False,19,4330,track,2057.3794494193353
6965.0,2015-02-27 02:02:00,-58.057466,-23.402638,Panthera onca,670294A,11,Humid Chaco,Paraguay,-58.057466,-23.402638,26.016666666666666,True,20,4324,service,1557.6283252627472
6966.0,2015-02-28 04:01:00,-58.057466,-23.402553,Panthera onca,670294A,11,Humid Chaco,Paraguay,-58.057466,-23.402553,25.98333333333333,True,21,4324,service,1566.533585202867
6967.0,2015-02-28 22:01:00,-58.039784,-23.39397,Panthera onca,670294A,11,Humid Chaco,Paraguay,-58.039784,-23.39397,18.0,False,21,4325,track,1341.4820467726336
6968.0,2015-03-01 00:02:00,-58.05017,-23.396373,Panthera onca,670294A,11,Humid Chaco,Paraguay,-58.05017,-23.396373,2.0166666666666666,False,21,4328,track,1798.2224925903051
6969.0,2015-03-03 02:01:00,-58.028541,-23.39088,Panthera onca,670294A,11,Humid Chaco,Paraguay,-58.028541,-23.39088,49.98333333333333,True,22,4325,track,1254.0212671856534
6970.0,2015-03-03 04:02:00,-58.028626,-23.39088,Panthera onca,670294A,11,Humid Chaco,Paraguay,-58.028626,-23.39088,2.0166666666666666,False,22,4325,track,1252.9694899986198
6971.0,2015-03-03 22:02:00,-58.028455,-23.390708,Panthera onca,670294A,11,Humid Chaco,Paraguay,-58.028455,-23.390708,18.0,False,22,4325,track,1274.0269844557276
6972.0,2015-03-04 00:03:00,-58.029141,-23.391995,Panthera onca,670294A,11,Humid Chaco,Paraguay,-58.029141,-23.391995,2.0166666666666666,False,22,4325,track,1124.8143450003154
6973.0,2015-03-04 02:01:00,-58.028798,-23.39088,Panthera onca,670294A,11,Humid Chaco,Paraguay,-58.028798,-23.39088,1.9666666666666663,False,22,4325,track,1251.0230037574272
6974.0,2015-03-04 06:02:00,-58.028884,-23.390708,Panthera onca,670294A,11,Humid Chaco,Paraguay,-58.028884,-23.390708,4.016666666666667,False,22,4325,track,1269.0970381099248
6975.0,2015-03-04 22:01:00,-58.045793,-23.393111,Panthera onca,670294A,11,Humid Chaco,Paraguay,-58.045793,-23.393111,15.983333333333333,False,22,4325,track,1891.2122700224375
6976.0,2015-03-05 04:03:00,-58.044162,-23.39251,Panthera onca,670294A,11,Humid Chaco,Paraguay,-58.044162,-23.39251,6.033333333333333,False,22,4325,track,1790.5166397622968
6977.0,2015-03-05 08:02:00,-58.045878,-23.393197,Panthera onca,670294A,11,Humid Chaco,Paraguay,-58.045878,-23.393197,3.983333333333333,False,22,4325,track,1893.6138582340907
6978.0,2015-03-05 10:03:00,-58.048282,-23.390794,Panthera onca,670294A,11,Humid Chaco,Paraguay,-58.048282,-23.390794,2.0166666666666666,False,22,4325,track,2244.1907891913647
6979.0,2015-03-07 00:03:00,-58.04708,-23.392682,Panthera onca,670294A,11,Humid Chaco,Paraguay,-58.04708,-23.392682,38.0,True,23,4325,track,2028.220270243594
6980.0,2015-03-08 04:01:00,-58.047252,-23.393111,Panthera onca,670294A,11,Humid Chaco,Paraguay,-58.047252,-23.393111,27.966666666666665,True,24,4325,track,2019.4299684476805
6981.0,2015-03-09 08:03:00,-58.055148,-23.363757,Panthera onca,670294A,11,Humid Chaco,Paraguay,-58.055148,-23.363757,28.03333333333333,True,25,4330,track,3832.285587027097
6982.0,2015-03-10 02:02:00,-58.054118,-23.363156,Panthera onca,670294A,11,Humid Chaco,Paraguay,-58.054118,-23.363156,17.983333333333334,False,25,4330,track,3955.0018797540324
6983.0,2015-03-10 04:01:00,-58.05429,-23.3635,Panthera onca,670294A,11,Humid Chaco,Paraguay,-58.05429,-23.3635,1.9833333333333332,False,25,4330,track,3916.4887953289226
6984.0,2015-03-10 08:05:00,-58.054376,-23.363585,Panthera onca,670294A,11,Humid Chaco,Paraguay,-58.054376,-23.363585,4.066666666666666,False,25,4330,track,3903.6637665708918
6985.0,2015-03-10 22:02:00,-58.05429,-23.363671,Panthera onca,670294A,11,Humid Chaco,Paraguay,-58.05429,-23.363671,13.95,False,25,4330,track,3903.908174553184
6986.0,2015-03-11 06:01:00,-58.050857,-23.36513,Panthera onca,670294A,11,Humid Chaco,Paraguay,-58.050857,-23.36513,7.983333333333333,False,25,4330,track,4074.8226937867753
6987.0,2015-03-12 08:02:00,-58.054633,-23.36307,Panthera onca,670294A,11,Humid Chaco,Paraguay,-58.054633,-23.36307,26.016666666666666,True,26,4330,track,3922.4705464898266
6988.0,2015-03-12 10:01:00,-58.05429,-23.3635,Panthera onca,670294A,11,Humid Chaco,Paraguay,-58.05429,-23.3635,1.9833333333333332,False,26,4330,track,3916.4887953289226
6989.0,2015-03-14 00:00:00,-58.039184,-23.354917,Panthera onca,670294A,11,Humid Chaco,Paraguay,-58.039184,-23.354917,37.98333333333333,True,27,4314,service,2651.0037376326886
6990.0,2015-03-14 02:00:00,-58.039441,-23.354831,Panthera onca,670294A,11,Humid Chaco,Paraguay,-58.039441,-23.354831,2.0,False,27,4314,service,2657.7305991972203
6991.0,2015-03-14 04:03:00,-58.039355,-23.354917,Panthera onca,670294A,11,Humid Chaco,Paraguay,-58.039355,-23.354917,2.05,False,27,4314,service,2660.706727251833
6992.0,2015-03-14 06:01:00,-58.039355,-23.354831,Panthera onca,670294A,11,Humid Chaco,Paraguay,-58.039355,-23.354831,1.9666666666666663,False,27,4314,service,2652.8061523217775
6993.0,2015-03-15 00:00:00,-58.039355,-23.354917,Panthera onca,670294A,11,Humid Chaco,Paraguay,-58.039355,-23.354917,17.983333333333334,False,27,4314,service,2660.706727251833
6994.0,2015-03-15 02:03:00,-58.039355,-23.354917,Panthera onca,670294A,11,Humid Chaco,Paraguay,-58.039355,-23.354917,2.05,False,27,4314,service,2660.706727251833
6995.0,2015-03-15 04:02:00,-58.039098,-23.354917,Panthera onca,670294A,11,Humid Chaco,Paraguay,-58.039098,-23.354917,1.9833333333333332,False,27,4314,service,2646.1540743560076
6996.0,2015-03-16 02:03:00,-58.043818,-23.364015,Panthera onca,670294A,11,Humid Chaco,Paraguay,-58.043818,-23.364015,22.016666666666666,False,27,4314,service,3755.7889490228836
6997.0,2015-03-16 06:03:00,-58.039269,-23.354745,Panthera onca,670294A,11,Humid Chaco,Paraguay,-58.039269,-23.354745,4.0,False,27,4314,service,2639.9971855185217
6998.0,2015-03-16 22:01:00,-58.054376,-23.371654,Panthera onca,670294A,11,Humid Chaco,Paraguay,-58.054376,-23.371654,15.966666666666669,False,27,4330,track,3375.5214948053317
6999.0,2015-03-17 06:02:00,-58.054118,-23.371482,Panthera onca,670294A,11,Humid Chaco,Paraguay,-58.054118,-23.371482,8.016666666666667,False,27,4330,track,3407.9017717373963
7000.0,2015-03-17 08:03:00,-58.054204,-23.37131,Panthera onca,670294A,11,Humid Chaco,Paraguay,-58.054204,-23.37131,2.0166666666666666,False,27,4330,track,3410.016451765764
7001.0,2015-03-18 00:01:00,-58.053775,-23.371396,Panthera onca,670294A,11,Humid Chaco,Paraguay,-58.053775,-23.371396,15.966666666666669,False,27,4330,track,3442.974431200508
7002.0,2015-03-18 02:03:00,-58.053861,-23.371482,Panthera onca,670294A,11,Humid Chaco,Paraguay,-58.053861,-23.371482,2.033333333333333,False,27,4330,track,3430.5875036870952
7003.0,2015-03-18 08:02:00,-58.053861,-23.371482,Panthera onca,670294A,11,Humid Chaco,Paraguay,-58.053861,-23.371482,5.983333333333333,False,27,4330,track,3430.5875036870952
7004.0,2015-03-18 22:01:00,-58.05429,-23.371568,Panthera onca,670294A,11,Humid Chaco,Paraguay,-58.05429,-23.371568,13.983333333333333,False,27,4330,track,3387.9196278708055
7005.0,2015-03-19 00:02:00,-58.054376,-23.371482,Panthera onca,670294A,11,Humid Chaco,Paraguay,-58.054376,-23.371482,2.0166666666666666,False,27,4330,track,3385.1798638863825
7006.0,2015-03-19 04:02:00,-58.054461,-23.371654,Panthera onca,670294A,11,Humid Chaco,Paraguay,-58.054461,-23.371654,4.0,False,27,4330,track,3368.0257806448003
7007.0,2015-03-19 06:03:00,-58.054461,-23.370709,Panthera onca,670294A,11,Humid Chaco,Paraguay,-58.054461,-23.370709,2.0166666666666666,False,27,4330,track,3422.178872120966
7008.0,2015-03-19 22:03:00,-58.058839,-23.360581,Panthera onca,670294A,11,Humid Chaco,Paraguay,-58.058839,-23.360581,16.0,False,27,4330,track,3824.588540727418
7009.0,2015-03-20 00:02:00,-58.062615,-23.355861,Panthera onca,670294A,11,Humid Chaco,Paraguay,-58.062615,-23.355861,1.9833333333333332,False,27,4261,service,3545.768260864596
7010.0,2015-03-20 06:03:00,-58.060298,-23.35835,Panthera onca,670294A,11,Humid Chaco,Paraguay,-58.060298,-23.35835,6.016666666666667,False,27,4261,service,3867.409756201242
7011.0,2015-03-21 08:00:00,-58.062615,-23.356118,Panthera onca,670294A,11,Humid Chaco,Paraguay,-58.062615,-23.356118,25.95,True,28,4261,service,3573.6460619416325
7012.0,2015-03-22 00:01:00,-58.06253,-23.356118,Panthera onca,670294A,11,Humid Chaco,Paraguay,-58.06253,-23.356118,16.016666666666666,False,28,4261,service,3575.391033679188
7013.0,2015-03-23 02:03:00,-58.060899,-23.356462,Panthera onca,670294A,11,Humid Chaco,Paraguay,-58.060899,-23.356462,26.03333333333333,True,29,4261,service,3649.690545656088
7014.0,2015-03-23 04:02:00,-58.061328,-23.355174,Panthera onca,670294A,11,Humid Chaco,Paraguay,-58.061328,-23.355174,1.9833333333333332,False,29,4261,service,3500.7040085790177
7015.0,2015-03-23 06:02:00,-58.0615,-23.355088,Panthera onca,670294A,11,Humid Chaco,Paraguay,-58.0615,-23.355088,2.0,False,29,4261,service,3487.250280724998
7016.0,2015-03-23 22:02:00,-58.068366,-23.36719,Panthera onca,670294A,11,Humid Chaco,Paraguay,-58.068366,-23.36719,16.0,False,29,4330,track,2652.564042854492
7017.0,2015-03-25 02:01:00,-58.068194,-23.365731,Panthera onca,670294A,11,Humid Chaco,Paraguay,-58.068194,-23.365731,27.98333333333333,True,30,4330,track,2797.3380579796676
7018.0,2015-03-26 00:03:00,-58.065362,-23.36719,Panthera onca,670294A,11,Humid Chaco,Paraguay,-58.065362,-23.36719,22.03333333333333,False,30,4330,track,2835.7436820539965
7019.0,2015-03-26 02:02:00,-58.072572,-23.36556,Panthera onca,670294A,11,Humid Chaco,Paraguay,-58.072572,-23.36556,1.9833333333333332,False,30,4330,track,2602.217598363961
7020.0,2015-03-26 04:03:00,-58.072829,-23.365731,Panthera onca,670294A,11,Humid Chaco,Paraguay,-58.072829,-23.365731,2.0166666666666666,False,30,4330,track,2574.320550538834
7021.0,2015-03-26 06:00:00,-58.073001,-23.366418,Panthera onca,670294A,11,Humid Chaco,Paraguay,-58.073001,-23.366418,1.95,False,30,4330,track,2497.5992934673422
7022.0,2015-03-26 08:00:00,-58.072915,-23.366418,Panthera onca,670294A,11,Humid Chaco,Paraguay,-58.072915,-23.366418,2.0,False,30,4330,track,2501.166504848169
7023.0,2015-03-27 22:03:00,-58.06416,-23.368478,Panthera onca,670294A,11,Humid Chaco,Paraguay,-58.06416,-23.368478,38.05,True,31,4330,track,2808.8583547249605
7024.0,2015-03-28 06:03:00,-58.063903,-23.367705,Panthera onca,670294A,11,Humid Chaco,Paraguay,-58.063903,-23.367705,8.0,False,31,4330,track,2889.675534693498
7025.0,2015-03-28 22:02:00,-58.063903,-23.329768,Panthera onca,670294A,11,Humid Chaco,Paraguay,-58.063903,-23.329768,15.983333333333333,False,31,4261,service,771.4048202080154
7026.0,2015-03-29 04:38:00,-58.080468,-23.329253,Panthera onca,670294A,11,Humid Chaco,Paraguay,-58.080468,-23.329253,6.6,False,31,4261,service,479.23333505456907
7027.0,2015-03-29 08:02:00,-58.080468,-23.329253,Panthera onca,670294A,11,Humid Chaco,Paraguay,-58.080468,-23.329253,3.4,False,31,4261,service,479.23333505456907
7028.0,2015-03-30 22:02:00,-58.08064,-23.333802,Panthera onca,670294A,11,Humid Chaco,Paraguay,-58.08064,-23.333802,38.0,True,32,4261,service,982.7791884452217
7029.0,2015-03-31 00:03:00,-58.079782,-23.334832,Panthera onca,670294A,11,Humid Chaco,Paraguay,-58.079782,-23.334832,2.0166666666666666,False,32,4261,service,1094.4515221751801
7030.0,2015-03-31 04:02:00,-58.080468,-23.333373,Panthera onca,670294A,11,Humid Chaco,Paraguay,-58.080468,-23.333373,3.983333333333333,False,32,4261,service,934.2520617438129
7031.0,2015-03-31 06:01:00,-58.080812,-23.33406,Panthera onca,670294A,11,Humid Chaco,Paraguay,-58.080812,-23.33406,1.9833333333333332,False,32,4261,service,1012.5982244957378
7032.0,2015-04-01 06:01:00,-58.081155,-23.334661,Panthera onca,670294A,11,Humid Chaco,Paraguay,-58.081155,-23.334661,24.0,False,32,4261,service,1081.6413872041599
7033.0,2015-04-02 02:02:00,-58.081841,-23.335776,Panthera onca,670294A,11,Humid Chaco,Paraguay,-58.081841,-23.335776,20.016666666666666,False,32,4261,service,1210.1237273737459
7034.0,2015-04-03 06:03:00,-58.080382,-23.337064,Panthera onca,670294A,11,Humid Chaco,Paraguay,-58.080382,-23.337064,28.016666666666666,True,33,4261,service,1342.1564260423768
7035.0,2015-04-03 08:03:00,-58.081155,-23.337407,Panthera onca,670294A,11,Humid Chaco,Paraguay,-58.081155,-23.337407,2.0,False,33,4261,service,1384.7812982694395
7036.0,2015-04-04 06:01:00,-58.089051,-23.349681,Panthera onca,670294A,11,Humid Chaco,Paraguay,-58.089051,-23.349681,21.966666666666665,False,33,4317,track,2595.5005449556847
7037.0,2015-04-05 04:02:00,-58.074288,-23.360753,Panthera onca,670294A,11,Humid Chaco,Paraguay,-58.074288,-23.360753,22.016666666666666,False,33,4330,track,3041.1634287162706
7038.0,2015-04-05 10:00:00,-58.074288,-23.360667,Panthera onca,670294A,11,Humid Chaco,Paraguay,-58.074288,-23.360667,5.966666666666667,False,33,4330,track,3050.2809525752414
7039.0,2015-04-06 04:01:00,-58.076005,-23.360496,Panthera onca,670294A,11,Humid Chaco,Paraguay,-58.076005,-23.360496,18.016666666666666,False,33,4330,track,3022.8586565898263
7040.0,2015-04-06 10:03:00,-58.074031,-23.359809,Panthera onca,670294A,11,Humid Chaco,Paraguay,-58.074031,-23.359809,6.033333333333333,False,33,4330,track,3148.8217650777647
7041.0,2015-04-06 22:03:00,-58.07755,-23.369851,Panthera onca,670294A,11,Humid Chaco,Paraguay,-58.07755,-23.369851,12.0,False,33,4330,track,1980.648382051906
7042.0,2015-04-08 04:02:00,-58.082099,-23.375773,Panthera onca,670294A,11,Humid Chaco,Paraguay,-58.082099,-23.375773,29.98333333333333,True,34,4330,track,1251.0711840540534
7043.0,2015-04-10 02:01:00,-58.073344,-23.369508,Panthera onca,670294A,11,Humid Chaco,Paraguay,-58.073344,-23.369508,45.98333333333333,True,35,4330,track,2173.1065887276272
7044.0,2015-04-11 02:01:00,-58.041844,-23.355861,Panthera onca,670294A,11,Humid Chaco,Paraguay,-58.041844,-23.355861,24.0,False,35,4314,service,2893.3475287750043
7045.0,2015-04-12 10:02:00,-58.073945,-23.363242,Panthera onca,670294A,11,Humid Chaco,Paraguay,-58.073945,-23.363242,32.016666666666666,True,36,4330,track,2789.742939982683
7046.0,2015-04-13 02:03:00,-58.074031,-23.36307,Panthera onca,670294A,11,Humid Chaco,Paraguay,-58.074031,-23.36307,16.016666666666666,False,36,4330,track,2804.896985257636
7047.0,2015-04-14 02:02:00,-58.082099,-23.352342,Panthera onca,670294A,11,Humid Chaco,Paraguay,-58.082099,-23.352342,23.98333333333333,False,36,4261,service,3040.963035633699
7048.0,2015-04-14 04:02:00,-58.081841,-23.351912,Panthera onca,670294A,11,Humid Chaco,Paraguay,-58.081841,-23.351912,2.0,False,36,4261,service,2991.661442135888
7049.0,2015-04-16 22:01:00,-58.0936,-23.347878,Panthera onca,670294A,11,Humid Chaco,Paraguay,-58.0936,-23.347878,65.98333333333333,True,37,4317,track,2344.0572008939807
7050.0,2015-04-18 00:02:00,-58.072057,-23.369508,Panthera onca,670294A,11,Humid Chaco,Paraguay,-58.072057,-23.369508,26.016666666666666,True,38,4330,track,2235.209930797614
7051.0,2015-04-19 06:03:00,-58.04914,-23.357663,Panthera onca,670294A,11,Humid Chaco,Paraguay,-58.04914,-23.357663,30.016666666666666,True,39,4314,service,3533.0509963102586
7052.0,2015-04-19 08:02:00,-58.053174,-23.36307,Panthera onca,670294A,11,Humid Chaco,Paraguay,-58.053174,-23.36307,1.9833333333333332,False,39,4330,track,4033.505331630218
7053.0,2015-04-20 02:02:00,-58.043733,-23.356462,Panthera onca,670294A,11,Humid Chaco,Paraguay,-58.043733,-23.356462,18.0,False,39,4314,service,3064.651677059778
7054.0,2015-04-20 08:00:00,-58.043303,-23.356204,Panthera onca,670294A,11,Humid Chaco,Paraguay,-58.043303,-23.356204,5.966666666666667,False,39,4314,service,3014.8193808601536
7055.0,2015-04-21 00:59:00,-58.059525,-23.369765,Panthera onca,670294A,11,Humid Chaco,Paraguay,-58.059525,-23.369765,16.983333333333334,False,39,4330,track,3059.637547212138
7056.0,2015-04-21 02:02:00,-58.059697,-23.369594,Panthera onca,670294A,11,Humid Chaco,Paraguay,-58.059697,-23.369594,1.05,False,39,4330,track,3057.8730146842418
7057.0,2015-04-21 04:01:00,-58.059697,-23.369508,Panthera onca,670294A,11,Humid Chaco,Paraguay,-58.059697,-23.369508,1.9833333333333332,False,39,4330,track,3063.9006589015526
7058.0,2015-04-21 22:03:00,-58.05635,-23.371396,Panthera onca,670294A,11,Humid Chaco,Paraguay,-58.05635,-23.371396,18.03333333333333,False,39,4330,track,3218.294314208871
7059.0,2015-04-22 00:03:00,-58.056006,-23.372769,Panthera onca,670294A,11,Humid Chaco,Paraguay,-58.056006,-23.372769,2.0,False,39,4330,track,3169.4529679702855
7060.0,2015-04-22 04:02:00,-58.058152,-23.372769,Panthera onca,670294A,11,Humid Chaco,Paraguay,-58.058152,-23.372769,3.983333333333333,False,39,4330,track,2981.3664389821347
7061.0,2015-04-22 10:03:00,-58.05841,-23.372684,Panthera onca,670294A,11,Humid Chaco,Paraguay,-58.05841,-23.372684,6.016666666666667,False,39,4330,track,2964.083853142036
7062.0,2015-04-24 02:01:00,-58.038411,-23.377404,Panthera onca,670294A,11,Humid Chaco,Paraguay,-58.038411,-23.377404,39.96666666666667,True,40,4325,track,2866.079503840672
7063.0,2015-04-24 22:02:00,-58.042445,-23.404527,Panthera onca,670294A,11,Humid Chaco,Paraguay,-58.042445,-23.404527,20.016666666666666,False,40,4328,track,778.0793142131845
7064.0,2015-04-26 02:02:00,-58.050342,-23.408217,Panthera onca,670294A,11,Humid Chaco,Paraguay,-58.050342,-23.408217,28.0,True,41,4328,track,771.184725860237
7065.0,2015-04-27 02:03:00,-58.050857,-23.406415,Panthera onca,670294A,11,Humid Chaco,Paraguay,-58.050857,-23.406415,24.016666666666666,True,42,4328,track,923.3427995090386
7066.0,2015-04-28 04:03:00,-58.047767,-23.399291,Panthera onca,670294A,11,Humid Chaco,Paraguay,-58.047767,-23.399291,26.0,True,43,4328,track,1411.442621861531
7067.0,2015-04-30 08:03:00,-58.047938,-23.399205,Panthera onca,670294A,11,Humid Chaco,Paraguay,-58.047938,-23.399205,52.0,True,44,4328,track,1425.791911701901
7068.0,2015-05-02 00:02:00,-58.047166,-23.396287,Panthera onca,670294A,11,Humid Chaco,Paraguay,-58.047166,-23.396287,39.98333333333333,True,45,4328,track,1718.0312676075657
7069.0,2015-05-02 02:03:00,-58.04811,-23.396373,Panthera onca,670294A,11,Humid Chaco,Paraguay,-58.04811,-23.396373,2.0166666666666666,False,45,4328,track,1731.4881397996699
7070.0,2015-05-03 00:02:00,-58.047166,-23.396201,Panthera onca,670294A,11,Humid Chaco,Paraguay,-58.047166,-23.396201,21.98333333333333,False,45,4328,track,1727.3456841954949
7071.0,2015-05-03 06:01:00,-58.047252,-23.396287,Panthera onca,670294A,11,Humid Chaco,Paraguay,-58.047252,-23.396287,5.983333333333333,False,45,4328,track,1719.8828195194503
7072.0,2015-05-04 04:03:00,-58.046479,-23.396716,Panthera onca,670294A,11,Humid Chaco,Paraguay,-58.046479,-23.396716,22.03333333333333,False,45,4328,track,1657.9959477936761
7073.0,2015-05-06 22:01:00,-58.071971,-23.376374,Panthera onca,670294A,11,Humid Chaco,Paraguay,-58.071971,-23.376374,65.96666666666667,True,46,4330,track,1624.9949627010058
7074.0,2015-05-07 04:01:00,-58.071456,-23.376031,Panthera onca,670294A,11,Humid Chaco,Paraguay,-58.071456,-23.376031,6.0,False,46,4330,track,1688.7853274112022
7075.0,2015-05-07 10:03:00,-58.072486,-23.376374,Panthera onca,670294A,11,Humid Chaco,Paraguay,-58.072486,-23.376374,6.033333333333333,False,46,4330,track,1589.334590777869
7076.0,2015-05-07 10:04:00,-58.072486,-23.376374,Panthera onca,670294A,11,Humid Chaco,Paraguay,-58.072486,-23.376374,0.0166666666666666,False,46,4330,track,1589.334590777869
7077.0,2015-05-09 04:03:00,-58.083816,-23.350883,Panthera onca,670294A,11,Humid Chaco,Paraguay,-58.083816,-23.350883,41.98333333333333,True,47,4261,service,2893.365747082993
7078.0,2015-05-09 04:04:00,-58.083816,-23.350883,Panthera onca,670294A,11,Humid Chaco,Paraguay,-58.083816,-23.350883,0.0166666666666666,False,47,4261,service,2893.365747082993
7079.0,2015-05-10 10:00:00,-58.084588,-23.334403,Panthera onca,670294A,11,Humid Chaco,Paraguay,-58.084588,-23.334403,29.933333333333334,True,48,4261,service,1078.8333086918979
7080.0,2015-05-10 10:04:00,-58.084588,-23.334403,Panthera onca,670294A,11,Humid Chaco,Paraguay,-58.084588,-23.334403,0.0666666666666666,False,48,4261,service,1078.8333086918979
7081.0,2015-05-20 00:03:00,-58.107247,-23.384871,Panthera onca,670294A,11,Humid Chaco,Paraguay,-58.107247,-23.384871,229.9833333333333,True,49,4341,track,1648.7217952418066
7082.0,2015-05-20 00:04:00,-58.107247,-23.384871,Panthera onca,670294A,11,Humid Chaco,Paraguay,-58.107247,-23.384871,0.0166666666666666,False,49,4341,track,1648.7217952418066
7083.0,2015-05-22 02:02:00,-58.131537,-23.33569,Panthera onca,670294A,11,Humid Chaco,Paraguay,-58.131537,-23.33569,49.96666666666667,True,50,4323,service,117.03242680032994
7084.0,2015-05-22 02:04:00,-58.131537,-23.33569,Panthera onca,670294A,11,Humid Chaco,Paraguay,-58.131537,-23.33569,0.0333333333333333,False,50,4323,service,117.03242680032994
7085.0,2015-05-24 00:03:00,-58.132138,-23.33612,Panthera onca,670294A,11,Humid Chaco,Paraguay,-58.132138,-23.33612,45.98333333333333,True,51,4323,service,151.59293332507798
7086.0,2015-05-24 00:04:00,-58.132138,-23.33612,Panthera onca,670294A,11,Humid Chaco,Paraguay,-58.132138,-23.33612,0.0166666666666666,False,51,4323,service,151.59293332507798
7087.0,2015-05-27 10:04:00,-58.04399,-23.366418,Panthera onca,670294A,11,Humid Chaco,Paraguay,-58.04399,-23.366418,82.0,True,52,3179,unclassified,3847.8219640046646
7088.0,2015-05-29 22:03:00,-58.051457,-23.39045,Panthera onca,670294A,11,Humid Chaco,Paraguay,-58.051457,-23.39045,59.98333333333333,True,53,4328,track,2459.1329648622054
7089.0,2015-05-29 22:04:00,-58.051457,-23.39045,Panthera onca,670294A,11,Humid Chaco,Paraguay,-58.051457,-23.39045,0.0166666666666666,False,53,4328,track,2459.1329648622054
7090.0,2015-06-07 02:01:00,-58.058925,-23.372254,Panthera onca,670294A,11,Humid Chaco,Paraguay,-58.058925,-23.372254,195.95,True,54,4330,track,2946.0125326257967
7091.0,2015-06-07 08:03:00,-58.05944,-23.372598,Panthera onca,670294A,11,Humid Chaco,Paraguay,-58.05944,-23.372598,6.033333333333333,False,54,4330,track,2881.0830432198222
7092.0,2015-06-07 22:03:00,-58.059011,-23.37234,Panthera onca,670294A,11,Humid Chaco,Paraguay,-58.059011,-23.37234,14.0,False,54,4330,track,2933.4130498406744
7093.0,2015-06-09 06:03:00,-58.061242,-23.369336,Panthera onca,670294A,11,Humid Chaco,Paraguay,-58.061242,-23.369336,32.0,True,55,4330,track,2956.0719269867745
7094.0,2015-06-10 04:03:00,-58.060298,-23.369765,Panthera onca,670294A,11,Humid Chaco,Paraguay,-58.060298,-23.369765,22.0,False,55,4330,track,2998.3999337097566
7095.0,2015-06-10 06:03:00,-58.059783,-23.369422,Panthera onca,670294A,11,Humid Chaco,Paraguay,-58.059783,-23.369422,2.0,False,55,4330,track,3063.1661572430075
7096.0,2015-06-11 04:03:00,-58.062186,-23.367105,Panthera onca,670294A,11,Humid Chaco,Paraguay,-58.062186,-23.367105,22.0,False,55,4330,track,3057.9202347599175
7097.0,2015-06-13 22:03:00,-58.058925,-23.347192,Panthera onca,670294A,11,Humid Chaco,Paraguay,-58.058925,-23.347192,66.0,True,56,4261,service,2739.1441866804375
7098.0,2015-06-14 08:03:00,-58.057809,-23.348565,Panthera onca,670294A,11,Humid Chaco,Paraguay,-58.057809,-23.348565,10.0,False,56,4261,service,2922.5773588656325
7099.0,2015-06-16 06:02:00,-58.041329,-23.407102,Panthera onca,670294A,11,Humid Chaco,Paraguay,-58.041329,-23.407102,45.98333333333333,True,57,4328,track,538.6940103173229
7100.0,2015-06-18 04:03:00,-58.069654,-23.407617,Panthera onca,670294A,11,Humid Chaco,Paraguay,-58.069654,-23.407617,46.016666666666666,True,58,4324,service,1035.1383695735233
7101.0,2015-06-19 08:02:00,-58.06931,-23.407874,Panthera onca,670294A,11,Humid Chaco,Paraguay,-58.06931,-23.407874,27.98333333333333,True,59,4324,service,1000.9341787299926
7102.0,2015-06-21 10:03:00,-58.071284,-23.394055,Panthera onca,670294A,11,Humid Chaco,Paraguay,-58.071284,-23.394055,50.016666666666666,True,60,4330,track,1250.540486984775
7103.0,2015-06-23 00:01:00,-58.070168,-23.394914,Panthera onca,670294A,11,Humid Chaco,Paraguay,-58.070168,-23.394914,37.96666666666667,True,61,4330,track,1357.054606294409
7104.0,2015-06-28 06:02:00,-58.038497,-23.335776,Panthera onca,670294A,11,Humid Chaco,Paraguay,-58.038497,-23.335776,126.01666666666668,True,62,4314,service,1209.6346828049282
7105.0,2015-06-29 04:03:00,-58.03884,-23.336291,Panthera onca,670294A,11,Humid Chaco,Paraguay,-58.03884,-23.336291,22.016666666666666,False,62,4314,service,1275.0777564824018
7106.0,2015-06-30 10:01:00,-58.038583,-23.335862,Panthera onca,670294A,11,Humid Chaco,Paraguay,-58.038583,-23.335862,29.966666666666665,True,63,4314,service,1222.593270964013
7107.0,2015-06-30 22:02:00,-58.042359,-23.337836,Panthera onca,670294A,11,Humid Chaco,Paraguay,-58.042359,-23.337836,12.016666666666667,False,63,4314,service,1647.4530013241863
7108.0,2015-07-06 06:01:00,-58.038411,-23.368049,Panthera onca,670294A,11,Humid Chaco,Paraguay,-58.038411,-23.368049,127.98333333333332,True,64,3179,unclassified,3277.1635031191763
7109.0,2015-07-09 06:01:00,-58.039784,-23.368049,Panthera onca,670294A,11,Humid Chaco,Paraguay,-58.039784,-23.368049,72.0,True,65,3179,unclassified,3417.505489700839
