{
"type": "FeatureCollection",
"name": "candidate_roads",
"crs": { "type": "name", "properties": { "name": "urn:ogc:def:crs:OGC:1.3:CRS84" } },
"features": [
{ "type": "Feature", "properties": { "osm_id": 1363406115, "IBGE:CD_ADMINIS": null, "access": null, "admin_level": null, "aeroway": null, "alt_name": null, "amenity": null, "area": null, "barrier": null, "bicycle": null, "boundary": null, "bridge": null, "bridge:name": null, "covered": null, "destination": null, "destination:backward": null, "destination:forward": null, "destination:ref": null, "embankment": null, "fixme": null, "foot": null, "ford": null, "highway_x": "track", "horse": null, "ibgE:CD_ADMINIS": null, "incline": null, "junction": null, "lanes": null, "layer": null, "lit": null, "loc_name": null, "maxspeed": null, "motor_vehicle": null, "name": null, "network": null, "noexit": null, "noname": null, "official_name": null, "old_name": null, "old_ref": null, "old_source:name": null, "oneway": null, "proposed": null, "ref": null, "seamark:type": null, "service": null, "smoothness": null, "source": null, "source:name": null, "surface": null, "toll": null, "tracktype": null, "tunnel": null, "type": null, "width": null, "road_id": 3109, "highway_y": "track", "movement_segments": 5 }, "geometry": { "type": "LineString", "coordinates": [ [ -58.5363533, -23.495505 ], [ -58.5363799, -23.4946423 ], [ -58.5363792, -23.4942062 ], [ -58.5363798, -23.4914577 ], [ -58.5363727, -23.4857231 ], [ -58.5363076, -23.479951 ], [ -58.5362832, -23.4747379 ], [ -58.5363076, -23.4685551 ], [ -58.5362426, -23.4629836 ], [ -58.53621, -23.454391 ], [ -58.5361531, -23.4434032 ], [ -58.536145, -23.4373383 ], [ -58.5360962, -23.4272369 ], [ -58.5360474, -23.4212011 ], [ -58.5360149, -23.4146129 ], [ -58.5359868, -23.4144878 ], [ -58.5359314, -23.4143408 ], [ -58.5358081, -23.414125899999988 ], [ -58.5339657, -23.4114852 ], [ -58.5318952, -23.4086803 ], [ -58.5273537, -23.4023693 ], [ -58.5235087, -23.3970915 ], [ -58.5221837, -23.3952832 ], [ -58.5221098, -23.3952153 ], [ -58.5220482, -23.3951757 ], [ -58.5219188, -23.3951587 ], [ -58.5155102, -23.3952153 ], [ -58.510812, -23.3952687 ] ] } },
{ "type": "Feature", "properties": { "osm_id": 545545229, "IBGE:CD_ADMINIS": null, "access": null, "admin_level": null, "aeroway": null, "alt_name": null, "amenity": null, "area": null, "barrier": null, "bicycle": null, "boundary": null, "bridge": null, "bridge:name": null, "covered": null, "destination": null, "destination:backward": null, "destination:forward": null, "destination:ref": null, "embankment": null, "fixme": null, "foot": null, "ford": null, "highway_x": "track", "horse": null, "ibgE:CD_ADMINIS": null, "incline": null, "junction": null, "lanes": null, "layer": null, "lit": null, "loc_name": null, "maxspeed": null, "motor_vehicle": null, "name": null, "network": null, "noexit": null, "noname": null, "official_name": null, "old_name": null, "old_ref": null, "old_source:name": null, "oneway": null, "proposed": null, "ref": null, "seamark:type": null, "service": null, "smoothness": null, "source": null, "source:name": null, "surface": null, "toll": null, "tracktype": null, "tunnel": null, "type": null, "width": null, "road_id": 3159, "highway_y": "track", "movement_segments": 27 }, "geometry": { "type": "LineString", "coordinates": [ [ -58.2218707, -23.4513611 ], [ -58.216046, -23.4517587 ], [ -58.2072709, -23.4523905 ], [ -58.2027277, -23.4527186 ], [ -58.2023237, -23.452597099999988 ], [ -58.2002508, -23.4514488 ], [ -58.1999263, -23.4511875 ], [ -58.1997409, -23.4508473 ], [ -58.1994031, -23.4499967 ], [ -58.1992177, -23.4495228 ], [ -58.1988468, -23.4492372 ], [ -58.1970852, -23.4479127 ], [ -58.1914456, -23.4435612 ], [ -58.1890062, -23.443061499999988 ], [ -58.1791183, -23.4412316 ], [ -58.1639972, -23.4383696 ], [ -58.1624328, -23.4381619 ], [ -58.1608008, -23.4380831 ], [ -58.1607088, -23.4381253 ] ] } },
{ "type": "Feature", "properties": { "osm_id": 545545230, "IBGE:CD_ADMINIS": null, "access": null, "admin_level": null, "aeroway": null, "alt_name": null, "amenity": null, "area": null, "barrier": null, "bicycle": null, "boundary": null, "bridge": null, "bridge:name": null, "covered": null, "destination": null, "destination:backward": null, "destination:forward": null, "destination:ref": null, "embankment": null, "fixme": null, "foot": null, "ford": null, "highway_x": "service", "horse": null, "ibgE:CD_ADMINIS": null, "incline": null, "junction": null, "lanes": null, "layer": null, "lit": null, "loc_name": null, "maxspeed": null, "motor_vehicle": null, "name": null, "network": null, "noexit": null, "noname": null, "official_name": null, "old_name": null, "old_ref": null, "old_source:name": null, "oneway": null, "proposed": null, "ref": null, "seamark:type": null, "service": null, "smoothness": null, "source": null, "source:name": null, "surface": "unpaved", "toll": null, "tracktype": null, "tunnel": null, "type": null, "width": null, "road_id": 3210, "highway_y": "service", "movement_segments": 10 }, "geometry": { "type": "LineString", "coordinates": [ [ -58.1568733, -23.5092284 ], [ -58.1568071, -23.5088921 ], [ -58.1567833, -23.5085736 ], [ -58.1564759, -23.5044526 ], [ -58.1561779, -23.5035538 ], [ -58.1561154, -23.5033321 ], [ -58.1560528, -23.5031104 ], [ -58.1560734, -23.5021289 ], [ -58.1560881, -23.501986 ], [ -58.1565365, -23.4976268 ], [ -58.1570305, -23.4933512 ], [ -58.1572672, -23.49253 ], [ -58.1571849, -23.4921336 ], [ -58.1571952, -23.4917749 ], [ -58.1575657, -23.4904913 ], [ -58.1576686, -23.4902081 ], [ -58.1577201, -23.4899627 ], [ -58.157998, -23.4889905 ], [ -58.1594903, -23.4838933 ], [ -58.15959320000001, -23.4836951 ], [ -58.1596755, -23.4835629 ], [ -58.1596343, -23.4832231 ], [ -58.1605385, -23.4801735 ], [ -58.1608264, -23.4791613 ], [ -58.1608374, -23.4748806 ], [ -58.16081040000001, -23.4640216 ], [ -58.1607944, -23.4480292 ], [ -58.1608008, -23.4395329 ], [ -58.1607778, -23.4383153 ], [ -58.1607088, -23.4381253 ], [ -58.1605554, -23.438062 ], [ -58.1512811, -23.4378297 ], [ -58.1510356, -23.437689 ], [ -58.1508208, -23.4373863 ], [ -58.1506444, -23.4367599 ], [ -58.1495014, -23.4321991 ], [ -58.1491332, -23.4307351 ], [ -58.1491411, -23.4306843 ], [ -58.1491639, -23.430538 ], [ -58.1512581, -23.4272369 ], [ -58.1520405, -23.4259981 ], [ -58.1520559, -23.4258362 ], [ -58.1512964, -23.4232248 ], [ -58.151143, -23.422718 ], [ -58.1502685, -23.4187832 ], [ -58.1490565, -23.41337 ], [ -58.1479365, -23.40821 ], [ -58.1478828, -23.4081114 ], [ -58.1477974, -23.4081185 ], [ -58.1477141, -23.4081255 ], [ -58.1432955, -23.408914 ], [ -58.1414161, -23.4097376 ], [ -58.1413471, -23.4098925 ], [ -58.1413382, -23.4099652 ], [ -58.14127040000001, -23.410519 ] ] } },
{ "type": "Feature", "properties": { "osm_id": 545547819, "IBGE:CD_ADMINIS": null, "access": null, "admin_level": null, "aeroway": null, "alt_name": null, "amenity": null, "area": null, "barrier": null, "bicycle": null, "boundary": null, "bridge": null, "bridge:name": null, "covered": null, "destination": null, "destination:backward": null, "destination:forward": null, "destination:ref": null, "embankment": null, "fixme": null, "foot": null, "ford": null, "highway_x": "track", "horse": null, "ibgE:CD_ADMINIS": null, "incline": null, "junction": null, "lanes": null, "layer": null, "lit": null, "loc_name": null, "maxspeed": null, "motor_vehicle": null, "name": null, "network": null, "noexit": null, "noname": null, "official_name": null, "old_name": null, "old_ref": null, "old_source:name": null, "oneway": null, "proposed": null, "ref": null, "seamark:type": null, "service": null, "smoothness": null, "source": null, "source:name": null, "surface": null, "toll": null, "tracktype": null, "tunnel": null, "type": null, "width": null, "road_id": 3214, "highway_y": "track", "movement_segments": 2 }, "geometry": { "type": "LineString", "coordinates": [ [ -58.1087103, -23.4170362 ], [ -58.1087068, -23.4173217 ], [ -58.1085785, -23.4199313 ], [ -58.1082499, -23.4264954 ], [ -58.1079823, -23.4308771 ], [ -58.1078074, -23.4342766 ], [ -58.1074883, -23.4399894 ], [ -58.1074598, -23.4406906 ], [ -58.1073672, -23.4408083 ], [ -58.1066829, -23.4414164 ], [ -58.106633, -23.4415407 ], [ -58.1067186, -23.4421292 ], [ -58.106797, -23.4422273 ], [ -58.1070892, -23.4422796 ], [ -58.107303, -23.4423908 ], [ -58.1074456, -23.4425673 ], [ -58.1074598, -23.442730799999989 ], [ -58.1073387, -23.4448038 ], [ -58.1074812, -23.4449803 ], [ -58.1076309, -23.4450261 ], [ -58.1121641, -23.4449673 ], [ -58.1151892, -23.4449236 ], [ -58.1178667, -23.444985 ], [ -58.1214814, -23.4450113 ], [ -58.1218926, -23.4454149 ], [ -58.1218926, -23.4460817 ], [ -58.12227510000001, -23.4518981 ], [ -58.1226576, -23.457767 ], [ -58.1229732, -23.4621531 ], [ -58.1233175, -23.4677496 ], [ -58.1234705, -23.4700039 ], [ -58.1238052, -23.4750651 ] ] } },
{ "type": "Feature", "properties": { "osm_id": 268843391, "IBGE:CD_ADMINIS": null, "access": null, "admin_level": null, "aeroway": null, "alt_name": null, "amenity": null, "area": null, "barrier": null, "bicycle": null, "boundary": null, "bridge": null, "bridge:name": null, "covered": null, "destination": null, "destination:backward": null, "destination:forward": null, "destination:ref": null, "embankment": null, "fixme": null, "foot": null, "ford": null, "highway_x": "track", "horse": null, "ibgE:CD_ADMINIS": null, "incline": null, "junction": null, "lanes": null, "layer": null, "lit": null, "loc_name": null, "maxspeed": null, "motor_vehicle": null, "name": null, "network": null, "noexit": null, "noname": null, "official_name": null, "old_name": null, "old_ref": null, "old_source:name": null, "oneway": null, "proposed": null, "ref": null, "seamark:type": null, "service": null, "smoothness": null, "source": null, "source:name": null, "surface": null, "toll": null, "tracktype": "grade2", "tunnel": null, "type": null, "width": null, "road_id": 4170, "highway_y": "track", "movement_segments": 2 }, "geometry": { "type": "LineString", "coordinates": [ [ -58.7061077, -23.2605779 ], [ -58.7060184, -23.2604451 ], [ -58.7059468, -23.2603956 ], [ -58.7058717, -23.2603907 ], [ -58.7057858, -23.2604252 ], [ -58.7056965, -23.2605043 ], [ -58.7054854, -23.2606864 ], [ -58.70538, -23.2607408 ], [ -58.7052279, -23.2607849 ], [ -58.7046075, -23.2608887 ], [ -58.7044716, -23.2608884 ], [ -58.7043804, -23.260858899999988 ], [ -58.7042462, -23.26078 ], [ -58.7041765, -23.2606765 ], [ -58.70409260000001, -23.260524 ], [ -58.7039458, -23.260233 ], [ -58.703878, -23.2601346 ], [ -58.7037688, -23.2600062 ], [ -58.7030358, -23.2592623 ], [ -58.7029373, -23.2591191 ], [ -58.7028569, -23.2589466 ], [ -58.7028247, -23.2588086 ], [ -58.7028158, -23.2586709 ], [ -58.7027515, -23.2578133 ], [ -58.7028243, -23.2575338 ], [ -58.7033017, -23.2567847 ], [ -58.7033875, -23.2564693 ], [ -58.7033446, -23.2557842 ], [ -58.7032051, -23.254833 ], [ -58.7030883, -23.2536354 ], [ -58.7031315, -23.2533577 ], [ -58.703189, -23.2530139 ], [ -58.703772, -23.2514864 ], [ -58.7041822, -23.2501837 ], [ -58.7042758, -23.2499126 ], [ -58.7045637, -23.2482726 ], [ -58.7045277, -23.2480147 ], [ -58.7044773, -23.2478494 ], [ -58.7042398, -23.2473601 ], [ -58.7027932, -23.2440206 ], [ -58.701375400000011, -23.2407802 ], [ -58.6994249, -23.2364882 ], [ -58.6974241, -23.231958 ], [ -58.6973306, -23.2317728 ], [ -58.6972082, -23.2316868 ], [ -58.6946532, -23.2300996 ], [ -58.6935449, -23.2293588 ], [ -58.6923573, -23.2284461 ], [ -58.69127060000001, -23.2275334 ], [ -58.6890107, -23.2254765 ], [ -58.6884925, -23.2250995 ], [ -58.6876, -23.22463 ], [ -58.6871322, -23.2241141 ], [ -58.6869163, -23.2237768 ], [ -58.6862254, -23.2222489 ], [ -58.6861174, -23.2219116 ], [ -58.68597350000001, -23.2209923 ], [ -58.6855705, -23.2197422 ], [ -58.6849309, -23.217576 ], [ -58.6848504, -23.2172901 ], [ -58.6847627, -23.2169891 ], [ -58.6844065, -23.2160975 ] ] } },
{ "type": "Feature", "properties": { "osm_id": 499486781, "IBGE:CD_ADMINIS": null, "access": null, "admin_level": null, "aeroway": null, "alt_name": null, "amenity": null, "area": null, "barrier": null, "bicycle": null, "boundary": null, "bridge": null, "bridge:name": null, "covered": null, "destination": null, "destination:backward": null, "destination:forward": null, "destination:ref": null, "embankment": null, "fixme": null, "foot": null, "ford": null, "highway_x": "track", "horse": null, "ibgE:CD_ADMINIS": null, "incline": null, "junction": null, "lanes": null, "layer": null, "lit": null, "loc_name": null, "maxspeed": null, "motor_vehicle": null, "name": null, "network": null, "noexit": null, "noname": null, "official_name": null, "old_name": null, "old_ref": null, "old_source:name": null, "oneway": null, "proposed": null, "ref": null, "seamark:type": null, "service": null, "smoothness": null, "source": null, "source:name": null, "surface": null, "toll": null, "tracktype": null, "tunnel": null, "type": null, "width": null, "road_id": 4246, "highway_y": "track", "movement_segments": 1 }, "geometry": { "type": "LineString", "coordinates": [ [ -58.5675274, -23.3517514 ], [ -58.5498239, -23.3452483 ], [ -58.5423191, -23.3424985 ], [ -58.5410539, -23.3427908 ], [ -58.5372757, -23.3428857 ], [ -58.5370605, -23.3426012 ], [ -58.5356663, -23.338982 ], [ -58.5326884, -23.3316327 ], [ -58.5300979, -23.3249231 ] ] } },
{ "type": "Feature", "properties": { "osm_id": 499486784, "IBGE:CD_ADMINIS": null, "access": null, "admin_level": null, "aeroway": null, "alt_name": null, "amenity": null, "area": null, "barrier": null, "bicycle": null, "boundary": null, "bridge": null, "bridge:name": null, "covered": null, "destination": null, "destination:backward": null, "destination:forward": null, "destination:ref": null, "embankment": null, "fixme": null, "foot": null, "ford": null, "highway_x": "track", "horse": null, "ibgE:CD_ADMINIS": null, "incline": null, "junction": null, "lanes": null, "layer": null, "lit": null, "loc_name": null, "maxspeed": null, "motor_vehicle": null, "name": null, "network": null, "noexit": null, "noname": null, "official_name": null, "old_name": null, "old_ref": null, "old_source:name": null, "oneway": null, "proposed": null, "ref": null, "seamark:type": null, "service": null, "smoothness": null, "source": null, "source:name": null, "surface": null, "toll": null, "tracktype": null, "tunnel": null, "type": null, "width": null, "road_id": 4248, "highway_y": "track", "movement_segments": 1 }, "geometry": { "type": "LineString", "coordinates": [ [ -58.560145, -23.3729226 ], [ -58.5599573, -23.3729157 ], [ -58.5528911, -23.3719131 ], [ -58.5365295, -23.3694167 ], [ -58.5334014, -23.3689734 ] ] } },
{ "type": "Feature", "properties": { "osm_id": 499486785, "IBGE:CD_ADMINIS": null, "access": null, "admin_level": null, "aeroway": null, "alt_name": null, "amenity": null, "area": null, "barrier": null, "bicycle": null, "boundary": null, "bridge": null, "bridge:name": null, "covered": null, "destination": null, "destination:backward": null, "destination:forward": null, "destination:ref": null, "embankment": null, "fixme": null, "foot": null, "ford": null, "highway_x": "track", "horse": null, "ibgE:CD_ADMINIS": null, "incline": null, "junction": null, "lanes": null, "layer": null, "lit": null, "loc_name": null, "maxspeed": null, "motor_vehicle": null, "name": null, "network": null, "noexit": null, "noname": null, "official_name": null, "old_name": null, "old_ref": null, "old_source:name": null, "oneway": null, "proposed": null, "ref": null, "seamark:type": null, "service": null, "smoothness": null, "source": null, "source:name": null, "surface": null, "toll": null, "tracktype": null, "tunnel": null, "type": null, "width": null, "road_id": 4249, "highway_y": "track", "movement_segments": 1 }, "geometry": { "type": "LineString", "coordinates": [ [ -58.5621997, -23.3760924 ], [ -58.5619115, -23.3762032 ], [ -58.5539908, -23.3761964 ], [ -58.5395314, -23.3762032 ], [ -58.5296491, -23.3762101 ], [ -58.5182138, -23.3761691 ], [ -58.5065334, -23.3762373 ], [ -58.5048021, -23.3762373 ] ] } },
{ "type": "Feature", "properties": { "osm_id": 589698956, "IBGE:CD_ADMINIS": null, "access": null, "admin_level": null, "aeroway": null, "alt_name": null, "amenity": null, "area": null, "barrier": null, "bicycle": null, "boundary": null, "bridge": null, "bridge:name": null, "covered": null, "destination": null, "destination:backward": null, "destination:forward": null, "destination:ref": null, "embankment": null, "fixme": null, "foot": null, "ford": null, "highway_x": "track", "horse": null, "ibgE:CD_ADMINIS": null, "incline": null, "junction": null, "lanes": null, "layer": null, "lit": null, "loc_name": null, "maxspeed": null, "motor_vehicle": null, "name": null, "network": null, "noexit": null, "noname": null, "official_name": null, "old_name": null, "old_ref": null, "old_source:name": null, "oneway": null, "proposed": null, "ref": null, "seamark:type": null, "service": null, "smoothness": null, "source": null, "source:name": null, "surface": null, "toll": null, "tracktype": null, "tunnel": null, "type": null, "width": null, "road_id": 4258, "highway_y": "track", "movement_segments": 1 }, "geometry": { "type": "LineString", "coordinates": [ [ -58.5789019, -23.4079443 ], [ -58.5784525, -23.4075993 ], [ -58.57836660000001, -23.4074615 ], [ -58.5783076, -23.4070086 ], [ -58.578372, -23.4063981 ], [ -58.5780555, -23.4059255 ], [ -58.5778463, -23.4056449 ], [ -58.5778034, -23.4054086 ], [ -58.5777175, -23.4052904 ], [ -58.5773528, -23.4052461 ], [ -58.5771811, -23.4045471 ], [ -58.57679490000001, -23.4036855 ], [ -58.576811, -23.4035083 ], [ -58.5768646, -23.4031834 ], [ -58.5765803, -23.4025335 ], [ -58.5761565, -23.4019575 ], [ -58.57600630000001, -23.4018246 ], [ -58.5759741, -23.4012535 ], [ -58.5761672, -23.4010566 ], [ -58.576124299999989, -23.4008547 ], [ -58.5755986, -23.4006972 ], [ -58.5748208, -23.4005593 ], [ -58.5744238, -23.4004116 ], [ -58.573544, -23.3998208 ], [ -58.5728681, -23.3993088 ], [ -58.5723746, -23.3991414 ], [ -58.5715807, -23.3984866 ], [ -58.57019660000001, -23.3975906 ], [ -58.5698748, -23.3973001 ], [ -58.569569, -23.3972854 ], [ -58.5679168, -23.3973247 ], [ -58.5674501, -23.3974872 ], [ -58.5669029, -23.397566 ], [ -58.5663021, -23.397502 ], [ -58.5655832, -23.3974774 ], [ -58.5653848, -23.3974577 ], [ -58.5649824, -23.397502 ], [ -58.5647088, -23.3975808 ], [ -58.5643762, -23.3975069 ], [ -58.56372180000001, -23.3974675 ], [ -58.5633677, -23.3975611 ], [ -58.5631424, -23.3975414 ], [ -58.5628796, -23.3974626 ], [ -58.56250940000001, -23.3975463 ], [ -58.5622037, -23.3974281 ], [ -58.5607338, -23.39699 ], [ -58.5601759, -23.3969407 ], [ -58.5597038, -23.3970392 ], [ -58.5595644, -23.39699 ], [ -58.5595322, -23.3968373 ], [ -58.5576439, -23.3968521 ], [ -58.5568982, -23.3968767 ], [ -58.5566032, -23.3965764 ], [ -58.5560614, -23.3961481 ], [ -58.555643, -23.395961 ], [ -58.5544843, -23.3957493 ], [ -58.55398, -23.3955228 ], [ -58.5526282, -23.3953259 ], [ -58.5519683, -23.3952126 ], [ -58.5509491, -23.39506 ], [ -58.5503697, -23.39506 ], [ -58.5493559, -23.3952126 ], [ -58.5488516, -23.3953308 ], [ -58.5482991, -23.3951831 ], [ -58.5475266, -23.3951092 ], [ -58.5467917, -23.3949468 ], [ -58.5463464, -23.3951486 ], [ -58.5459334, -23.3952668 ], [ -58.5453862, -23.3954982 ], [ -58.5448712, -23.3956016 ], [ -58.5444957, -23.3956114 ], [ -58.5440666, -23.3957197 ], [ -58.5437715, -23.3958133 ], [ -58.5437179, -23.3961038 ], [ -58.5436428, -23.3962268 ], [ -58.5434443, -23.396281 ], [ -58.5431707, -23.3964681 ], [ -58.5430098, -23.3964484 ], [ -58.54239290000001, -23.3969309 ], [ -58.5419315, -23.3970195 ], [ -58.5417652, -23.3971229 ], [ -58.5415238, -23.3974183 ], [ -58.5411966, -23.3977186 ], [ -58.538396400000011, -23.3978466 ], [ -58.53794580000001, -23.3976792 ], [ -58.5373181, -23.39765460000001 ], [ -58.53664220000001, -23.3976743 ], [ -58.5337937, -23.3978318 ], [ -58.5319644, -23.3978466 ], [ -58.5310793, -23.3980731 ], [ -58.5298133, -23.3982011 ], [ -58.5274208, -23.397886 ], [ -58.52481370000001, -23.3974971 ], [ -58.5242504, -23.3973051 ], [ -58.5237783, -23.3970933 ], [ -58.5235087, -23.3970915 ], [ -58.5230488, -23.3970884 ], [ -58.5225982, -23.3970933 ], [ -58.5210693, -23.3973937 ], [ -58.5209191, -23.3974872 ], [ -58.5203826, -23.3979599 ], [ -58.5201949, -23.3981272 ], [ -58.5201091, -23.3985457 ] ] } },
{ "type": "Feature", "properties": { "osm_id": 498675745, "IBGE:CD_ADMINIS": null, "access": null, "admin_level": null, "aeroway": null, "alt_name": null, "amenity": null, "area": null, "barrier": null, "bicycle": null, "boundary": null, "bridge": null, "bridge:name": null, "covered": null, "destination": null, "destination:backward": null, "destination:forward": null, "destination:ref": null, "embankment": null, "fixme": null, "foot": null, "ford": null, "highway_x": "service", "horse": null, "ibgE:CD_ADMINIS": null, "incline": null, "junction": null, "lanes": null, "layer": null, "lit": null, "loc_name": null, "maxspeed": null, "motor_vehicle": null, "name": null, "network": null, "noexit": null, "noname": null, "official_name": null, "old_name": null, "old_ref": null, "old_source:name": null, "oneway": null, "proposed": null, "ref": null, "seamark:type": null, "service": null, "smoothness": null, "source": null, "source:name": null, "surface": "unpaved", "toll": null, "tracktype": null, "tunnel": null, "type": null, "width": null, "road_id": 4261, "highway_y": "service", "movement_segments": 78 }, "geometry": { "type": "LineString", "coordinates": [ [ -58.0500247, -23.3115059 ], [ -58.05266670000001, -23.3115102 ], [ -58.0529846, -23.3116622 ], [ -58.0530825, -23.3117365 ], [ -58.0534416, -23.3120089 ], [ -58.0543356, -23.3122339 ], [ -58.0559383, -23.3124711 ], [ -58.0572695, -23.3129395 ], [ -58.057839, -23.313182699999988 ], [ -58.0585079, -23.314016 ], [ -58.0590818, -23.3157691 ], [ -58.0592684, -23.3168543 ], [ -58.06085, -23.3184863 ], [ -58.0628048, -23.3199876 ], [ -58.0649283, -23.3211707 ], [ -58.0664477, -23.322549599999988 ], [ -58.0675406, -23.3236593 ], [ -58.0679405, -23.3238796 ], [ -58.0688112, -23.3241978 ], [ -58.0695931, -23.3244915 ], [ -58.07042830000001, -23.3245976 ], [ -58.0715212, -23.3244834 ], [ -58.0724364, -23.3247282 ], [ -58.0736359, -23.3251116 ], [ -58.0774833, -23.3250056 ], [ -58.0787805, -23.3248098 ], [ -58.0799534, -23.3249485 ], [ -58.0832765, -23.3247118 ], [ -58.0883322, -23.3244507 ], [ -58.0891586, -23.3247118 ], [ -58.08992270000001, -23.3244018 ], [ -58.091682, -23.3244915 ], [ -58.0937434, -23.3246629 ], [ -58.0952184, -23.3244834 ], [ -58.0979195, -23.3245405 ], [ -58.0995188, -23.3242304 ], [ -58.1007272, -23.3244344 ], [ -58.1016957, -23.3245323 ], [ -58.1041836, -23.3253401 ], [ -58.1057652, -23.3256991 ], [ -58.1080487, -23.3270943 ], [ -58.1082353, -23.3271677 ], [ -58.1086174, -23.3271432 ], [ -58.1099235, -23.3278368 ], [ -58.1170584, -23.3313859 ], [ -58.1238044, -23.3346927 ], [ -58.1245326, -23.335143 ], [ -58.1248149, -23.3354841 ], [ -58.1253202, -23.3362891 ], [ -58.1255883, -23.3367405 ], [ -58.1259443, -23.3373398 ], [ -58.1289016, -23.3422246 ], [ -58.1294812, -23.3435753 ], [ -58.1297932, -23.3445031 ], [ -58.1299716, -23.3454173 ], [ -58.1298972, -23.3464406 ], [ -58.1300161, -23.3473411 ], [ -58.1300904, -23.3479141 ], [ -58.1305511, -23.3488828 ], [ -58.1308258, -23.349479 ], [ -58.130878, -23.3495923 ], [ -58.1315022, -23.3502063 ], [ -58.1324533, -23.3508611 ], [ -58.1337907, -23.3514342 ], [ -58.1349647, -23.3519663 ], [ -58.1358118, -23.3523483 ], [ -58.1362279, -23.352471099999988 ], [ -58.139304, -23.3522118 ], [ -58.1402997, -23.3517343 ], [ -58.1513708, -23.3451717 ], [ -58.1517572, -23.3451035 ], [ -58.152203, -23.3452399 ], [ -58.1584148, -23.3487464 ], [ -58.1630067, -23.3509839 ], [ -58.1687577, -23.3539036 ], [ -58.1717299, -23.3550769 ], [ -58.1746128, -23.3560046 ], [ -58.1758314, -23.3564139 ], [ -58.1768568, -23.3565503 ], [ -58.1787144, -23.3573416 ], [ -58.1790413, -23.3574781 ], [ -58.1821472, -23.3581193 ], [ -58.182593, -23.3582966 ], [ -58.186427, -23.3609023 ], [ -58.1867242, -23.3611343 ], [ -58.1904542, -23.3624712 ], [ -58.1912419, -23.3625121 ], [ -58.1923415, -23.3619664 ], [ -58.194853, -23.3612161 ], [ -58.1958041, -23.360916 ], [ -58.1985087, -23.3607796 ], [ -58.2001434, -23.3611888 ], [ -58.2059241, -23.363358 ], [ -58.2067118, -23.3641628 ], [ -58.2079155, -23.3656089 ], [ -58.2088517, -23.3667275 ], [ -58.2113037, -23.3687874 ], [ -58.2127154, -23.3699742 ], [ -58.2139043, -23.3707245 ], [ -58.2147365, -23.3711747 ], [ -58.2162225, -23.3717203 ], [ -58.2175749, -23.3721978 ], [ -58.2233705, -23.3676415 ], [ -58.2273383, -23.3644766 ], [ -58.242184, -23.3595245 ], [ -58.2420949, -23.3552543 ] ] } },
{ "type": "Feature", "properties": { "osm_id": 498675747, "IBGE:CD_ADMINIS": null, "access": null, "admin_level": null, "aeroway": null, "alt_name": null, "amenity": null, "area": null, "barrier": null, "bicycle": null, "boundary": null, "bridge": null, "bridge:name": null, "covered": null, "destination": null, "destination:backward": null, "destination:forward": null, "destination:ref": null, "embankment": null, "fixme": null, "foot": null, "ford": null, "highway_x": "track", "horse": null, "ibgE:CD_ADMINIS": null, "incline": null, "junction": null, "lanes": null, "layer": null, "lit": null, "loc_name": null, "maxspeed": null, "motor_vehicle": null, "name": null, "network": null, "noexit": null, "noname": null, "official_name": null, "old_name": null, "old_ref": null, "old_source:name": null, "oneway": null, "proposed": null, "ref": null, "seamark:type": null, "service": null, "smoothness": null, "source": null, "source:name": null, "surface": null, "toll": null, "tracktype": null, "tunnel": null, "type": null, "width": null, "road_id": 4262, "highway_y": "track", "movement_segments": 5 }, "geometry": { "type": "LineString", "coordinates": [ [ -58.242184, -23.3595245 ], [ -58.24425320000001, -23.3588512 ], [ -58.2443245, -23.3587137 ], [ -58.2442318, -23.3550494 ], [ -58.24476640000001, -23.354997 ], [ -58.247981, -23.354997 ], [ -58.260116, -23.3551403 ], [ -58.26061, -23.3551876 ], [ -58.2609085, -23.3554521 ], [ -58.2608982, -23.3626989 ] ] } },
{ "type": "Feature", "properties": { "osm_id": 498675748, "IBGE:CD_ADMINIS": null, "access": null, "admin_level": null, "aeroway": null, "alt_name": null, "amenity": null, "area": null, "barrier": null, "bicycle": null, "boundary": null, "bridge": null, "bridge:name": null, "covered": null, "destination": null, "destination:backward": null, "destination:forward": null, "destination:ref": null, "embankment": null, "fixme": null, "foot": null, "ford": null, "highway_x": "track", "horse": null, "ibgE:CD_ADMINIS": null, "incline": null, "junction": null, "lanes": null, "layer": null, "lit": null, "loc_name": null, "maxspeed": null, "motor_vehicle": null, "name": null, "network": null, "noexit": null, "noname": null, "official_name": null, "old_name": null, "old_ref": null, "old_source:name": null, "oneway": null, "proposed": null, "ref": null, "seamark:type": null, "service": null, "smoothness": null, "source": null, "source:name": null, "surface": null, "toll": null, "tracktype": null, "tunnel": null, "type": null, "width": null, "road_id": 4263, "highway_y": "track", "movement_segments": 6 }, "geometry": { "type": "LineString", "coordinates": [ [ -58.24425320000001, -23.3588512 ], [ -58.2444519, -23.3666009 ] ] } },
{ "type": "Feature", "properties": { "osm_id": 498675749, "IBGE:CD_ADMINIS": null, "access": null, "admin_level": null, "aeroway": null, "alt_name": null, "amenity": null, "area": null, "barrier": null, "bicycle": null, "boundary": null, "bridge": null, "bridge:name": null, "covered": null, "destination": null, "destination:backward": null, "destination:forward": null, "destination:ref": null, "embankment": null, "fixme": null, "foot": null, "ford": null, "highway_x": "service", "horse": null, "ibgE:CD_ADMINIS": null, "incline": null, "junction": null, "lanes": null, "layer": null, "lit": null, "loc_name": null, "maxspeed": null, "motor_vehicle": null, "name": null, "network": null, "noexit": null, "noname": null, "official_name": null, "old_name": null, "old_ref": null, "old_source:name": null, "oneway": null, "proposed": null, "ref": null, "seamark:type": null, "service": null, "smoothness": null, "source": null, "source:name": null, "surface": null, "toll": null, "tracktype": null, "tunnel": null, "type": null, "width": null, "road_id": 4264, "highway_y": "service", "movement_segments": 17 }, "geometry": { "type": "LineString", "coordinates": [ [ -58.2175749, -23.3721978 ], [ -58.2182285, -23.3725245 ], [ -58.2187842, -23.3727512 ], [ -58.2192988, -23.3730063 ], [ -58.2196693, -23.3735259 ], [ -58.2200398, -23.3742344 ], [ -58.2218615, -23.378051 ], [ -58.222057, -23.3784856 ], [ -58.2230347, -23.3797798 ], [ -58.2254945, -23.3828405 ], [ -58.2264722, -23.3841347 ], [ -58.227172, -23.3851927 ], [ -58.22746020000001, -23.3853627 ], [ -58.2281466, -23.3855735 ], [ -58.2291323, -23.3858801 ], [ -58.2299026, -23.3860533 ] ] } },
{ "type": "Feature", "properties": { "osm_id": 498675751, "IBGE:CD_ADMINIS": null, "access": null, "admin_level": null, "aeroway": null, "alt_name": null, "amenity": null, "area": null, "barrier": null, "bicycle": null, "boundary": null, "bridge": null, "bridge:name": null, "covered": null, "destination": null, "destination:backward": null, "destination:forward": null, "destination:ref": null, "embankment": null, "fixme": null, "foot": null, "ford": null, "highway_x": "service", "horse": null, "ibgE:CD_ADMINIS": null, "incline": null, "junction": null, "lanes": null, "layer": null, "lit": null, "loc_name": null, "maxspeed": null, "motor_vehicle": null, "name": null, "network": null, "noexit": null, "noname": null, "official_name": null, "old_name": null, "old_ref": null, "old_source:name": null, "oneway": null, "proposed": null, "ref": null, "seamark:type": null, "service": null, "smoothness": null, "source": null, "source:name": null, "surface": null, "toll": null, "tracktype": null, "tunnel": null, "type": null, "width": null, "road_id": 4265, "highway_y": "service", "movement_segments": 29 }, "geometry": { "type": "LineString", "coordinates": [ [ -58.2299026, -23.3860533 ], [ -58.2303903, -23.3861372 ], [ -58.2302888, -23.3861987 ], [ -58.2302312, -23.3862691 ], [ -58.2301532, -23.386608399999986 ], [ -58.2302041, -23.3867945 ], [ -58.2302616, -23.3869288 ], [ -58.2303689, -23.3870423 ], [ -58.2304132, -23.387174099999989 ], [ -58.2303758, -23.3874017 ], [ -58.2302848, -23.3877764 ], [ -58.230067, -23.3879422 ], [ -58.2299321, -23.388179 ], [ -58.2343303, -23.3896234 ], [ -58.2347747, -23.3897506 ], [ -58.2348961, -23.3896293 ], [ -58.23462210000001, -23.388215599999988 ], [ -58.2346638, -23.3881297 ], [ -58.2351671, -23.3880419 ], [ -58.2373296, -23.387644 ], [ -58.2376678, -23.3876613 ], [ -58.2379673, -23.387783399999989 ], [ -58.2395674, -23.3884141 ], [ -58.2411488, -23.3889948 ], [ -58.2418504, -23.3890149 ], [ -58.242755699999989, -23.3888075 ], [ -58.245692, -23.3881349 ], [ -58.2465332, -23.3879595 ], [ -58.2478755, -23.3874457 ], [ -58.2485632, -23.3870624 ], [ -58.250033, -23.3861718 ], [ -58.2551743, -23.3850856 ], [ -58.2556091, -23.3849668 ], [ -58.2558935, -23.384889 ], [ -58.2565793, -23.3845899 ], [ -58.2601041, -23.383556 ], [ -58.2662838, -23.3816522 ], [ -58.2677093, -23.3812531 ], [ -58.268422, -23.3812008 ], [ -58.2689352, -23.3813709 ], [ -58.2695126, -23.3815737 ], [ -58.2713943, -23.3825681 ], [ -58.2726986, -23.3833663 ], [ -58.2736323, -23.3839943 ], [ -58.2745375, -23.3845831 ], [ -58.2747229, -23.3846616 ], [ -58.2792204, -23.3853354 ], [ -58.2806958, -23.385499 ], [ -58.2814727, -23.3855055 ], [ -58.2819503, -23.3854663 ], [ -58.2825633, -23.3853878 ], [ -58.2828626, -23.3854925 ], [ -58.283276, -23.3857149 ], [ -58.2855996, -23.3870168 ], [ -58.2862055, -23.387213 ], [ -58.2875241, -23.3872915 ], [ -58.2887358, -23.387213 ], [ -58.2895127, -23.3870822 ], [ -58.2903181, -23.3868336 ], [ -58.293162, -23.385636399999989 ], [ -58.2960416, -23.3843541 ], [ -58.2963695, -23.3839943 ], [ -58.2968827, -23.3831373 ], [ -58.2970608, -23.3830261 ], [ -58.2995341, -23.3824242 ], [ -58.2999119, -23.3825354 ], [ -58.3005463, -23.3830261 ], [ -58.3013659, -23.3838307 ], [ -58.3020716, -23.3850411 ], [ -58.3027843, -23.3864411 ], [ -58.3032548, -23.3875401 ], [ -58.30402930000001, -23.389509 ], [ -58.3043999, -23.3898585 ], [ -58.3054084, -23.3906898 ], [ -58.3056657, -23.3911148 ], [ -58.3059642, -23.3914549 ], [ -58.3061803, -23.39188 ], [ -58.30643760000001, -23.3924373 ], [ -58.3064685, -23.3926829 ], [ -58.3062935, -23.3930513 ], [ -58.3057687, -23.393608599999986 ], [ -58.3036177, -23.3958755 ], [ -58.3034839, -23.3960644 ], [ -58.3034324, -23.3964423 ], [ -58.3034427, -23.398747 ], [ -58.3033192, -23.3990209 ], [ -58.3032369, -23.3993987 ] ] } },
{ "type": "Feature", "properties": { "osm_id": 498675754, "IBGE:CD_ADMINIS": null, "access": null, "admin_level": null, "aeroway": null, "alt_name": null, "amenity": null, "area": null, "barrier": null, "bicycle": null, "boundary": null, "bridge": null, "bridge:name": null, "covered": null, "destination": null, "destination:backward": null, "destination:forward": null, "destination:ref": null, "embankment": null, "fixme": null, "foot": null, "ford": null, "highway_x": "service", "horse": null, "ibgE:CD_ADMINIS": null, "incline": null, "junction": null, "lanes": null, "layer": null, "lit": null, "loc_name": null, "maxspeed": null, "motor_vehicle": null, "name": null, "network": null, "noexit": null, "noname": null, "official_name": null, "old_name": null, "old_ref": null, "old_source:name": null, "oneway": null, "proposed": null, "ref": null, "seamark:type": null, "service": null, "smoothness": null, "source": null, "source:name": null, "surface": null, "toll": null, "tracktype": null, "tunnel": null, "type": null, "width": null, "road_id": 4267, "highway_y": "service", "movement_segments": 3 }, "geometry": { "type": "LineString", "coordinates": [ [ -58.338602, -23.4172901 ], [ -58.3386101, -23.4162823 ], [ -58.3386792, -23.4158701 ], [ -58.3390692, -23.4156209 ], [ -58.3416443, -23.4135621 ], [ -58.3450727, -23.4107757 ], [ -58.3481282, -23.4082996 ], [ -58.3483503, -23.408055 ], [ -58.3491589, -23.406734 ], [ -58.3532509, -23.4001243 ], [ -58.353566, -23.3996153 ], [ -58.3539303, -23.3989629 ], [ -58.3539747, -23.3985389 ], [ -58.3538948, -23.3957337 ], [ -58.3537348, -23.3921781 ], [ -58.3538148, -23.3917622 ], [ -58.3542502, -23.3911424 ], [ -58.3575911, -23.3864042 ], [ -58.3600434, -23.3829055 ], [ -58.3645344, -23.3765251 ], [ -58.3645729, -23.3762425 ], [ -58.364342, -23.3759363 ], [ -58.3618658, -23.3727683 ], [ -58.36158360000001, -23.3724621 ], [ -58.361404, -23.3718261 ], [ -58.3612854, -23.3713605 ], [ -58.361173, -23.3709193 ], [ -58.3604289, -23.3662319 ], [ -58.360044, -23.3653957 ], [ -58.3584788, -23.3620744 ], [ -58.3584403, -23.3619448 ], [ -58.3584018, -23.3616268 ], [ -58.3577347, -23.3533702 ], [ -58.3574202, -23.3494405 ], [ -58.3572728, -23.3475985 ], [ -58.3567468, -23.3408488 ], [ -58.3562802, -23.3374642 ] ] } },
{ "type": "Feature", "properties": { "osm_id": 498675765, "IBGE:CD_ADMINIS": null, "access": null, "admin_level": null, "aeroway": null, "alt_name": null, "amenity": null, "area": null, "barrier": null, "bicycle": null, "boundary": null, "bridge": null, "bridge:name": null, "covered": null, "destination": null, "destination:backward": null, "destination:forward": null, "destination:ref": null, "embankment": null, "fixme": null, "foot": null, "ford": null, "highway_x": "track", "horse": null, "ibgE:CD_ADMINIS": null, "incline": null, "junction": null, "lanes": null, "layer": null, "lit": null, "loc_name": null, "maxspeed": null, "motor_vehicle": null, "name": null, "network": null, "noexit": null, "noname": null, "official_name": null, "old_name": null, "old_ref": null, "old_source:name": null, "oneway": null, "proposed": null, "ref": null, "seamark:type": null, "service": null, "smoothness": null, "source": null, "source:name": null, "surface": null, "toll": null, "tracktype": null, "tunnel": null, "type": null, "width": null, "road_id": 4271, "highway_y": "track", "movement_segments": 1 }, "geometry": { "type": "LineString", "coordinates": [ [ -58.3529358, -23.3148183 ], [ -58.3527127, -23.3146219 ], [ -58.3406014, -23.3150108 ], [ -58.3186344, -23.3157212 ], [ -58.2949959, -23.3164703 ], [ -58.2837844, -23.3168375 ] ] } },
{ "type": "Feature", "properties": { "osm_id": 545327623, "IBGE:CD_ADMINIS": null, "access": null, "admin_level": null, "aeroway": null, "alt_name": null, "amenity": null, "area": null, "barrier": null, "bicycle": null, "boundary": null, "bridge": null, "bridge:name": null, "covered": null, "destination": null, "destination:backward": null, "destination:forward": null, "destination:ref": null, "embankment": null, "fixme": null, "foot": null, "ford": null, "highway_x": "service", "horse": null, "ibgE:CD_ADMINIS": null, "incline": null, "junction": null, "lanes": null, "layer": null, "lit": null, "loc_name": null, "maxspeed": null, "motor_vehicle": null, "name": null, "network": null, "noexit": null, "noname": null, "official_name": null, "old_name": null, "old_ref": null, "old_source:name": null, "oneway": null, "proposed": null, "ref": null, "seamark:type": null, "service": null, "smoothness": null, "source": null, "source:name": null, "surface": "unpaved", "toll": null, "tracktype": null, "tunnel": null, "type": null, "width": null, "road_id": 4275, "highway_y": "service", "movement_segments": 4 }, "geometry": { "type": "LineString", "coordinates": [ [ -58.3612854, -23.3713605 ], [ -58.3609034, -23.3712787 ], [ -58.3597654, -23.3714016 ], [ -58.3593983, -23.371469 ], [ -58.3581876, -23.3716913 ], [ -58.356581, -23.3719371 ], [ -58.3561411, -23.3719985 ], [ -58.35515620000001, -23.3719985 ], [ -58.3546544, -23.3720957 ], [ -58.3543037, -23.3723047 ], [ -58.3540083, -23.3727792 ], [ -58.3534914, -23.373361 ], [ -58.3527037, -23.3738524 ], [ -58.3523468, -23.3740162 ], [ -58.3520576, -23.3739993 ], [ -58.3517069, -23.373892 ], [ -58.35032850000001, -23.3729938 ], [ -58.34976850000001, -23.3726267 ], [ -58.3493993, -23.3725194 ], [ -58.3489685, -23.3724855 ], [ -58.3485501, -23.3722991 ], [ -58.34797780000001, -23.3719432 ], [ -58.347707, -23.3716664 ], [ -58.3474855, -23.3713049 ], [ -58.3470302, -23.3703164 ], [ -58.346864, -23.3701356 ], [ -58.3465194, -23.3699887 ], [ -58.3453441, -23.3698758 ], [ -58.344698, -23.3695877 ], [ -58.3440149, -23.3694578 ], [ -58.34333190000001, -23.3693787 ], [ -58.3428211, -23.3694239 ], [ -58.3417504, -23.3696611 ], [ -58.3401443, -23.3703559 ], [ -58.3397628, -23.3704124 ], [ -58.3394551, -23.3703955 ], [ -58.3389259, -23.3704745 ], [ -58.3385382, -23.3707118 ], [ -58.3378244, -23.371367 ], [ -58.3372768, -23.3720223 ], [ -58.3369568, -23.3722369 ], [ -58.3365753, -23.3723781 ], [ -58.3359045, -23.3725024 ], [ -58.3352769, -23.3725194 ], [ -58.3349199, -23.3726323 ], [ -58.3343046, -23.3729035 ], [ -58.33349230000001, -23.3730955 ], [ -58.3325016, -23.3737733 ], [ -58.3321631, -23.374084 ], [ -58.3314063, -23.3749482 ], [ -58.3310309, -23.3753097 ], [ -58.3305817, -23.3755696 ], [ -58.3303232, -23.3757277 ], [ -58.3299356, -23.375965 ], [ -58.3295663, -23.3761175 ], [ -58.3291725, -23.3762248 ], [ -58.3287295, -23.3761457 ], [ -58.328311, -23.376061 ], [ -58.3269388, -23.3751855 ], [ -58.326145, -23.374807 ], [ -58.3258742, -23.3747223 ], [ -58.3252158, -23.3748409 ], [ -58.3246127, -23.3749595 ], [ -58.3243112, -23.3748974 ], [ -58.3236097, -23.3747449 ], [ -58.3234066, -23.3746997 ], [ -58.3231665, -23.3747458 ], [ -58.3229943, -23.3747788 ], [ -58.3223667, -23.375016 ], [ -58.3219421, -23.3751177 ], [ -58.3214375, -23.3752081 ], [ -58.3207483, -23.3752928 ], [ -58.3202314, -23.3755018 ], [ -58.3197206, -23.3757051 ], [ -58.3194376, -23.3757955 ], [ -58.3191791, -23.3757899 ], [ -58.3188345, -23.3756035 ], [ -58.3185822, -23.3753323 ], [ -58.3183915, -23.3752702 ], [ -58.3180284, -23.3752872 ], [ -58.3174992, -23.3754792 ], [ -58.3167792, -23.3755357 ], [ -58.3149455, -23.3756995 ], [ -58.3142809, -23.3757673 ], [ -58.3140409, -23.3757221 ], [ -58.3134625, -23.3753775 ], [ -58.3111857, -23.3740388 ], [ -58.310558, -23.3736208 ], [ -58.3101826, -23.3732593 ], [ -58.3095919, -23.3726549 ], [ -58.3089827, -23.3723047 ], [ -58.3087181, -23.3722313 ], [ -58.3084781, -23.3721748 ], [ -58.30823190000001, -23.3721691 ], [ -58.3073274, -23.3722821 ], [ -58.3069828, -23.3723668 ], [ -58.3067859, -23.3724629 ], [ -58.3066197, -23.3727679 ], [ -58.3064413, -23.3731012 ], [ -58.3062751, -23.3732367 ], [ -58.3060228, -23.3733723 ], [ -58.3058259, -23.3734118 ], [ -58.3052167, -23.3733836 ], [ -58.3042075, -23.3734175 ], [ -58.3038445, -23.3733779 ], [ -58.3026507, -23.3729938 ], [ -58.3017769, -23.3728018 ], [ -58.3010692, -23.3727171 ], [ -58.3005769, -23.3727792 ], [ -58.3000908, -23.3729261 ], [ -58.2991062, -23.3733779 ], [ -58.2983432, -23.3737903 ], [ -58.2979309, -23.3739315 ], [ -58.2973401, -23.3740727 ], [ -58.2967679, -23.3742309 ], [ -58.2958141, -23.3743156 ], [ -58.294768, -23.3743721 ], [ -58.2943926, -23.3744286 ], [ -58.293943400000011, -23.3746489 ], [ -58.2935988, -23.375016 ], [ -58.2931065, -23.375643 ], [ -58.292848, -23.3757786 ], [ -58.2919804, -23.3757108 ], [ -58.2899928, -23.3756938 ], [ -58.2890205, -23.3755187 ], [ -58.2880113, -23.3754566 ], [ -58.2868914, -23.37566 ], [ -58.2863745, -23.375739 ], [ -58.2861222, -23.3757616 ], [ -58.2858022, -23.3756938 ], [ -58.28496530000001, -23.3755922 ], [ -58.2837715, -23.3754397 ], [ -58.2832054, -23.3753493 ], [ -58.2817593, -23.375129 ], [ -58.281427, -23.3750895 ] ] } },
{ "type": "Feature", "properties": { "osm_id": 545331080, "IBGE:CD_ADMINIS": null, "access": null, "admin_level": null, "aeroway": null, "alt_name": null, "amenity": null, "area": null, "barrier": null, "bicycle": null, "boundary": null, "bridge": null, "bridge:name": null, "covered": null, "destination": null, "destination:backward": null, "destination:forward": null, "destination:ref": null, "embankment": null, "fixme": null, "foot": null, "ford": null, "highway_x": "track", "horse": null, "ibgE:CD_ADMINIS": null, "incline": null, "junction": null, "lanes": null, "layer": null, "lit": null, "loc_name": null, "maxspeed": null, "motor_vehicle": null, "name": null, "network": null, "noexit": null, "noname": null, "official_name": null, "old_name": null, "old_ref": null, "old_source:name": null, "oneway": null, "proposed": null, "ref": null, "seamark:type": null, "service": null, "smoothness": null, "source": null, "source:name": null, "surface": null, "toll": null, "tracktype": null, "tunnel": null, "type": null, "width": null, "road_id": 4276, "highway_y": "track", "movement_segments": 2 }, "geometry": { "type": "LineString", "coordinates": [ [ -58.3231665, -23.3747458 ], [ -58.3230632, -23.3746243 ], [ -58.3193351, -23.3700403 ], [ -58.3151237, -23.364956 ], [ -58.3130372, -23.3623293 ], [ -58.3126996, -23.362068799999989 ], [ -58.3076598, -23.3603012 ], [ -58.2995438, -23.3573153 ], [ -58.2983701, -23.3568997 ] ] } },
{ "type": "Feature", "properties": { "osm_id": 545547825, "IBGE:CD_ADMINIS": null, "access": null, "admin_level": null, "aeroway": null, "alt_name": null, "amenity": null, "area": null, "barrier": null, "bicycle": null, "boundary": null, "bridge": null, "bridge:name": null, "covered": null, "destination": null, "destination:backward": null, "destination:forward": null, "destination:ref": null, "embankment": null, "fixme": null, "foot": null, "ford": null, "highway_x": "service", "horse": null, "ibgE:CD_ADMINIS": null, "incline": null, "junction": null, "lanes": null, "layer": null, "lit": null, "loc_name": null, "maxspeed": null, "motor_vehicle": null, "name": null, "network": null, "noexit": null, "noname": null, "official_name": null, "old_name": null, "old_ref": null, "old_source:name": null, "oneway": null, "proposed": null, "ref": null, "seamark:type": null, "service": null, "smoothness": null, "source": null, "source:name": null, "surface": "unpaved", "toll": null, "tracktype": null, "tunnel": null, "type": null, "width": null, "road_id": 4277, "highway_y": "service", "movement_segments": 39 }, "geometry": { "type": "LineString", "coordinates": [ [ -58.2299321, -23.388179 ], [ -58.2297758, -23.3885279 ], [ -58.22976890000001, -23.389288300000011 ], [ -58.2299148, -23.3899205 ], [ -58.2299987, -23.3902448 ], [ -58.2300032, -23.3905809 ], [ -58.229937, -23.3909021 ], [ -58.2298122, -23.3912025 ], [ -58.2296687, -23.3914191 ], [ -58.2292505, -23.3920143 ], [ -58.2287216, -23.3926457 ], [ -58.2282086, -23.39321060000001 ], [ -58.2272351, -23.3944905 ], [ -58.2267311, -23.3954093 ], [ -58.2263169, -23.3961633 ], [ -58.225157, -23.3968223 ], [ -58.2247083, -23.3969554 ], [ -58.2240524, -23.3970758 ], [ -58.2228856, -23.3969744 ], [ -58.2212287, -23.3967843 ], [ -58.22049, -23.3970251 ], [ -58.2201586, -23.3972088 ], [ -58.2169828, -23.3981783 ], [ -58.21661, -23.3983367 ], [ -58.2159265, -23.4000981 ], [ -58.2156917, -23.4004973 ], [ -58.2155053, -23.4009852 ], [ -58.2150566, -23.4012703 ], [ -58.2148149, -23.401226 ], [ -58.2146423, -23.4014224 ], [ -58.214525, -23.4015111 ], [ -58.2131373, -23.401999 ], [ -58.2128266, -23.4020686 ], [ -58.2123364, -23.4019863 ], [ -58.2121155, -23.4019102 ], [ -58.2112387, -23.4016061 ], [ -58.2097958, -23.401264 ], [ -58.2092711, -23.4010802 ], [ -58.2075727, -23.400681 ], [ -58.2063921, -23.4006114 ], [ -58.2048871, -23.4006684 ], [ -58.2036167, -23.4007571 ], [ -58.2025535, -23.4005607 ], [ -58.1954908, -23.3992111 ], [ -58.19191450000001, -23.3985331 ], [ -58.1883107, -23.3973165 ], [ -58.1845135, -23.3960683 ], [ -58.1820741, -23.3952249 ], [ -58.1819659, -23.3951875 ], [ -58.1809649, -23.3946743 ], [ -58.1807854, -23.3943448 ], [ -58.1803849, -23.394066 ], [ -58.1797981, -23.3935908 ], [ -58.1793839, -23.3933373 ], [ -58.1784518, -23.3923868 ], [ -58.1777822, -23.3920637 ], [ -58.1769158, -23.392034 ] ] } },
{ "type": "Feature", "properties": { "osm_id": 589523326, "IBGE:CD_ADMINIS": null, "access": null, "admin_level": null, "aeroway": null, "alt_name": null, "amenity": null, "area": null, "barrier": null, "bicycle": null, "boundary": null, "bridge": null, "bridge:name": null, "covered": null, "destination": null, "destination:backward": null, "destination:forward": null, "destination:ref": null, "embankment": null, "fixme": null, "foot": null, "ford": null, "highway_x": "service", "horse": null, "ibgE:CD_ADMINIS": null, "incline": null, "junction": null, "lanes": null, "layer": null, "lit": null, "loc_name": null, "maxspeed": null, "motor_vehicle": null, "name": null, "network": null, "noexit": null, "noname": null, "official_name": null, "old_name": null, "old_ref": null, "old_source:name": null, "oneway": null, "proposed": null, "ref": null, "seamark:type": null, "service": null, "smoothness": null, "source": null, "source:name": null, "surface": null, "toll": null, "tracktype": null, "tunnel": null, "type": null, "width": null, "road_id": 4284, "highway_y": "service", "movement_segments": 2 }, "geometry": { "type": "LineString", "coordinates": [ [ -58.3562441, -23.3372019 ], [ -58.3558358, -23.3342402 ], [ -58.3555629, -23.3324033 ], [ -58.3546299, -23.3261232 ], [ -58.3534623, -23.318265 ], [ -58.3529358, -23.3148183 ], [ -58.3524616, -23.3117141 ], [ -58.3514096, -23.3040082 ], [ -58.3495749, -23.2910344 ], [ -58.3487153, -23.2850361 ], [ -58.3483511, -23.2820419 ], [ -58.3482492, -23.2814753 ], [ -58.3481982, -23.2810392 ], [ -58.3482385, -23.2808692 ], [ -58.3485229, -23.2801335 ], [ -58.34856030000001, -23.2799575 ], [ -58.3485657, -23.2797481 ], [ -58.3485523, -23.2794475 ], [ -58.3483304, -23.2772461 ], [ -58.3448407, -23.2736751 ], [ -58.3361935, -23.264753 ], [ -58.3311001, -23.2615941 ], [ -58.3272896, -23.259331 ], [ -58.3271485, -23.2591189 ], [ -58.3270202, -23.2586945 ], [ -58.3241464, -23.2554766 ], [ -58.3236203, -23.2552055 ], [ -58.3150885, -23.2517753 ], [ -58.3145112, -23.2517282 ], [ -58.3071469, -23.2512803 ], [ -58.3067492, -23.2510681 ], [ -58.3024256, -23.2471191 ], [ -58.3012452, -23.2461053 ], [ -58.3007834, -23.2458931 ], [ -58.2991412, -23.2454098 ], [ -58.2981918, -23.2451269 ], [ -58.295985, -23.2451623 ], [ -58.29569, -23.2448911 ], [ -58.2955103, -23.2445729 ], [ -58.2955103, -23.2423566 ], [ -58.2953307, -23.2415078 ], [ -58.2950485, -23.2411188 ], [ -58.2943813, -23.2398692 ], [ -58.29365, -23.2358846 ], [ -58.2939836, -23.231381 ], [ -58.2946152, -23.2224264 ], [ -58.2965807, -23.1947474 ], [ -58.2973961, -23.1835442 ], [ -58.2976536, -23.1783564 ], [ -58.297765, -23.177237 ], [ -58.2984739, -23.1754041 ], [ -58.2995262, -23.1725529 ], [ -58.2995151, -23.1721864 ] ] } },
{ "type": "Feature", "properties": { "osm_id": 589526067, "IBGE:CD_ADMINIS": null, "access": null, "admin_level": null, "aeroway": null, "alt_name": null, "amenity": null, "area": null, "barrier": null, "bicycle": null, "boundary": null, "bridge": null, "bridge:name": null, "covered": null, "destination": null, "destination:backward": null, "destination:forward": null, "destination:ref": null, "embankment": null, "fixme": null, "foot": null, "ford": null, "highway_x": "service", "horse": null, "ibgE:CD_ADMINIS": null, "incline": null, "junction": null, "lanes": null, "layer": null, "lit": null, "loc_name": null, "maxspeed": null, "motor_vehicle": null, "name": null, "network": null, "noexit": null, "noname": null, "official_name": null, "old_name": null, "old_ref": null, "old_source:name": null, "oneway": null, "proposed": null, "ref": null, "seamark:type": null, "service": null, "smoothness": null, "source": null, "source:name": null, "surface": null, "toll": null, "tracktype": null, "tunnel": null, "type": null, "width": null, "road_id": 4287, "highway_y": "service", "movement_segments": 3 }, "geometry": { "type": "LineString", "coordinates": [ [ -58.4238607, -23.3580308 ], [ -58.4237748, -23.3562924 ], [ -58.4236193, -23.3502741 ], [ -58.4234047, -23.3432015 ], [ -58.4231365, -23.3354291 ], [ -58.4229004, -23.3284148 ], [ -58.4226859, -23.3213017 ], [ -58.4225571, -23.3180504 ], [ -58.4224284, -23.3147793 ], [ -58.4223962, -23.3136856 ], [ -58.4224284, -23.3093602 ], [ -58.4224284, -23.3082665 ] ] } },
{ "type": "Feature", "properties": { "osm_id": 978728768, "IBGE:CD_ADMINIS": null, "access": null, "admin_level": null, "aeroway": null, "alt_name": null, "amenity": null, "area": null, "barrier": null, "bicycle": null, "boundary": null, "bridge": null, "bridge:name": null, "covered": null, "destination": null, "destination:backward": null, "destination:forward": null, "destination:ref": null, "embankment": null, "fixme": null, "foot": null, "ford": null, "highway_x": "track", "horse": null, "ibgE:CD_ADMINIS": null, "incline": null, "junction": null, "lanes": null, "layer": null, "lit": null, "loc_name": null, "maxspeed": null, "motor_vehicle": null, "name": null, "network": null, "noexit": null, "noname": null, "official_name": null, "old_name": null, "old_ref": null, "old_source:name": null, "oneway": null, "proposed": null, "ref": null, "seamark:type": null, "service": null, "smoothness": null, "source": null, "source:name": null, "surface": null, "toll": null, "tracktype": null, "tunnel": null, "type": null, "width": null, "road_id": 4299, "highway_y": "track", "movement_segments": 14 }, "geometry": { "type": "LineString", "coordinates": [ [ -58.2299148, -23.3899205 ], [ -58.2299598, -23.3899186 ], [ -58.230008, -23.3899254 ], [ -58.2300603, -23.3899433 ], [ -58.2301965, -23.3900325 ], [ -58.2302521, -23.390086 ], [ -58.2303017, -23.3901617 ], [ -58.2304372, -23.3903987 ], [ -58.2306276, -23.3907716 ], [ -58.231034, -23.3914622 ], [ -58.2312553, -23.391941 ], [ -58.2313854, -23.3922266 ], [ -58.2317193, -23.3927029 ], [ -58.2321887, -23.3933528 ], [ -58.2323724, -23.3936531 ], [ -58.2324931, -23.3939362 ], [ -58.2326715, -23.3942624 ], [ -58.2327908, -23.3945037 ], [ -58.2329048, -23.3946686 ], [ -58.2330322, -23.3948064 ], [ -58.233246800000011, -23.3949714 ], [ -58.23352580000001, -23.3951474 ], [ -58.2337484, -23.3953209 ], [ -58.2339469, -23.3955277 ], [ -58.2341185, -23.3957271 ], [ -58.2342231, -23.3959068 ], [ -58.2345088, -23.3964533 ], [ -58.2348414, -23.3969555 ], [ -58.2350788, -23.3972534 ], [ -58.2350989, -23.3973297 ], [ -58.2350962, -23.3974109 ], [ -58.2350466, -23.3974934 ], [ -58.2349299, -23.3976521 ], [ -58.2347341, -23.3979512 ], [ -58.2346134, -23.3981765 ], [ -58.2345343, -23.3983943 ], [ -58.2344551, -23.398654 ], [ -58.2344364, -23.3989224 ], [ -58.2344082, -23.3992178 ], [ -58.2343867, -23.3994393 ], [ -58.2343961, -23.3996498 ], [ -58.2344525, -23.3998676 ], [ -58.2345383, -23.4000916 ], [ -58.2347797, -23.4006338 ], [ -58.2349688, -23.4010172 ], [ -58.2351217, -23.4014283 ], [ -58.2352826, -23.4018172 ], [ -58.2353765, -23.4021446 ], [ -58.2354704, -23.4025754 ], [ -58.2355455, -23.4030997 ], [ -58.2356179, -23.4036903 ], [ -58.2355642, -23.4044188 ], [ -58.235465, -23.4047707 ], [ -58.2354637, -23.4048535 ], [ -58.2355146, -23.4049384 ], [ -58.2356501, -23.4050686 ], [ -58.2359049, -23.4053036 ], [ -58.2361114, -23.4054886 ] ] } },
{ "type": "Feature", "properties": { "osm_id": 1132342633, "IBGE:CD_ADMINIS": null, "access": null, "admin_level": null, "aeroway": null, "alt_name": null, "amenity": null, "area": null, "barrier": null, "bicycle": null, "boundary": null, "bridge": null, "bridge:name": null, "covered": null, "destination": null, "destination:backward": null, "destination:forward": null, "destination:ref": null, "embankment": null, "fixme": null, "foot": null, "ford": null, "highway_x": "track", "horse": null, "ibgE:CD_ADMINIS": null, "incline": null, "junction": null, "lanes": null, "layer": null, "lit": null, "loc_name": null, "maxspeed": null, "motor_vehicle": null, "name": null, "network": null, "noexit": null, "noname": null, "official_name": null, "old_name": null, "old_ref": null, "old_source:name": null, "oneway": null, "proposed": null, "ref": null, "seamark:type": null, "service": null, "smoothness": null, "source": null, "source:name": null, "surface": null, "toll": null, "tracktype": null, "tunnel": null, "type": null, "width": null, "road_id": 4304, "highway_y": "track", "movement_segments": 5 }, "geometry": { "type": "LineString", "coordinates": [ [ -58.2727709, -23.3524044 ], [ -58.2751806, -23.3534334 ], [ -58.277627699999989, -23.354376599999988 ], [ -58.2791221, -23.3527131 ], [ -58.2808033, -23.3505865 ], [ -58.2837361, -23.3516841 ], [ -58.2882566, -23.3532105 ], [ -58.2936178, -23.3551998 ], [ -58.2983701, -23.3568997 ] ] } },
{ "type": "Feature", "properties": { "osm_id": 1394417161, "IBGE:CD_ADMINIS": null, "access": null, "admin_level": null, "aeroway": null, "alt_name": null, "amenity": null, "area": null, "barrier": null, "bicycle": null, "boundary": null, "bridge": null, "bridge:name": null, "covered": null, "destination": null, "destination:backward": null, "destination:forward": null, "destination:ref": null, "embankment": null, "fixme": null, "foot": null, "ford": null, "highway_x": "track", "horse": null, "ibgE:CD_ADMINIS": null, "incline": null, "junction": null, "lanes": null, "layer": null, "lit": null, "loc_name": null, "maxspeed": null, "motor_vehicle": null, "name": null, "network": null, "noexit": null, "noname": null, "official_name": null, "old_name": null, "old_ref": null, "old_source:name": null, "oneway": null, "proposed": null, "ref": null, "seamark:type": null, "service": null, "smoothness": null, "source": null, "source:name": null, "surface": null, "toll": null, "tracktype": "grade3", "tunnel": null, "type": null, "width": null, "road_id": 4305, "highway_y": "track", "movement_segments": 5 }, "geometry": { "type": "LineString", "coordinates": [ [ -58.2556091, -23.3849668 ], [ -58.2569813, -23.3877562 ], [ -58.2571497, -23.3883811 ], [ -58.2574041, -23.3888 ], [ -58.2579615, -23.3899125 ], [ -58.2581036, -23.3906576 ] ] } },
{ "type": "Feature", "properties": { "osm_id": 1394417162, "IBGE:CD_ADMINIS": null, "access": null, "admin_level": null, "aeroway": null, "alt_name": null, "amenity": null, "area": null, "barrier": null, "bicycle": null, "boundary": null, "bridge": null, "bridge:name": null, "covered": null, "destination": null, "destination:backward": null, "destination:forward": null, "destination:ref": null, "embankment": null, "fixme": null, "foot": null, "ford": null, "highway_x": "path", "horse": null, "ibgE:CD_ADMINIS": null, "incline": null, "junction": null, "lanes": null, "layer": null, "lit": null, "loc_name": null, "maxspeed": null, "motor_vehicle": null, "name": null, "network": null, "noexit": null, "noname": null, "official_name": null, "old_name": null, "old_ref": null, "old_source:name": null, "oneway": null, "proposed": null, "ref": null, "seamark:type": null, "service": null, "smoothness": null, "source": null, "source:name": null, "surface": null, "toll": null, "tracktype": null, "tunnel": null, "type": null, "width": null, "road_id": 4306, "highway_y": "path", "movement_segments": 2 }, "geometry": { "type": "LineString", "coordinates": [ [ -58.242755699999989, -23.3888075 ], [ -58.242382, -23.389739 ], [ -58.2422398, -23.3900839 ], [ -58.2417361, -23.3900316 ], [ -58.2414194, -23.390645 ], [ -58.2416221, -23.3912643 ], [ -58.2414415, -23.3920406 ], [ -58.2407098, -23.3921859 ] ] } },
{ "type": "Feature", "properties": { "osm_id": 1394417163, "IBGE:CD_ADMINIS": null, "access": null, "admin_level": null, "aeroway": null, "alt_name": null, "amenity": null, "area": null, "barrier": null, "bicycle": null, "boundary": null, "bridge": null, "bridge:name": null, "covered": null, "destination": null, "destination:backward": null, "destination:forward": null, "destination:ref": null, "embankment": null, "fixme": null, "foot": null, "ford": null, "highway_x": "path", "horse": null, "ibgE:CD_ADMINIS": null, "incline": null, "junction": null, "lanes": null, "layer": null, "lit": null, "loc_name": null, "maxspeed": null, "motor_vehicle": null, "name": null, "network": null, "noexit": null, "noname": null, "official_name": null, "old_name": null, "old_ref": null, "old_source:name": null, "oneway": null, "proposed": null, "ref": null, "seamark:type": null, "service": null, "smoothness": null, "source": null, "source:name": null, "surface": null, "toll": null, "tracktype": null, "tunnel": null, "type": null, "width": null, "road_id": 4307, "highway_y": "path", "movement_segments": 2 }, "geometry": { "type": "LineString", "coordinates": [ [ -58.2461978, -23.3886098 ], [ -58.242382, -23.389739 ] ] } },
{ "type": "Feature", "properties": { "osm_id": 498672133, "IBGE:CD_ADMINIS": null, "access": null, "admin_level": null, "aeroway": null, "alt_name": null, "amenity": null, "area": null, "barrier": null, "bicycle": null, "boundary": null, "bridge": null, "bridge:name": null, "covered": null, "destination": null, "destination:backward": null, "destination:forward": null, "destination:ref": null, "embankment": null, "fixme": null, "foot": null, "ford": null, "highway_x": "service", "horse": null, "ibgE:CD_ADMINIS": null, "incline": null, "junction": null, "lanes": null, "layer": null, "lit": null, "loc_name": null, "maxspeed": null, "motor_vehicle": null, "name": null, "network": null, "noexit": null, "noname": null, "official_name": null, "old_name": null, "old_ref": null, "old_source:name": null, "oneway": null, "proposed": null, "ref": null, "seamark:type": null, "service": null, "smoothness": null, "source": null, "source:name": null, "surface": "unpaved", "toll": null, "tracktype": null, "tunnel": null, "type": null, "width": null, "road_id": 4310, "highway_y": "service", "movement_segments": 5 }, "geometry": { "type": "LineString", "coordinates": [ [ -57.9700325, -23.3431393 ], [ -57.9695324, -23.3429075 ], [ -57.9693409, -23.342782 ], [ -57.9690948, -23.3419784 ], [ -57.9685136, -23.3414197 ], [ -57.9507086, -23.3201779 ], [ -57.9531118, -23.3161975 ], [ -57.9513738, -23.3021074 ], [ -57.9547212, -23.2980673 ], [ -57.9549357, -23.2975549 ], [ -57.9547212, -23.2960965 ], [ -57.9548714, -23.2953673 ], [ -57.9561803, -23.2921351 ], [ -57.9579184, -23.2891393 ], [ -57.9579423, -23.2890445 ], [ -57.9582617, -23.2877794 ], [ -57.9582831, -23.2857098 ], [ -57.9583904, -23.2852368 ], [ -57.9588625, -23.2849214 ], [ -57.9598281, -23.2847243 ], [ -57.9602143, -23.2844287 ], [ -57.9620811, -23.2821423 ], [ -57.9623172, -23.2814919 ], [ -57.9621455, -23.280664 ], [ -57.9605631, -23.2767196 ], [ -57.9582402, -23.2734695 ], [ -57.958605, -23.2688963 ], [ -57.9589269, -23.2683443 ], [ -57.9622957, -23.2647961 ] ] } },
{ "type": "Feature", "properties": { "osm_id": 498672135, "IBGE:CD_ADMINIS": null, "access": null, "admin_level": null, "aeroway": null, "alt_name": null, "amenity": null, "area": null, "barrier": null, "bicycle": null, "boundary": null, "bridge": null, "bridge:name": null, "covered": null, "destination": null, "destination:backward": null, "destination:forward": null, "destination:ref": null, "embankment": null, "fixme": null, "foot": null, "ford": null, "highway_x": "service", "horse": null, "ibgE:CD_ADMINIS": null, "incline": null, "junction": null, "lanes": null, "layer": null, "lit": null, "loc_name": null, "maxspeed": null, "motor_vehicle": null, "name": null, "network": null, "noexit": null, "noname": null, "official_name": null, "old_name": null, "old_ref": null, "old_source:name": null, "oneway": null, "proposed": null, "ref": null, "seamark:type": null, "service": null, "smoothness": null, "source": null, "source:name": null, "surface": null, "toll": null, "tracktype": null, "tunnel": null, "type": null, "width": null, "road_id": 4311, "highway_y": "service", "movement_segments": 2 }, "geometry": { "type": "LineString", "coordinates": [ [ -57.9622957, -23.2647961 ], [ -57.9622175, -23.2646644 ], [ -57.9610729, -23.2645401 ], [ -57.9611098, -23.263743 ], [ -57.9612145, -23.2634377 ], [ -57.9609191, -23.2630306 ], [ -57.9608268, -23.2626236 ], [ -57.9608575, -23.2619113 ], [ -57.9609991, -23.2604866 ], [ -57.9611048, -23.2592289 ], [ -57.9609562, -23.258996799999988 ], [ -57.9548188, -23.2530304 ], [ -57.9401063, -23.2390293 ], [ -57.9398703, -23.2388321 ], [ -57.9077267, -23.2334493 ], [ -57.896397, -23.2313198 ], [ -57.8959408, -23.2312273 ], [ -57.895686, -23.231095 ], [ -57.895254, -23.2295478 ], [ -57.8951359, -23.2291267 ], [ -57.8934929, -23.2232676 ], [ -57.8920529, -23.2180965 ], [ -57.89184250000001, -23.217842099999988 ], [ -57.8893614, -23.2166816 ], [ -57.8878993, -23.2160098 ], [ -57.8864483, -23.2151649 ], [ -57.8844656, -23.213872 ], [ -57.8833579, -23.2133427 ], [ -57.8824718, -23.21319 ], [ -57.8811427, -23.2130882 ], [ -57.8803562, -23.2129355 ], [ -57.8789384, -23.2121517 ], [ -57.8782517, -23.2118055 ], [ -57.8770554, -23.211775 ], [ -57.8741534, -23.2118157 ], [ -57.8737104, -23.2117546 ], [ -57.873511, -23.2115918 ], [ -57.87214860000001, -23.2095863 ], [ -57.8701881, -23.2066952 ], [ -57.8699111, -23.2065628 ], [ -57.8694459, -23.2065832 ], [ -57.8649046, -23.2072551 ], [ -57.85979840000001, -23.2079575 ], [ -57.8596765, -23.2080695 ], [ -57.8596211, -23.2083036 ], [ -57.8595104, -23.208822799999989 ], [ -57.8581258, -23.2144421 ], [ -57.8578489, -23.2146457 ], [ -57.8573394, -23.2146661 ], [ -57.8512252, -23.2146864 ], [ -57.8501397, -23.2151038 ], [ -57.8495084, -23.2154295 ], [ -57.8472377, -23.2158876 ], [ -57.8468611, -23.2158571 ], [ -57.8463959, -23.2157146 ], [ -57.8455541, -23.2154804 ], [ -57.8453768, -23.2153379 ], [ -57.8449559, -23.2153583 ], [ -57.8445461, -23.2151852 ], [ -57.84434670000001, -23.215175 ], [ -57.8437486, -23.215399 ], [ -57.8427628, -23.2155415 ], [ -57.8422644, -23.215572 ], [ -57.8407247, -23.215796 ], [ -57.8384098, -23.2165086 ], [ -57.8369477, -23.2168038 ], [ -57.8356628, -23.2169768 ], [ -57.8346992, -23.2168241 ], [ -57.8336691, -23.2165289 ], [ -57.8331263, -23.2163864 ], [ -57.8323842, -23.2162439 ], [ -57.82970370000001, -23.2157858 ], [ -57.8284742, -23.215327699999989 ], [ -57.8279204, -23.2150936 ], [ -57.8259266, -23.2147577 ], [ -57.8248854, -23.214717 ], [ -57.8204216, -23.2149307 ], [ -57.819901, -23.2146559 ], [ -57.8177744, -23.2141774 ], [ -57.8171762, -23.213790599999989 ], [ -57.8159357, -23.2136175 ], [ -57.8151825, -23.2135463 ], [ -57.8144182, -23.2130984 ], [ -57.8094338, -23.2095965 ], [ -57.8072739, -23.208212 ], [ -57.8066869, -23.2079372 ], [ -57.8059669, -23.2064712 ], [ -57.8046156, -23.2047304 ], [ -57.8039621, -23.2032746 ], [ -57.8037073, -23.2024499 ], [ -57.8037848, -23.2017678 ], [ -57.8049368, -23.2009941 ], [ -57.80606610000001, -23.2003469 ], [ -57.8063853, -23.2001448 ], [ -57.8066173, -23.1999981 ] ] } },
{ "type": "Feature", "properties": { "osm_id": 498675741, "IBGE:CD_ADMINIS": null, "access": null, "admin_level": null, "aeroway": null, "alt_name": null, "amenity": null, "area": null, "barrier": null, "bicycle": null, "boundary": null, "bridge": null, "bridge:name": null, "covered": null, "destination": null, "destination:backward": null, "destination:forward": null, "destination:ref": null, "embankment": null, "fixme": null, "foot": null, "ford": null, "highway_x": "track", "horse": null, "ibgE:CD_ADMINIS": null, "incline": null, "junction": null, "lanes": null, "layer": null, "lit": null, "loc_name": null, "maxspeed": null, "motor_vehicle": null, "name": null, "network": null, "noexit": null, "noname": null, "official_name": null, "old_name": null, "old_ref": null, "old_source:name": null, "oneway": null, "proposed": null, "ref": null, "seamark:type": null, "service": null, "smoothness": null, "source": null, "source:name": null, "surface": null, "toll": null, "tracktype": null, "tunnel": null, "type": null, "width": null, "road_id": 4312, "highway_y": "track", "movement_segments": 1 }, "geometry": { "type": "LineString", "coordinates": [ [ -57.9579423, -23.2890445 ], [ -57.9564234, -23.2874675 ], [ -57.9551528, -23.2863494 ], [ -57.9495966, -23.281478 ], [ -57.9476945, -23.2797171 ] ] } },
{ "type": "Feature", "properties": { "osm_id": 498675743, "IBGE:CD_ADMINIS": null, "access": null, "admin_level": null, "aeroway": null, "alt_name": null, "amenity": null, "area": null, "barrier": null, "bicycle": null, "boundary": null, "bridge": null, "bridge:name": null, "covered": null, "destination": null, "destination:backward": null, "destination:forward": null, "destination:ref": null, "embankment": null, "fixme": null, "foot": null, "ford": null, "highway_x": "service", "horse": null, "ibgE:CD_ADMINIS": null, "incline": null, "junction": null, "lanes": null, "layer": null, "lit": null, "loc_name": null, "maxspeed": null, "motor_vehicle": null, "name": null, "network": null, "noexit": null, "noname": null, "official_name": null, "old_name": null, "old_ref": null, "old_source:name": null, "oneway": null, "proposed": null, "ref": null, "seamark:type": null, "service": null, "smoothness": null, "source": null, "source:name": null, "surface": null, "toll": null, "tracktype": null, "tunnel": null, "type": null, "width": null, "road_id": 4314, "highway_y": "service", "movement_segments": 28 }, "geometry": { "type": "LineString", "coordinates": [ [ -58.0063625, -23.3439563 ], [ -58.0218192, -23.3356734 ], [ -58.0224434, -23.3354414 ], [ -58.0248508, -23.3349638 ], [ -58.027704, -23.3305018 ], [ -58.0277662, -23.3304187 ], [ -58.0283876, -23.3295876 ], [ -58.0311368, -23.3271586 ], [ -58.031761, -23.3245386 ], [ -58.0329344, -23.319632 ], [ -58.0334254, -23.3175789 ], [ -58.0335591, -23.3169648 ], [ -58.0340049, -23.3166236 ], [ -58.0346885, -23.3165144 ], [ -58.0351789, -23.3165144 ], [ -58.0359219, -23.3166645 ], [ -58.0369622, -23.3166645 ], [ -58.0380767, -23.316569 ], [ -58.0426389, -23.3157775 ], [ -58.0432928, -23.3155864 ], [ -58.04595290000001, -23.3142899 ], [ -58.0484049, -23.3137031 ], [ -58.0492816, -23.3124612 ], [ -58.0500247, -23.3115059 ] ] } },
{ "type": "Feature", "properties": { "osm_id": 500226939, "IBGE:CD_ADMINIS": null, "access": null, "admin_level": null, "aeroway": null, "alt_name": null, "amenity": null, "area": null, "barrier": null, "bicycle": null, "boundary": null, "bridge": null, "bridge:name": null, "covered": null, "destination": null, "destination:backward": null, "destination:forward": null, "destination:ref": null, "embankment": null, "fixme": null, "foot": null, "ford": null, "highway_x": "unclassified", "horse": null, "ibgE:CD_ADMINIS": null, "incline": null, "junction": null, "lanes": null, "layer": null, "lit": null, "loc_name": null, "maxspeed": null, "motor_vehicle": null, "name": null, "network": null, "noexit": null, "noname": null, "official_name": null, "old_name": null, "old_ref": null, "old_source:name": null, "oneway": null, "proposed": null, "ref": null, "seamark:type": null, "service": null, "smoothness": null, "source": null, "source:name": null, "surface": "unpaved", "toll": null, "tracktype": null, "tunnel": null, "type": null, "width": null, "road_id": 4315, "highway_y": "unclassified", "movement_segments": 4 }, "geometry": { "type": "LineString", "coordinates": [ [ -57.8866556, -23.1328127 ], [ -57.8967398, -23.1328181 ], [ -57.9141022, -23.132771 ], [ -57.9298004, -23.1326874 ], [ -57.9468522, -23.1326791 ], [ -57.9471429, -23.1327793 ], [ -57.947261, -23.1329965 ], [ -57.9472519, -23.1335897 ], [ -57.9473791, -23.146279 ], [ -57.947479, -23.1464878 ], [ -57.9481513, -23.1474484 ], [ -57.9485146, -23.147958 ], [ -57.9491233, -23.1484425 ], [ -57.9498773, -23.1489269 ], [ -57.9502044, -23.1490773 ], [ -57.9504315, -23.1491942 ], [ -57.9505859, -23.1494783 ], [ -57.9508766, -23.149779 ], [ -57.9512673, -23.1500546 ], [ -57.9516307, -23.1502384 ], [ -57.95206670000001, -23.1503553 ], [ -57.9530569, -23.1503804 ], [ -57.9535293, -23.1503887 ], [ -57.9539926, -23.1504973 ], [ -57.954456, -23.150631 ], [ -57.9548193, -23.150656 ], [ -57.95501010000001, -23.1507062 ], [ -57.9553553, -23.1508231 ], [ -57.9557096, -23.1509818 ], [ -57.9560458, -23.1510987 ], [ -57.9564909, -23.1510987 ], [ -57.9571995, -23.1511656 ], [ -57.9583533, -23.151307599999988 ], [ -57.9587257, -23.1514162 ], [ -57.9589983, -23.15165 ], [ -57.9597069, -23.1524603 ], [ -57.9601611, -23.1528278 ], [ -57.9605336, -23.1530199 ], [ -57.9625594, -23.1537383 ], [ -57.9634588, -23.1540724 ], [ -57.9636859, -23.1542144 ], [ -57.9638403, -23.1544399 ], [ -57.964122, -23.1546988 ], [ -57.9645853, -23.1549244 ], [ -57.964876, -23.1550413 ], [ -57.9653756, -23.1551248 ], [ -57.9660388, -23.1552835 ], [ -57.9704448, -23.1566116 ], [ -57.9708627, -23.1569207 ], [ -57.9710353, -23.1571713 ], [ -57.9713351, -23.1574887 ], [ -57.9716713, -23.1576975 ], [ -57.9721164, -23.1581485 ], [ -57.9724162, -23.1585912 ], [ -57.9729704, -23.1593513 ], [ -57.9737153, -23.1602617 ], [ -57.9770584, -23.1645214 ], [ -57.9773037, -23.1646049 ], [ -57.9788663, -23.1646717 ], [ -57.979702, -23.1645631 ], [ -57.9813554, -23.1645548 ], [ -57.9877147, -23.1611303 ], [ -57.98819610000001, -23.1605874 ], [ -57.9887957, -23.1603285 ], [ -57.9912031, -23.1596186 ], [ -57.9914606, -23.1595882 ], [ -57.9918391, -23.1595434 ], [ -57.9940557, -23.1596353 ], [ -57.9946371, -23.1599192 ], [ -57.9992339, -23.1623665 ], [ -58.0001787, -23.1626254 ], [ -58.0010417, -23.1629679 ], [ -58.0013506, -23.1631349 ], [ -58.0018957, -23.1637613 ], [ -58.002568, -23.1646216 ], [ -58.0041487, -23.1670103 ], [ -58.0045847, -23.169566 ], [ -58.0047392, -23.1697831 ], [ -58.0051662, -23.170017 ], [ -58.0119433, -23.172581 ], [ -58.0123612, -23.1725142 ], [ -58.0128608, -23.1720298 ], [ -58.0131697, -23.171679 ], [ -58.0136148, -23.1716038 ], [ -58.0182116, -23.171512 ], [ -58.0185296, -23.1716205 ], [ -58.0187385, -23.1717458 ], [ -58.0188566, -23.1720214 ], [ -58.01922, -23.1728649 ], [ -58.019538, -23.173366 ], [ -58.019974, -23.1738922 ], [ -58.0210642, -23.1746772 ], [ -58.0214912, -23.1751867 ], [ -58.0218455, -23.1756711 ], [ -58.0220635, -23.1761805 ], [ -58.0239713, -23.180197499999988 ], [ -58.0241802, -23.1807403 ], [ -58.0246344, -23.1833041 ], [ -58.0249524, -23.1847572 ], [ -58.0252068, -23.1855839 ], [ -58.0256428, -23.1866278 ], [ -58.0258063, -23.1870203 ], [ -58.0261879, -23.1876299 ], [ -58.0263878, -23.1880558 ], [ -58.0271418, -23.1909785 ], [ -58.0273053, -23.1912373 ], [ -58.0276869, -23.1914879 ], [ -58.0322837, -23.1938343 ], [ -58.0355541, -23.1956797 ], [ -58.0369531, -23.1967152 ], [ -58.037934300000011, -23.1973832 ], [ -58.0381069, -23.1974416 ], [ -58.0388427, -23.1973581 ], [ -58.0390426, -23.1974834 ], [ -58.0391334, -23.1977756 ], [ -58.0410957, -23.202318 ], [ -58.0425947, -23.20585 ], [ -58.0426219, -23.2059501 ], [ -58.0361355, -23.2106926 ], [ -58.0350545, -23.2114775 ], [ -58.03486370000001, -23.2117112 ], [ -58.0339916, -23.2130555 ], [ -58.03361, -23.2135648 ], [ -58.0328469, -23.2145583 ], [ -58.0321565, -23.2158775 ], [ -58.031893, -23.2164786 ], [ -58.0316659, -23.2174888 ], [ -58.0285136, -23.2306376 ], [ -58.0230197, -23.2540318 ], [ -58.0229344, -23.2542558 ], [ -58.0208936, -23.2569988 ] ] } },
{ "type": "Feature", "properties": { "osm_id": 521592983, "IBGE:CD_ADMINIS": null, "access": null, "admin_level": null, "aeroway": null, "alt_name": null, "amenity": null, "area": null, "barrier": null, "bicycle": null, "boundary": null, "bridge": null, "bridge:name": null, "covered": null, "destination": null, "destination:backward": null, "destination:forward": null, "destination:ref": null, "embankment": null, "fixme": null, "foot": null, "ford": null, "highway_x": "track", "horse": null, "ibgE:CD_ADMINIS": null, "incline": null, "junction": null, "lanes": null, "layer": null, "lit": null, "loc_name": null, "maxspeed": null, "motor_vehicle": null, "name": null, "network": null, "noexit": null, "noname": null, "official_name": null, "old_name": null, "old_ref": null, "old_source:name": null, "oneway": null, "proposed": null, "ref": null, "seamark:type": null, "service": null, "smoothness": null, "source": null, "source:name": null, "surface": null, "toll": null, "tracktype": null, "tunnel": null, "type": null, "width": null, "road_id": 4317, "highway_y": "track", "movement_segments": 12 }, "geometry": { "type": "LineString", "coordinates": [ [ -58.1308258, -23.349479 ], [ -58.1299492, -23.3503279 ], [ -58.1267359, -23.3533778 ], [ -58.1232882, -23.35669 ], [ -58.1204351, -23.3593775 ], [ -58.1194631, -23.3603171 ], [ -58.1190743, -23.3605218 ], [ -58.1176277, -23.3611254 ], [ -58.1152492, -23.3619967 ], [ -58.1149747, -23.362023 ], [ -58.1105836, -23.3621017 ] ] } },
{ "type": "Feature", "properties": { "osm_id": 521592986, "IBGE:CD_ADMINIS": null, "access": null, "admin_level": null, "aeroway": null, "alt_name": null, "amenity": null, "area": null, "barrier": null, "bicycle": null, "boundary": null, "bridge": null, "bridge:name": null, "covered": null, "destination": null, "destination:backward": null, "destination:forward": null, "destination:ref": null, "embankment": null, "fixme": null, "foot": null, "ford": null, "highway_x": "service", "horse": null, "ibgE:CD_ADMINIS": null, "incline": null, "junction": null, "lanes": null, "layer": null, "lit": null, "loc_name": null, "maxspeed": null, "motor_vehicle": null, "name": null, "network": null, "noexit": null, "noname": null, "official_name": null, "old_name": null, "old_ref": null, "old_source:name": null, "oneway": null, "proposed": null, "ref": null, "seamark:type": null, "service": null, "smoothness": null, "source": null, "source:name": null, "surface": "unpaved", "toll": null, "tracktype": null, "tunnel": null, "type": null, "width": null, "road_id": 4318, "highway_y": "service", "movement_segments": 19 }, "geometry": { "type": "LineString", "coordinates": [ [ -58.17758760000001, -23.3060905 ], [ -58.1776081, -23.3052396 ], [ -58.177467900000011, -23.3050826 ], [ -58.1768936, -23.3049225 ], [ -58.1758031, -23.3043322 ], [ -58.17516040000001, -23.303936599999989 ], [ -58.1748664, -23.3038267 ], [ -58.1745963, -23.303811 ], [ -58.1736698, -23.3039429 ], [ -58.1718238, -23.3040873 ], [ -58.1708426, -23.3040622 ], [ -58.1698786, -23.3041124 ], [ -58.1682274, -23.3043605 ], [ -58.16753, -23.3044139 ], [ -58.1668052, -23.3044201 ], [ -58.1666138, -23.304574 ], [ -58.1661762, -23.3049727 ], [ -58.1658582, -23.3051297 ], [ -58.16526, -23.3055316 ], [ -58.1639814, -23.3059146 ], [ -58.1623986, -23.3063887 ], [ -58.1618243, -23.3066399 ], [ -58.1611542, -23.3075096 ], [ -58.1604944, -23.3080214 ], [ -58.1594654, -23.3091108 ], [ -58.15914750000001, -23.3096289 ], [ -58.158956, -23.3101846 ], [ -58.1589902, -23.310442 ], [ -58.1590722, -23.3109035 ], [ -58.159144, -23.311274 ], [ -58.1594073, -23.3116476 ], [ -58.1593389, -23.3118611 ], [ -58.1592261, -23.3120055 ], [ -58.1584056, -23.3123571 ], [ -58.1578347, -23.3125926 ], [ -58.1573903, -23.3126962 ], [ -58.1566279, -23.3131106 ], [ -58.1563305, -23.3133304 ] ] } },
{ "type": "Feature", "properties": { "osm_id": 521592987, "IBGE:CD_ADMINIS": null, "access": null, "admin_level": null, "aeroway": null, "alt_name": null, "amenity": null, "area": null, "barrier": null, "bicycle": null, "boundary": null, "bridge": "yes", "bridge:name": null, "covered": null, "destination": null, "destination:backward": null, "destination:forward": null, "destination:ref": null, "embankment": null, "fixme": null, "foot": null, "ford": null, "highway_x": "service", "horse": null, "ibgE:CD_ADMINIS": null, "incline": null, "junction": null, "lanes": null, "layer": "1", "lit": null, "loc_name": null, "maxspeed": null, "motor_vehicle": null, "name": null, "network": null, "noexit": null, "noname": null, "official_name": null, "old_name": null, "old_ref": null, "old_source:name": null, "oneway": null, "proposed": null, "ref": null, "seamark:type": null, "service": null, "smoothness": null, "source": null, "source:name": null, "surface": null, "toll": null, "tracktype": null, "tunnel": null, "type": null, "width": null, "road_id": 4319, "highway_y": "service", "movement_segments": 1 }, "geometry": { "type": "LineString", "coordinates": [ [ -58.1563305, -23.3133304 ], [ -58.1560878, -23.3135282 ] ] } },
{ "type": "Feature", "properties": { "osm_id": 521592988, "IBGE:CD_ADMINIS": null, "access": null, "admin_level": null, "aeroway": null, "alt_name": null, "amenity": null, "area": null, "barrier": null, "bicycle": null, "boundary": null, "bridge": null, "bridge:name": null, "covered": null, "destination": null, "destination:backward": null, "destination:forward": null, "destination:ref": null, "embankment": null, "fixme": null, "foot": null, "ford": null, "highway_x": "service", "horse": null, "ibgE:CD_ADMINIS": null, "incline": null, "junction": null, "lanes": null, "layer": null, "lit": null, "loc_name": null, "maxspeed": null, "motor_vehicle": null, "name": null, "network": null, "noexit": null, "noname": null, "official_name": null, "old_name": null, "old_ref": null, "old_source:name": null, "oneway": null, "proposed": null, "ref": null, "seamark:type": null, "service": null, "smoothness": null, "source": null, "source:name": null, "surface": "unpaved", "toll": null, "tracktype": null, "tunnel": null, "type": null, "width": null, "road_id": 4320, "highway_y": "service", "movement_segments": 5 }, "geometry": { "type": "LineString", "coordinates": [ [ -58.1578347, -23.3125926 ], [ -58.1572706, -23.3126271 ], [ -58.1567202, -23.3128406 ], [ -58.156269, -23.313029 ], [ -58.1560468, -23.3132519 ] ] } },
{ "type": "Feature", "properties": { "osm_id": 521592991, "IBGE:CD_ADMINIS": null, "access": null, "admin_level": null, "aeroway": null, "alt_name": null, "amenity": null, "area": null, "barrier": null, "bicycle": null, "boundary": null, "bridge": null, "bridge:name": null, "covered": null, "destination": null, "destination:backward": null, "destination:forward": null, "destination:ref": null, "embankment": null, "fixme": null, "foot": null, "ford": null, "highway_x": "service", "horse": null, "ibgE:CD_ADMINIS": null, "incline": null, "junction": null, "lanes": null, "layer": null, "lit": null, "loc_name": null, "maxspeed": null, "motor_vehicle": null, "name": null, "network": null, "noexit": null, "noname": null, "official_name": null, "old_name": null, "old_ref": null, "old_source:name": null, "oneway": null, "proposed": null, "ref": null, "seamark:type": null, "service": null, "smoothness": null, "source": null, "source:name": null, "surface": "unpaved", "toll": null, "tracktype": null, "tunnel": null, "type": null, "width": null, "road_id": 4323, "highway_y": "service", "movement_segments": 12 }, "geometry": { "type": "LineString", "coordinates": [ [ -58.1560878, -23.3135282 ], [ -58.1556365, -23.3138767 ], [ -58.1553664, -23.314222 ], [ -58.1550793, -23.3149064 ], [ -58.1547579, -23.315540599999988 ], [ -58.1543819, -23.316184199999988 ], [ -58.15418360000001, -23.3165421 ], [ -58.1540742, -23.31744 ], [ -58.1538912, -23.3191156 ], [ -58.1537769, -23.3202497 ], [ -58.153714, -23.3221661 ], [ -58.1537311, -23.323526 ], [ -58.1537311, -23.323904 ], [ -58.1536282, -23.324093099999988 ], [ -58.1532451, -23.3243871 ], [ -58.1528849, -23.3247756 ], [ -58.1518843, -23.3256944 ], [ -58.1513011, -23.326209 ], [ -58.1485509, -23.3282041 ], [ -58.1460009, -23.3301834 ], [ -58.1448859, -23.3310812 ], [ -58.1441712, -23.3315642 ], [ -58.1423816, -23.3324829 ], [ -58.1396486, -23.3338742 ], [ -58.1367726, -23.3352339 ], [ -58.1364581, -23.3352234 ], [ -58.135995, -23.3351394 ], [ -58.1350401, -23.3351184 ], [ -58.1340567, -23.3349714 ], [ -58.1334735, -23.3349452 ], [ -58.1320384, -23.3347142 ], [ -58.1303116, -23.3343309 ], [ -58.1293053, -23.3340107 ], [ -58.1282533, -23.3338164 ], [ -58.1279339, -23.3337771 ], [ -58.1277293, -23.333718399999988 ], [ -58.127546, -23.3337341 ], [ -58.1272648, -23.3339923 ], [ -58.1270432, -23.3343758 ], [ -58.1269366, -23.3348258 ], [ -58.1268258, -23.3355537 ], [ -58.1267235, -23.336215 ], [ -58.1263144, -23.3364615 ], [ -58.1255883, -23.3367405 ] ] } },
{ "type": "Feature", "properties": { "osm_id": 545545233, "IBGE:CD_ADMINIS": null, "access": null, "admin_level": null, "aeroway": null, "alt_name": null, "amenity": null, "area": null, "barrier": null, "bicycle": null, "boundary": null, "bridge": null, "bridge:name": null, "covered": null, "destination": null, "destination:backward": null, "destination:forward": null, "destination:ref": null, "embankment": null, "fixme": null, "foot": null, "ford": null, "highway_x": "service", "horse": null, "ibgE:CD_ADMINIS": null, "incline": null, "junction": null, "lanes": null, "layer": null, "lit": null, "loc_name": null, "maxspeed": null, "motor_vehicle": null, "name": null, "network": null, "noexit": null, "noname": null, "official_name": null, "old_name": null, "old_ref": null, "old_source:name": null, "oneway": null, "proposed": null, "ref": null, "seamark:type": null, "service": null, "smoothness": null, "source": null, "source:name": null, "surface": "unpaved", "toll": null, "tracktype": null, "tunnel": null, "type": null, "width": null, "road_id": 4324, "highway_y": "service", "movement_segments": 4 }, "geometry": { "type": "LineString", "coordinates": [ [ -58.1413382, -23.4099652 ], [ -58.14097, -23.4099284 ], [ -58.1407184, -23.4099405 ], [ -58.1406455, -23.410056 ], [ -58.140374, -23.4112107 ], [ -58.1404005, -23.411466 ], [ -58.1404998, -23.411934 ], [ -58.1405065, -23.4121892 ], [ -58.140427, -23.4123898 ], [ -58.1403409, -23.4126329 ], [ -58.1404336, -23.4129732 ], [ -58.1410429, -23.4148572 ], [ -58.1411025, -23.4152461 ], [ -58.14116210000001, -23.4155865 ], [ -58.1411422, -23.4163644 ], [ -58.1410826, -23.4170329 ], [ -58.1409568, -23.4171544 ], [ -58.1408243, -23.4172638 ], [ -58.1401488, -23.4174157 ], [ -58.1320426, -23.4191173 ], [ -58.129820100000011, -23.4195866 ], [ -58.1265458, -23.4202781 ], [ -58.1263736, -23.4202841 ], [ -58.1261484, -23.4201687 ], [ -58.1259762, -23.4199438 ], [ -58.1252676, -23.4183395 ], [ -58.1243073, -23.416097 ], [ -58.1241152, -23.4159146 ], [ -58.1239232, -23.4158721 ], [ -58.1236848, -23.4159025 ], [ -58.11765230000001, -23.4166336 ], [ -58.1142077, -23.4170511 ], [ -58.1117374, -23.417361 ], [ -58.1111877, -23.4172942 ], [ -58.1092075, -23.4169842 ], [ -58.1089757, -23.4170025 ], [ -58.1087103, -23.4170362 ], [ -58.1039557, -23.4176406 ], [ -58.0982867, -23.4183455 ], [ -58.0969356, -23.4185461 ], [ -58.096525, -23.4186008 ], [ -58.0963992, -23.4186008 ], [ -58.096227, -23.4183881 ], [ -58.093068, -23.4180599 ], [ -58.0883394, -23.4174826 ], [ -58.087995, -23.4174643 ], [ -58.0858558, -23.4175434 ], [ -58.0850545, -23.4176649 ], [ -58.0847565, -23.4177196 ], [ -58.0842605, -23.4177168 ], [ -58.0836704, -23.4177135 ], [ -58.0789749, -23.4176163 ], [ -58.0776834, -23.4176224 ], [ -58.0770675, -23.4176771 ], [ -58.0762794, -23.4176284 ], [ -58.0742065, -23.4176224 ], [ -58.0726237, -23.4175859 ], [ -58.0720674, -23.417513 ], [ -58.0683156, -23.4168935 ], [ -58.067246, -23.4167168 ], [ -58.0626035, -23.4159268 ], [ -58.06241150000001, -23.415945 ], [ -58.0603783, -23.4170329 ], [ -58.0567755, -23.4189229 ], [ -58.0558417, -23.4194455 ], [ -58.0520469, -23.4201687 ], [ -58.045199, -23.4214449 ], [ -58.0438365, -23.421394299999989 ], [ -58.042742, -23.4213537 ], [ -58.0366888, -23.4211349 ], [ -58.0341722, -23.4191173 ], [ -58.0332649, -23.4183699 ], [ -58.0329934, -23.4179688 ], [ -58.0301522, -23.4133135 ], [ -58.0300661, -23.4132285 ], [ -58.0276886, -23.4119036 ], [ -58.0275032, -23.4117881 ], [ -58.0266886, -23.4103234 ], [ -58.0251587, -23.4074852 ], [ -58.0250594, -23.4071995 ], [ -58.0249931, -23.4065371 ], [ -58.0248938, -23.4062757 ], [ -58.0235097, -23.4029694 ], [ -58.0233176, -23.4029511 ], [ -58.0188075, -23.4030727 ] ] } },
{ "type": "Feature", "properties": { "osm_id": 545547823, "IBGE:CD_ADMINIS": null, "access": null, "admin_level": null, "aeroway": null, "alt_name": null, "amenity": null, "area": null, "barrier": null, "bicycle": null, "boundary": null, "bridge": null, "bridge:name": null, "covered": null, "destination": null, "destination:backward": null, "destination:forward": null, "destination:ref": null, "embankment": null, "fixme": null, "foot": null, "ford": null, "highway_x": "service", "horse": null, "ibgE:CD_ADMINIS": null, "incline": null, "junction": null, "lanes": null, "layer": null, "lit": null, "loc_name": null, "maxspeed": null, "motor_vehicle": null, "name": null, "network": null, "noexit": null, "noname": null, "official_name": null, "old_name": null, "old_ref": null, "old_source:name": null, "oneway": null, "proposed": null, "ref": null, "seamark:type": null, "service": null, "smoothness": null, "source": null, "source:name": null, "surface": "unpaved", "toll": null, "tracktype": null, "tunnel": null, "type": null, "width": null, "road_id": 4332, "highway_y": "service", "movement_segments": 14 }, "geometry": { "type": "LineString", "coordinates": [ [ -58.1769011, -23.3918818 ], [ -58.1769158, -23.392034 ], [ -58.1769345, -23.3922284 ], [ -58.1768389, -23.393365 ], [ -58.1768294, -23.3944446 ], [ -58.1767098, -23.3959629 ], [ -58.1765903, -23.3981877 ], [ -58.1763847, -23.4012945 ], [ -58.1762269, -23.4015666 ], [ -58.175371, -23.4024486 ], [ -58.1751224, -23.4025056 ], [ -58.1746921, -23.4026153 ], [ -58.1708287, -23.4036202 ], [ -58.1696693, -23.4039192 ], [ -58.1651628, -23.4050814 ], [ -58.1641492, -23.4053797 ], [ -58.163518, -23.4053841 ], [ -58.1630973, -23.4054719 ], [ -58.1625713, -23.4052788 ], [ -58.1623227, -23.40527 ], [ -58.1618063, -23.405349 ], [ -58.1613425, -23.4053534 ], [ -58.1607688, -23.4055245 ], [ -58.1601424, -23.4056737 ], [ -58.1599033, -23.4057045 ], [ -58.159363, -23.4059984 ], [ -58.1592053, -23.4060599 ], [ -58.1553849, -23.4066698 ], [ -58.1503358, -23.4075167 ], [ -58.1479643, -23.4078677 ], [ -58.1477974, -23.4081185 ] ] } },
{ "type": "Feature", "properties": { "osm_id": 545547826, "IBGE:CD_ADMINIS": null, "access": null, "admin_level": null, "aeroway": null, "alt_name": null, "amenity": null, "area": null, "barrier": null, "bicycle": null, "boundary": null, "bridge": null, "bridge:name": null, "covered": null, "destination": null, "destination:backward": null, "destination:forward": null, "destination:ref": null, "embankment": null, "fixme": null, "foot": null, "ford": null, "highway_x": "service", "horse": null, "ibgE:CD_ADMINIS": null, "incline": null, "junction": null, "lanes": null, "layer": null, "lit": null, "loc_name": null, "maxspeed": null, "motor_vehicle": null, "name": null, "network": null, "noexit": null, "noname": null, "official_name": null, "old_name": null, "old_ref": null, "old_source:name": null, "oneway": null, "proposed": null, "ref": null, "seamark:type": null, "service": null, "smoothness": null, "source": null, "source:name": null, "surface": "unpaved", "toll": null, "tracktype": null, "tunnel": null, "type": null, "width": null, "road_id": 4333, "highway_y": "service", "movement_segments": 3 }, "geometry": { "type": "LineString", "coordinates": [ [ -58.1820741, -23.3952249 ], [ -58.1807578, -23.3966195 ], [ -58.1786244, -23.3987549 ], [ -58.1773472, -23.4001932 ], [ -58.1765049, -23.4012006 ], [ -58.1763847, -23.4012945 ] ] } },
{ "type": "Feature", "properties": { "osm_id": 545547829, "IBGE:CD_ADMINIS": null, "access": null, "admin_level": null, "aeroway": null, "alt_name": null, "amenity": null, "area": null, "barrier": null, "bicycle": null, "boundary": null, "bridge": null, "bridge:name": null, "covered": null, "destination": null, "destination:backward": null, "destination:forward": null, "destination:ref": null, "embankment": null, "fixme": null, "foot": null, "ford": null, "highway_x": "track", "horse": null, "ibgE:CD_ADMINIS": null, "incline": null, "junction": null, "lanes": null, "layer": null, "lit": null, "loc_name": null, "maxspeed": null, "motor_vehicle": null, "name": null, "network": null, "noexit": null, "noname": null, "official_name": null, "old_name": null, "old_ref": null, "old_source:name": null, "oneway": null, "proposed": null, "ref": null, "seamark:type": null, "service": null, "smoothness": null, "source": null, "source:name": null, "surface": null, "toll": null, "tracktype": null, "tunnel": null, "type": null, "width": null, "road_id": 4334, "highway_y": "track", "movement_segments": 15 }, "geometry": { "type": "LineString", "coordinates": [ [ -58.0530825, -23.3117365 ], [ -58.0536673, -23.3117211 ], [ -58.0538277, -23.3115914 ], [ -58.0538084, -23.3112674 ], [ -58.0538726, -23.3107078 ], [ -58.0541292, -23.3090641 ], [ -58.0540843, -23.3083454 ], [ -58.05407790000001, -23.3079624 ], [ -58.0542672, -23.3072792 ], [ -58.0544371, -23.3066663 ], [ -58.0549246, -23.3045925 ], [ -58.0546744, -23.3034672 ], [ -58.0540265, -23.3006334 ], [ -58.0532632, -23.2990072 ], [ -58.0532503, -23.2988776 ], [ -58.053276, -23.2986243 ], [ -58.0539111, -23.2963854 ], [ -58.0540907, -23.2958492 ], [ -58.0540971, -23.2956607 ], [ -58.0532696, -23.2930152 ], [ -58.0524485, -23.2909765 ], [ -58.0515967, -23.2889701 ], [ -58.0495589, -23.284631 ], [ -58.0493551, -23.2845374 ], [ -58.047095, -23.2836355 ], [ -58.0469513, -23.2832101 ], [ -58.0469858, -23.282740799999988 ], [ -58.0468891, -23.2825823 ], [ -58.0422855, -23.2803979 ], [ -58.0416766, -23.280109 ], [ -58.0332477, -23.2761129 ], [ -58.0309228, -23.2750161 ], [ -58.0280086, -23.2734992 ], [ -58.0269075, -23.2729261 ], [ -58.025781, -23.2724316 ], [ -58.0240863, -23.2720561 ], [ -58.020657, -23.2706275 ], [ -58.0167218, -23.268945 ], [ -58.0150665, -23.2682544 ], [ -58.0144587, -23.2679679 ], [ -58.0135151, -23.2676447 ], [ -58.0124995, -23.2671598 ], [ -58.0116438, -23.2669321 ], [ -58.0108042, -23.2668145 ], [ -58.0097166, -23.2666529 ], [ -58.00786930000001, -23.2663443 ], [ -58.0070057, -23.2661239 ], [ -58.0062682, -23.2659623 ], [ -58.00575820000001, -23.2656097 ], [ -58.0042948, -23.2648824 ], [ -58.0026714, -23.2644416 ], [ -58.0024715, -23.264471 ], [ -58.0007842, -23.2668072 ], [ -58.0004323, -23.2673508 ], [ -58.0003124, -23.2680046 ], [ -58.0001444, -23.2681369 ], [ -57.9972576, -23.2686732 ], [ -57.9880213, -23.2703187 ], [ -57.9770337, -23.2722802 ], [ -57.9685411, -23.2738082 ], [ -57.9627514, -23.2748954 ], [ -57.9605631, -23.2767196 ] ] } },
{ "type": "Feature", "properties": { "osm_id": 545547830, "IBGE:CD_ADMINIS": null, "access": null, "admin_level": null, "aeroway": null, "alt_name": null, "amenity": null, "area": null, "barrier": null, "bicycle": null, "boundary": null, "bridge": null, "bridge:name": null, "covered": null, "destination": null, "destination:backward": null, "destination:forward": null, "destination:ref": null, "embankment": null, "fixme": null, "foot": null, "ford": null, "highway_x": "track", "horse": null, "ibgE:CD_ADMINIS": null, "incline": null, "junction": null, "lanes": null, "layer": null, "lit": null, "loc_name": null, "maxspeed": null, "motor_vehicle": null, "name": null, "network": null, "noexit": null, "noname": null, "official_name": null, "old_name": null, "old_ref": null, "old_source:name": null, "oneway": null, "proposed": null, "ref": null, "seamark:type": null, "service": null, "smoothness": null, "source": null, "source:name": null, "surface": null, "toll": null, "tracktype": null, "tunnel": null, "type": null, "width": null, "road_id": 4335, "highway_y": "track", "movement_segments": 5 }, "geometry": { "type": "LineString", "coordinates": [ [ -58.0280086, -23.2734992 ], [ -58.0279945, -23.2741297 ], [ -58.0279425, -23.2742389 ], [ -58.0273035, -23.2745529 ], [ -58.0267462, -23.2749078 ], [ -58.0264787, -23.2750921 ], [ -58.0264118, -23.27529 ], [ -58.0264193, -23.2764231 ], [ -58.026397, -23.277208 ], [ -58.0264564, -23.2774264 ], [ -58.0264713, -23.2804774 ], [ -58.0268354, -23.2805525 ], [ -58.0273852, -23.2805525 ], [ -58.0406706, -23.280375 ], [ -58.0422855, -23.2803979 ] ] } },
{ "type": "Feature", "properties": { "osm_id": 545547831, "IBGE:CD_ADMINIS": null, "access": null, "admin_level": null, "aeroway": null, "alt_name": null, "amenity": null, "area": null, "barrier": null, "bicycle": null, "boundary": null, "bridge": null, "bridge:name": null, "covered": null, "destination": null, "destination:backward": null, "destination:forward": null, "destination:ref": null, "embankment": null, "fixme": null, "foot": null, "ford": null, "highway_x": "track", "horse": null, "ibgE:CD_ADMINIS": null, "incline": null, "junction": null, "lanes": null, "layer": null, "lit": null, "loc_name": null, "maxspeed": null, "motor_vehicle": null, "name": null, "network": null, "noexit": null, "noname": null, "official_name": null, "old_name": null, "old_ref": null, "old_source:name": null, "oneway": null, "proposed": null, "ref": null, "seamark:type": null, "service": null, "smoothness": null, "source": null, "source:name": null, "surface": null, "toll": null, "tracktype": null, "tunnel": null, "type": null, "width": null, "road_id": 4336, "highway_y": "track", "movement_segments": 16 }, "geometry": { "type": "LineString", "coordinates": [ [ -58.0542672, -23.3072792 ], [ -58.0548327, -23.3069366 ], [ -58.0621739, -23.3022484 ], [ -58.0640983, -23.3010679 ], [ -58.0647745, -23.3007881 ], [ -58.0659411, -23.300481 ], [ -58.0670184, -23.3002762 ], [ -58.0672859, -23.3001124 ], [ -58.0749243, -23.2948713 ], [ -58.0784611, -23.2924553 ], [ -58.0789144, -23.292509899999988 ], [ -58.0796128, -23.2918002 ], [ -58.0844054, -23.2870432 ], [ -58.0883286, -23.2831529 ], [ -58.0886406, -23.2828662 ], [ -58.0888561, -23.2828185 ], [ -58.0895323, -23.2828594 ], [ -58.0940722, -23.2828389 ], [ -58.1058789, -23.2828185 ], [ -58.1083161, -23.2828389 ], [ -58.1086579, -23.282914 ], [ -58.1087768, -23.2830437 ], [ -58.1094009, -23.2845862 ], [ -58.1109687, -23.288688 ], [ -58.1131012, -23.2942229 ], [ -58.1148548, -23.2985974 ], [ -58.1152634, -23.2996143 ], [ -58.11549380000001, -23.3004264 ], [ -58.115895, -23.3022689 ], [ -58.1160287, -23.3030059 ], [ -58.1160139, -23.303934 ], [ -58.1158578, -23.3048894 ], [ -58.1153303, -23.3062883 ], [ -58.1139483, -23.3096798 ], [ -58.1120833, -23.3139174 ], [ -58.1120684, -23.3142312 ], [ -58.1121798, -23.3148727 ], [ -58.1123507, -23.3160463 ], [ -58.1125068, -23.3165376 ], [ -58.1126925, -23.316872 ], [ -58.1128857, -23.3170698 ], [ -58.113287, -23.3173087 ], [ -58.1140671, -23.3175748 ], [ -58.1144312, -23.317643 ], [ -58.1145185, -23.3176702 ], [ -58.1145329, -23.3177799 ], [ -58.1144803, -23.3179951 ], [ -58.1145042, -23.3180653 ], [ -58.1148867, -23.3184693 ], [ -58.115011, -23.3189786 ], [ -58.1149297, -23.3191718 ], [ -58.1141886, -23.3199841 ], [ -58.1134116, -23.3208155 ], [ -58.1132197, -23.3209037 ], [ -58.1128279, -23.321403 ], [ -58.1127079, -23.3217335 ], [ -58.1112845, -23.3232462 ], [ -58.1106447, -23.3242669 ], [ -58.1094692, -23.3262055 ], [ -58.1086174, -23.3271432 ] ] } },
{ "type": "Feature", "properties": { "osm_id": 545547832, "IBGE:CD_ADMINIS": null, "access": null, "admin_level": null, "aeroway": null, "alt_name": null, "amenity": null, "area": null, "barrier": null, "bicycle": null, "boundary": null, "bridge": null, "bridge:name": null, "covered": null, "destination": null, "destination:backward": null, "destination:forward": null, "destination:ref": null, "embankment": null, "fixme": null, "foot": null, "ford": null, "highway_x": "track", "horse": null, "ibgE:CD_ADMINIS": null, "incline": null, "junction": null, "lanes": null, "layer": null, "lit": null, "loc_name": null, "maxspeed": null, "motor_vehicle": null, "name": null, "network": null, "noexit": null, "noname": null, "official_name": null, "old_name": null, "old_ref": null, "old_source:name": null, "oneway": null, "proposed": null, "ref": null, "seamark:type": null, "service": null, "smoothness": null, "source": null, "source:name": null, "surface": null, "toll": null, "tracktype": null, "tunnel": null, "type": null, "width": null, "road_id": 4337, "highway_y": "track", "movement_segments": 8 }, "geometry": { "type": "LineString", "coordinates": [ [ -58.0886406, -23.2828662 ], [ -58.0889303, -23.2798839 ], [ -58.0894553, -23.2741284 ], [ -58.0900954, -23.2671354 ], [ -58.0904103, -23.2635271 ], [ -58.0905258, -23.2630733 ] ] } },
{ "type": "Feature", "properties": { "osm_id": 545547833, "IBGE:CD_ADMINIS": null, "access": null, "admin_level": null, "aeroway": null, "alt_name": null, "amenity": null, "area": null, "barrier": null, "bicycle": null, "boundary": null, "bridge": null, "bridge:name": null, "covered": null, "destination": null, "destination:backward": null, "destination:forward": null, "destination:ref": null, "embankment": null, "fixme": null, "foot": null, "ford": null, "highway_x": "track", "horse": null, "ibgE:CD_ADMINIS": null, "incline": null, "junction": null, "lanes": null, "layer": null, "lit": null, "loc_name": null, "maxspeed": null, "motor_vehicle": null, "name": null, "network": null, "noexit": null, "noname": null, "official_name": null, "old_name": null, "old_ref": null, "old_source:name": null, "oneway": null, "proposed": null, "ref": null, "seamark:type": null, "service": null, "smoothness": null, "source": null, "source:name": null, "surface": null, "toll": null, "tracktype": null, "tunnel": null, "type": null, "width": null, "road_id": 4338, "highway_y": "track", "movement_segments": 6 }, "geometry": { "type": "LineString", "coordinates": [ [ -58.0329344, -23.319632 ], [ -58.0325812, -23.3196222 ], [ -58.0201018, -23.3196855 ], [ -58.0162117, -23.3197171 ] ] } },
{ "type": "Feature", "properties": { "osm_id": 545547834, "IBGE:CD_ADMINIS": null, "access": null, "admin_level": null, "aeroway": null, "alt_name": null, "amenity": null, "area": null, "barrier": null, "bicycle": null, "boundary": null, "bridge": null, "bridge:name": null, "covered": null, "destination": null, "destination:backward": null, "destination:forward": null, "destination:ref": null, "embankment": null, "fixme": null, "foot": null, "ford": null, "highway_x": "track", "horse": null, "ibgE:CD_ADMINIS": null, "incline": null, "junction": null, "lanes": null, "layer": null, "lit": null, "loc_name": null, "maxspeed": null, "motor_vehicle": null, "name": null, "network": null, "noexit": null, "noname": null, "official_name": null, "old_name": null, "old_ref": null, "old_source:name": null, "oneway": null, "proposed": null, "ref": null, "seamark:type": null, "service": null, "smoothness": null, "source": null, "source:name": null, "surface": null, "toll": null, "tracktype": null, "tunnel": null, "type": null, "width": null, "road_id": 4339, "highway_y": "track", "movement_segments": 1 }, "geometry": { "type": "LineString", "coordinates": [ [ -58.0277662, -23.3304187 ], [ -58.0275816, -23.3303692 ], [ -58.0267174, -23.3304623 ], [ -58.0177409, -23.331540499999988 ], [ -58.0167634, -23.3316281 ], [ -58.01637, -23.3316226 ], [ -58.0161555, -23.3316062 ], [ -58.0161435, -23.3311793 ], [ -58.0161674, -23.3256842 ], [ -58.0161376, -23.3211139 ], [ -58.016078, -23.3197182 ], [ -58.0162117, -23.3197171 ] ] } },
{ "type": "Feature", "properties": { "osm_id": 551898243, "IBGE:CD_ADMINIS": null, "access": null, "admin_level": null, "aeroway": null, "alt_name": null, "amenity": null, "area": null, "barrier": null, "bicycle": null, "boundary": null, "bridge": null, "bridge:name": null, "covered": null, "destination": null, "destination:backward": null, "destination:forward": null, "destination:ref": null, "embankment": null, "fixme": null, "foot": null, "ford": null, "highway_x": "track", "horse": null, "ibgE:CD_ADMINIS": null, "incline": null, "junction": null, "lanes": null, "layer": null, "lit": null, "loc_name": null, "maxspeed": null, "motor_vehicle": null, "name": null, "network": null, "noexit": null, "noname": null, "official_name": null, "old_name": null, "old_ref": null, "old_source:name": null, "oneway": null, "proposed": null, "ref": null, "seamark:type": null, "service": null, "smoothness": null, "source": null, "source:name": null, "surface": null, "toll": null, "tracktype": null, "tunnel": null, "type": null, "width": null, "road_id": 4343, "highway_y": "track", "movement_segments": 3 }, "geometry": { "type": "LineString", "coordinates": [ [ -58.1696693, -23.4039192 ], [ -58.1698296, -23.4041601 ], [ -58.1699061, -23.4051729 ], [ -58.1694596, -23.4052695 ], [ -58.1699462, -23.4080467 ], [ -58.1706445, -23.4116413 ] ] } },
{ "type": "Feature", "properties": { "osm_id": 1008619206, "IBGE:CD_ADMINIS": null, "access": null, "admin_level": null, "aeroway": null, "alt_name": null, "amenity": null, "area": null, "barrier": null, "bicycle": null, "boundary": null, "bridge": null, "bridge:name": null, "covered": null, "destination": null, "destination:backward": null, "destination:forward": null, "destination:ref": null, "embankment": null, "fixme": null, "foot": null, "ford": null, "highway_x": "unclassified", "horse": null, "ibgE:CD_ADMINIS": null, "incline": null, "junction": null, "lanes": null, "layer": null, "lit": null, "loc_name": null, "maxspeed": null, "motor_vehicle": null, "name": null, "network": null, "noexit": null, "noname": null, "official_name": null, "old_name": null, "old_ref": null, "old_source:name": null, "oneway": null, "proposed": null, "ref": null, "seamark:type": null, "service": null, "smoothness": null, "source": null, "source:name": null, "surface": "unpaved", "toll": null, "tracktype": null, "tunnel": null, "type": null, "width": null, "road_id": 4346, "highway_y": "unclassified", "movement_segments": 19 }, "geometry": { "type": "LineString", "coordinates": [ [ -58.0206817, -23.257282199999988 ], [ -58.0195826, -23.2588358 ], [ -58.019351, -23.2589925 ], [ -58.0077356, -23.2590149 ], [ -58.0069312, -23.2587462 ], [ -58.006468, -23.2586902 ], [ -58.0063096, -23.2587798 ], [ -58.0062365, -23.2589813 ], [ -58.006273, -23.2592725 ], [ -58.0062682, -23.2659623 ], [ -58.0062608, -23.2764486 ], [ -58.0063096, -23.299913899999989 ], [ -58.0063096, -23.3250427 ], [ -58.0063625, -23.3439563 ] ] } }
]
}
